Marital status,Application mode,Application order,Course,Daytime/evening attendance	,Previous qualification,Previous qualification (grade),Nacionality,Mother's qualification,Father's qualification,Mother's occupation,Father's occupation,Admission grade,Displaced,Educational special needs,Debtor,Tuition fees up to date,Gender,Scholarship holder,Age at enrollment,International,Curricular units 1st sem (credited),Curricular units 1st sem (enrolled),Curricular units 1st sem (evaluations),Curricular units 1st sem (approved),Curricular units 1st sem (grade),Curricular units 1st sem (without evaluations),Curricular units 2nd sem (credited),Curricular units 2nd sem (enrolled),Curricular units 2nd sem (evaluations),Curricular units 2nd sem (approved),Curricular units 2nd sem (grade),Curricular units 2nd sem (without evaluations),Unemployment rate,Inflation rate,GDP,Average_grade,Total_approved,Grade_improvement,Total_enrolled,Approval_rate
1,43,1,9238,1,39,120.0,1,2,1,1,2,118.6,0,0,0,1,1,0,21,0,9,11,14,10,12.4,0,6,10,13,10,11.8,0,13.9,-0.3,0.79,12.100000000000001,20,-0.5999999999999996,21,0.9523809523809523
1,39,1,9130,1,1,133.1,1,1,1,90,1,120.0,1,0,1,0,1,0,41,0,0,5,5,0,0.0,1,0,5,5,0,0.0,5,12.7,3.7,-1.7,0.0,0,0.0,10,0.0
1,44,1,9003,1,39,140.0,1,1,38,9,6,140.0,0,0,0,1,1,0,21,0,0,6,13,4,11.75,0,0,6,15,4,10.5,0,15.5,2.8,-4.06,11.125,8,-1.25,12,0.6666666666666666
1,16,1,9070,1,1,125.0,1,1,1,4,4,120.8,1,0,0,1,0,0,18,0,0,6,6,6,14.5,0,0,6,6,6,12.833333333333334,0,12.4,0.5,1.79,13.666666666666668,12,-1.666666666666666,12,1.0
1,17,1,9500,1,1,142.0,1,37,37,5,5,131.3,1,0,0,1,0,0,19,0,0,8,8,7,14.731428571428571,0,0,8,8,7,14.731428571428571,0,10.8,1.4,1.74,14.731428571428571,14,0.0,16,0.875
1,17,1,9238,1,1,126.0,1,37,19,9,8,116.9,1,0,0,1,0,0,21,0,0,6,11,6,10.375,0,0,6,12,3,11.666666666666666,0,12.7,3.7,-1.7,11.020833333333332,9,1.291666666666666,12,0.75
1,1,3,9670,1,1,134.0,1,14,11,0,0,128.4,1,0,0,0,1,0,19,0,0,5,5,0,0.0,0,0,4,4,0,0.0,0,7.6,2.6,0.32,0.0,0,0.0,9,0.0
1,18,4,9853,1,1,118.0,1,19,37,9,6,111.4,1,0,1,0,0,0,20,0,0,7,9,0,0.0,0,0,6,6,0,0.0,0,11.1,0.6,2.02,0.0,0,0.0,13,0.0
1,1,1,9238,1,1,133.1,1,19,37,0,0,137.0,1,0,0,1,0,0,19,0,0,6,10,0,0.0,4,0,6,0,0,0.0,0,7.6,2.6,0.32,0.0,0,0.0,12,0.0
1,17,2,9254,1,1,140.0,1,3,3,2,2,124.3,0,0,0,0,1,0,18,0,0,6,9,5,11.2,0,0,6,14,2,10.0,0,9.4,-0.8,-3.12,10.6,7,-1.1999999999999993,12,0.5833333333333334
1,1,2,9500,1,1,145.0,1,4,2,2,3,127.3,1,0,0,1,1,0,18,0,0,8,8,7,11.69,0,0,8,8,7,11.69,0,10.8,1.4,1.74,11.69,14,0.0,16,0.875
1,17,1,9254,1,1,136.0,1,37,37,7,7,121.7,1,0,0,1,0,0,20,0,0,6,13,3,10.333333333333334,0,0,6,12,3,10.333333333333334,0,10.8,1.4,1.74,10.333333333333334,6,0.0,12,0.5
1,1,1,9500,1,1,129.0,1,38,38,5,5,120.8,1,0,0,1,0,1,20,0,0,8,8,7,12.744285714285716,0,0,8,8,7,12.744285714285716,0,10.8,1.4,1.74,12.744285714285716,14,0.0,16,0.875
1,1,1,9238,1,1,117.0,1,19,19,9,9,111.8,1,0,0,1,1,0,19,0,0,6,9,4,11.5,0,0,6,12,3,11.0,0,8.9,1.4,3.51,11.25,7,-0.5,12,0.5833333333333334
1,17,1,9130,1,1,130.0,1,1,1,4,5,123.8,0,0,0,1,0,0,18,0,0,5,7,4,12.0,0,0,5,6,5,12.0,0,7.6,2.6,0.32,12.0,9,0.0,10,0.9
1,53,1,9003,1,1,130.0,1,19,1,9,9,130.0,0,0,1,1,1,0,21,0,7,12,20,10,11.8,0,5,12,15,9,11.444444444444445,0,8.9,1.4,3.51,11.622222222222224,19,-0.35555555555555607,24,0.7916666666666666
1,1,1,9500,1,1,127.0,1,3,1,2,8,121.4,0,0,0,1,1,0,20,0,0,7,10,5,13.976666666666668,0,0,8,9,8,13.22222222222222,0,12.4,0.5,1.79,13.599444444444444,13,-0.7544444444444487,15,0.8666666666666667
1,17,2,9254,1,1,107.0,1,12,19,5,5,102.8,1,0,0,1,0,0,20,0,0,6,16,1,10.0,0,0,6,12,0,0.0,0,10.8,1.4,1.74,5.0,1,-10.0,12,0.08333333333333333
1,1,1,9853,1,1,160.0,1,1,37,9,9,146.0,1,0,0,1,0,0,19,0,0,6,11,3,10.333333333333334,0,0,6,10,5,11.8,0,9.4,-0.8,-3.12,11.066666666666666,8,1.4666666666666668,12,0.6666666666666666
1,43,1,9773,1,1,121.0,1,1,3,9,3,123.8,0,0,0,0,1,0,22,0,0,4,4,0,0.0,4,0,5,8,3,12.0,0,10.8,1.4,1.74,6.0,3,12.0,9,0.3333333333333333
1,39,1,9119,1,19,133.1,1,1,19,4,5,100.0,0,0,0,1,1,0,25,0,0,5,13,1,11.0,0,0,5,11,1,10.0,0,13.9,-0.3,0.79,10.5,2,-1.0,10,0.2
1,5,2,9853,1,1,124.0,1,19,19,3,3,113.9,1,0,0,1,0,1,19,0,0,6,8,6,12.666666666666666,0,0,6,7,6,12.0,0,12.7,3.7,-1.7,12.333333333333332,12,-0.6666666666666661,12,1.0
1,44,1,9238,1,39,140.0,1,37,19,191,102,136.1,1,0,1,1,0,0,21,0,3,6,8,3,12.0,0,2,6,6,2,12.5,0,12.4,0.5,1.79,12.25,5,0.5,12,0.4166666666666667
1,1,2,9500,1,1,139.0,1,38,37,9,7,125.0,1,0,0,1,0,1,19,0,0,7,7,6,12.9,0,0,7,7,6,12.9,0,7.6,2.6,0.32,12.9,12,0.0,14,0.8571428571428571
1,1,5,9147,1,1,134.0,1,3,2,2,2,134.7,0,0,0,1,1,0,22,0,1,5,10,4,11.75,0,0,5,10,3,11.0,0,7.6,2.6,0.32,11.375,7,-0.75,10,0.7
1,1,1,9773,1,1,164.0,1,19,1,9,9,161.2,0,0,0,1,1,1,18,0,0,6,7,6,15.571428571428571,0,0,6,7,6,16.142857142857142,0,13.9,-0.3,0.79,15.857142857142858,12,0.5714285714285712,12,1.0
1,15,1,9238,1,1,140.0,26,19,19,9,6,140.0,0,0,0,1,1,0,21,1,0,6,7,6,12.333333333333334,0,0,6,7,6,13.428571428571429,0,11.1,0.6,2.02,12.880952380952381,12,1.095238095238095,12,1.0
1,16,2,9070,1,1,137.0,1,1,1,3,1,141.2,1,0,1,1,1,0,19,0,0,6,11,5,11.2,0,0,6,7,6,12.0,0,9.4,-0.8,-3.12,11.6,11,0.8000000000000007,12,0.9166666666666666
1,7,1,9003,1,3,130.0,1,3,3,6,2,130.0,1,0,0,1,1,0,29,0,1,6,10,6,17.11111111111111,0,2,6,9,6,15.571428571428571,0,13.9,-0.3,0.79,16.341269841269842,12,-1.5396825396825395,12,1.0
1,1,1,9003,1,1,148.0,1,1,19,194,194,143.5,0,0,1,1,1,0,18,0,0,6,6,5,15.0,0,0,6,8,4,14.5,0,8.9,1.4,3.51,14.75,9,-0.5,12,0.75
2,1,1,9991,0,1,144.0,1,19,19,9,9,151.4,0,0,0,1,0,0,28,0,0,5,5,5,12.0,0,0,5,6,5,11.6,0,7.6,2.6,0.32,11.8,10,-0.40000000000000036,10,1.0
1,44,1,9238,1,1,120.0,1,37,37,6,9,121.0,0,0,0,1,0,1,21,0,3,6,6,6,12.333333333333334,0,2,6,8,6,11.333333333333334,0,13.9,-0.3,0.79,11.833333333333334,12,-1.0,12,1.0
1,17,1,9500,1,1,137.0,1,38,37,7,5,131.0,1,0,0,1,0,1,18,0,0,8,8,8,13.73125,0,0,8,8,8,13.73125,0,9.4,-0.8,-3.12,13.73125,16,0.0,16,1.0
1,1,4,9500,1,1,129.0,1,37,37,9,9,117.1,1,0,0,1,0,0,30,0,0,7,7,7,14.692857142857145,0,0,8,8,8,14.9625,0,12.4,0.5,1.79,14.827678571428573,15,0.2696428571428555,15,1.0
1,39,1,9003,1,1,140.0,1,37,37,9,4,140.0,0,0,0,1,1,0,35,0,0,6,16,4,12.0,0,0,6,11,3,10.333333333333334,0,13.9,-0.3,0.79,11.166666666666668,7,-1.666666666666666,12,0.5833333333333334
1,1,3,9070,1,1,146.0,1,34,34,0,0,143.6,1,0,0,1,0,0,18,0,0,6,6,6,12.5,0,0,6,6,6,13.0,0,7.6,2.6,0.32,12.75,12,0.5,12,1.0
1,51,1,9119,1,1,129.0,1,2,37,2,9,121.6,1,0,0,1,1,0,19,0,0,5,10,0,0.0,0,0,5,7,1,10.0,0,7.6,2.6,0.32,5.0,1,10.0,10,0.1
1,17,1,9147,1,1,118.0,1,19,19,9,9,122.2,0,0,0,1,0,0,19,0,0,5,11,3,10.666666666666666,0,0,5,9,4,10.25,0,11.1,0.6,2.02,10.458333333333332,7,-0.4166666666666661,10,0.7
1,1,2,9773,1,1,140.0,1,1,1,4,3,131.6,0,0,0,1,1,1,18,0,0,6,6,6,12.666666666666666,0,0,6,6,6,11.5,0,16.2,0.3,-0.92,12.083333333333332,12,-1.166666666666666,12,1.0
1,10,1,9085,1,1,140.0,1,19,19,4,5,140.0,1,0,0,1,0,0,21,0,0,5,6,5,14.2,0,0,5,5,5,14.8,0,10.8,1.4,1.74,14.5,10,0.6000000000000014,10,1.0
1,1,1,9130,1,1,126.0,1,19,1,9,9,122.5,1,0,0,0,0,0,25,0,0,5,14,4,13.5,2,0,5,10,4,14.25,0,9.4,-0.8,-3.12,13.875,8,0.75,10,0.8
1,7,1,9556,1,3,140.0,1,3,3,2,2,140.0,0,0,1,0,1,0,38,0,0,7,8,3,12.666666666666666,0,0,5,5,0,0.0,0,13.9,-0.3,0.79,6.333333333333333,3,-12.666666666666666,12,0.25
1,17,1,9556,1,1,133.0,1,38,37,9,9,124.4,1,0,0,1,0,1,18,0,0,7,7,7,13.3,0,0,8,8,8,15.125,0,15.5,2.8,-4.06,14.2125,15,1.8249999999999993,15,1.0
1,1,2,9500,1,1,133.1,1,37,37,9,9,99.0,1,0,0,1,1,0,22,0,0,7,9,6,12.833333333333334,0,0,8,12,6,12.5,0,16.2,0.3,-0.92,12.666666666666668,12,-0.3333333333333339,15,0.8
1,1,1,9773,1,1,125.0,1,3,19,2,3,125.7,1,0,0,1,0,0,19,0,0,6,6,6,13.0,0,0,6,7,6,11.666666666666666,0,8.9,1.4,3.51,12.333333333333332,12,-1.333333333333334,12,1.0
1,1,2,9500,1,1,134.0,1,19,19,9,9,125.8,1,0,0,1,0,0,18,0,0,7,8,7,14.91875,0,0,8,8,8,15.355,0,15.5,2.8,-4.06,15.136875,15,0.43625000000000114,15,1.0
2,1,1,9991,0,1,120.0,1,37,19,9,9,135.0,1,0,0,1,1,0,32,0,0,5,5,5,14.8,0,0,5,5,5,14.2,0,7.6,2.6,0.32,14.5,10,-0.6000000000000014,10,1.0
1,1,2,9119,1,1,126.0,1,1,38,141,192,122.5,1,0,0,1,1,0,20,0,0,5,7,5,10.8,0,0,5,9,3,12.0,0,8.9,1.4,3.51,11.4,8,1.1999999999999993,10,0.8
1,39,2,9556,1,1,133.1,1,3,1,2,4,136.1,0,0,0,1,1,0,26,0,0,7,7,2,11.75,0,0,5,10,0,0.0,0,12.4,0.5,1.79,5.875,2,-11.75,12,0.16666666666666666
1,39,1,8014,0,1,140.0,1,19,1,9,8,105.0,0,0,0,1,0,0,26,0,0,6,14,3,10.666666666666666,1,0,6,9,5,11.2,0,15.5,2.8,-4.06,10.933333333333334,8,0.5333333333333332,12,0.6666666666666666
1,17,1,9670,1,1,123.0,1,37,38,3,3,122.0,0,0,1,1,1,0,19,0,0,6,7,6,13.166666666666666,0,0,6,9,5,13.2,0,8.9,1.4,3.51,13.183333333333334,11,0.033333333333333215,12,0.9166666666666666
1,17,2,9254,1,1,141.0,1,1,4,4,4,127.7,0,0,0,1,0,1,18,0,0,6,7,6,11.285714285714286,0,0,6,9,4,13.5,0,16.2,0.3,-0.92,12.392857142857142,10,2.2142857142857135,12,0.8333333333333334
1,17,1,9147,1,1,139.0,1,38,38,7,5,133.4,0,0,0,1,0,0,18,0,0,5,9,1,11.0,1,0,5,10,0,0.0,0,9.4,-0.8,-3.12,5.5,1,-11.0,10,0.1
1,1,1,9853,1,1,115.0,1,19,38,9,9,108.0,0,0,0,1,0,1,19,0,0,7,10,6,13.0,0,0,7,7,7,13.285714285714286,0,12.4,0.5,1.79,13.142857142857142,13,0.2857142857142865,14,0.9285714285714286
1,17,1,9254,1,1,118.0,1,1,19,5,4,118.0,0,0,0,1,0,1,19,0,0,6,7,5,11.0,0,0,6,7,5,12.8,0,12.4,0.5,1.79,11.9,10,1.8000000000000007,12,0.8333333333333334
1,43,1,9070,1,39,130.0,1,19,37,5,9,124.0,1,0,0,1,0,1,21,0,4,12,12,12,13.333333333333334,0,5,12,12,11,12.545454545454543,0,15.5,2.8,-4.06,12.939393939393938,23,-0.7878787878787907,24,0.9583333333333334
4,39,1,8014,0,1,133.1,1,37,37,9,7,140.0,0,0,0,1,0,1,43,0,0,6,6,0,0.0,0,0,5,5,0,0.0,0,8.9,1.4,3.51,0.0,0,0.0,11,0.0
1,1,1,8014,0,1,100.0,1,38,19,6,10,112.8,0,0,0,1,0,1,23,0,0,6,6,6,14.166666666666666,0,0,6,6,6,12.5,0,12.7,3.7,-1.7,13.333333333333332,12,-1.666666666666666,12,1.0
1,44,1,9070,1,39,100.0,1,1,38,4,6,104.8,0,0,1,0,0,0,22,0,2,7,9,5,11.6,0,5,9,9,5,10.0,0,12.4,0.5,1.79,10.8,10,-1.5999999999999996,16,0.625
1,1,1,171,1,1,140.0,1,19,19,1,1,129.5,1,0,0,1,1,0,20,0,0,0,0,0,0.0,0,0,0,0,0,0.0,0,10.8,1.4,1.74,0.0,0,0.0,0,0.0
1,43,1,9991,0,1,136.0,1,3,4,2,2,133.9,0,0,0,0,1,0,26,0,8,12,12,8,11.25,0,3,8,8,3,11.333333333333334,0,7.6,2.6,0.32,11.291666666666668,11,0.08333333333333393,20,0.55
1,1,1,171,1,1,147.0,1,37,19,7,7,134.4,1,0,0,1,1,1,18,0,0,0,0,0,0.0,0,0,0,0,0,0.0,0,10.8,1.4,1.74,0.0,0,0.0,0,0.0
1,44,1,9003,1,39,130.0,1,1,1,3,10,130.0,0,0,0,1,1,0,22,0,4,10,21,5,11.4,1,2,7,13,6,11.666666666666666,0,15.5,2.8,-4.06,11.533333333333333,11,0.2666666666666657,17,0.6470588235294118
1,1,2,9500,1,1,138.0,1,3,3,2,2,127.5,1,0,0,1,0,1,18,0,0,7,7,7,14.485714285714286,0,0,8,9,8,14.58888888888889,0,16.2,0.3,-0.92,14.537301587301588,15,0.10317460317460458,15,1.0
1,7,1,9085,1,3,130.0,1,1,19,9,10,130.0,0,0,0,1,0,0,34,0,0,6,0,0,0.0,0,0,6,0,0,0.0,0,15.5,2.8,-4.06,0.0,0,0.0,12,0.0
1,1,1,9773,1,1,134.0,1,1,38,4,5,122.8,0,0,0,1,1,0,18,0,0,6,6,6,12.0,0,0,6,6,6,12.5,0,12.7,3.7,-1.7,12.25,12,0.5,12,1.0
1,1,4,9238,1,1,130.0,1,1,19,4,5,124.8,1,0,0,1,0,0,19,0,0,6,6,6,13.0,0,0,6,8,5,13.4,0,8.9,1.4,3.51,13.2,11,0.40000000000000036,12,0.9166666666666666
2,39,1,8014,0,1,133.1,1,37,19,9,9,114.0,0,0,0,1,0,0,44,0,2,8,11,8,11.875,0,0,6,7,6,12.333333333333334,0,12.7,3.7,-1.7,12.104166666666668,14,0.4583333333333339,14,1.0
1,39,1,9238,1,19,133.1,1,37,37,9,9,139.0,0,0,1,0,1,0,33,0,0,6,8,0,0.0,0,0,5,6,0,0.0,0,16.2,0.3,-0.92,0.0,0,0.0,11,0.0
1,18,1,9238,1,1,147.0,1,38,34,4,0,130.2,0,0,0,1,0,0,18,0,0,1,1,0,0.0,1,0,6,0,0,0.0,0,10.8,1.4,1.74,0.0,0,0.0,7,0.0
1,7,1,9070,1,3,120.0,1,4,4,2,2,120.0,0,0,0,1,1,0,28,0,0,6,9,2,12.0,0,0,6,10,3,12.666666666666666,0,12.7,3.7,-1.7,12.333333333333332,5,0.6666666666666661,12,0.4166666666666667
2,43,1,9147,1,1,130.0,1,19,37,7,10,138.0,0,0,0,1,0,0,34,0,12,15,17,12,11.916666666666666,0,11,13,13,11,13.181818181818182,0,7.6,2.6,0.32,12.549242424242424,23,1.2651515151515156,28,0.8214285714285714
1,1,1,9254,1,1,112.0,1,38,19,9,5,113.8,1,0,0,1,0,0,21,0,0,6,10,6,10.833333333333334,0,0,6,10,4,11.0,0,7.6,2.6,0.32,10.916666666666668,10,0.16666666666666607,12,0.8333333333333334
2,39,1,8014,0,1,120.0,1,34,34,0,0,104.0,0,0,0,1,0,0,54,0,0,6,8,4,12.75,0,0,6,12,5,12.6,0,7.6,2.6,0.32,12.675,9,-0.15000000000000036,12,0.75
1,1,1,9238,1,1,131.0,1,37,1,9,9,135.9,1,0,0,1,0,0,18,0,0,6,8,5,13.2,0,0,6,6,6,11.333333333333334,0,9.4,-0.8,-3.12,12.266666666666666,11,-1.8666666666666654,12,0.9166666666666666
1,1,1,9254,1,1,125.0,1,1,3,4,1,121.9,1,0,0,1,1,0,18,0,0,6,15,3,11.666666666666666,0,0,6,14,2,12.5,0,10.8,1.4,1.74,12.083333333333332,5,0.8333333333333339,12,0.4166666666666667
1,43,1,8014,0,1,161.0,1,19,37,4,10,100.0,0,0,0,1,1,0,44,0,9,13,18,13,11.846153846153848,0,9,11,11,11,12.0,0,12.7,3.7,-1.7,11.923076923076923,24,0.15384615384615152,24,1.0
1,17,1,9147,1,1,120.0,1,38,38,9,8,118.3,0,0,0,1,1,0,18,0,0,5,13,1,10.0,0,0,5,5,1,10.0,0,12.7,3.7,-1.7,10.0,2,0.0,10,0.2
1,1,1,9085,1,1,133.0,1,1,37,4,10,143.2,0,0,0,1,0,0,19,0,0,5,7,5,14.4,0,0,5,6,5,13.2,0,7.6,2.6,0.32,13.8,10,-1.200000000000001,10,1.0
1,43,1,9130,1,1,140.0,1,3,3,2,2,140.0,0,0,0,1,0,0,20,0,10,17,29,14,12.5625,4,7,12,24,12,12.857142857142858,1,15.5,2.8,-4.06,12.709821428571429,26,0.29464285714285765,29,0.896551724137931
1,17,2,9500,1,1,127.0,1,3,3,1,10,118.8,1,0,0,1,1,0,19,0,0,7,9,6,12.933333333333332,0,0,7,7,6,13.716666666666669,0,16.2,0.3,-0.92,13.325,12,0.7833333333333368,14,0.8571428571428571
1,44,1,9085,1,39,140.0,1,4,38,4,5,140.0,1,0,0,1,0,0,21,0,0,6,11,4,12.75,0,0,6,19,1,11.0,0,12.4,0.5,1.79,11.875,5,-1.75,12,0.4166666666666667
1,18,3,9070,1,1,164.0,1,1,1,5,3,161.2,1,0,0,1,0,0,18,0,1,6,8,6,13.714285714285714,1,0,6,8,6,14.375,0,13.9,-0.3,0.79,14.044642857142858,12,0.6607142857142865,12,1.0
1,7,1,9147,1,3,150.0,1,6,27,1,7,150.0,0,0,0,1,0,0,26,0,0,5,5,0,0.0,0,0,5,0,0,0.0,0,9.4,-0.8,-3.12,0.0,0,0.0,10,0.0
2,39,1,9085,1,19,133.1,1,38,38,4,7,128.2,0,0,0,1,0,0,31,0,0,6,0,0,0.0,0,0,6,0,0,0.0,0,12.7,3.7,-1.7,0.0,0,0.0,12,0.0
1,17,5,9500,1,1,143.0,1,38,1,9,7,130.6,1,0,0,1,0,1,18,0,0,7,8,7,13.15,0,0,8,9,8,15.06875,0,13.9,-0.3,0.79,14.109375,15,1.9187499999999993,15,1.0
2,39,1,9773,1,19,133.1,1,37,37,6,6,162.0,0,0,1,1,1,1,49,0,0,6,8,6,12.285714285714286,0,0,6,7,6,14.166666666666666,0,10.8,1.4,1.74,13.226190476190476,12,1.8809523809523796,12,1.0
1,39,1,9670,1,6,133.1,1,1,1,90,3,107.0,1,0,0,1,1,0,30,0,0,5,5,0,0.0,0,0,5,5,0,0.0,0,7.6,2.6,0.32,0.0,0,0.0,10,0.0
1,39,1,9991,0,1,133.1,1,19,38,7,4,125.7,0,0,0,1,0,0,26,0,0,5,9,2,12.0,0,0,5,9,3,11.0,0,10.8,1.4,1.74,11.5,5,-1.0,10,0.5
1,1,2,9238,1,1,100.0,1,38,1,7,7,99.3,1,0,0,1,0,0,21,0,0,6,8,5,12.4,0,0,6,6,6,12.0,0,12.4,0.5,1.79,12.2,11,-0.40000000000000036,12,0.9166666666666666
1,17,1,171,1,1,145.0,1,37,19,5,9,130.0,1,0,0,1,0,0,23,0,0,0,0,0,0.0,0,0,0,0,0,0.0,0,11.1,0.6,2.02,0.0,0,0.0,0,0.0
1,1,4,9500,1,1,136.0,1,19,38,9,9,123.0,1,0,0,1,0,0,19,0,0,8,8,7,14.328571428571427,0,0,8,8,7,14.328571428571427,0,10.8,1.4,1.74,14.328571428571427,14,0.0,16,0.875
1,39,1,9254,1,19,133.1,1,38,37,4,5,102.5,0,0,1,0,1,0,24,0,0,6,7,0,0.0,0,0,6,7,0,0.0,0,16.2,0.3,-0.92,0.0,0,0.0,12,0.0
1,1,4,9773,1,1,140.0,22,1,37,3,9,130.5,1,0,0,1,0,0,20,1,0,6,6,6,12.333333333333334,0,0,6,6,6,12.0,0,12.7,3.7,-1.7,12.166666666666668,12,-0.3333333333333339,12,1.0
1,17,2,171,1,1,141.0,1,19,37,9,9,136.1,1,0,0,1,0,1,18,0,0,0,0,0,0.0,0,0,0,0,0,0.0,0,12.7,3.7,-1.7,0.0,0,0.0,0,0.0
1,39,1,9130,1,1,133.1,1,1,19,4,5,120.0,1,0,0,1,1,0,29,0,0,5,11,1,18.0,2,0,5,10,3,13.333333333333334,2,10.8,1.4,1.74,15.666666666666668,4,-4.666666666666666,10,0.4
1,1,1,9500,1,1,141.0,1,19,38,5,7,125.5,0,0,0,1,0,0,18,0,0,8,10,8,12.86,2,0,8,10,8,12.86,2,9.4,-0.8,-3.12,12.86,16,0.0,16,1.0
1,39,1,9003,1,19,133.1,1,37,37,9,7,100.0,0,0,0,1,1,0,35,0,17,18,20,18,11.555555555555555,0,11,13,13,13,11.615384615384617,0,15.5,2.8,-4.06,11.585470085470085,31,0.05982905982906139,31,1.0
1,1,1,171,1,1,150.0,1,3,3,2,5,154.6,1,0,0,1,0,0,19,0,6,12,13,12,12.333333333333334,0,4,11,12,10,12.727272727272728,0,8.9,1.4,3.51,12.530303030303031,22,0.3939393939393945,23,0.9565217391304348
1,1,1,9254,1,1,172.0,41,37,37,5,5,153.8,1,0,0,1,0,1,20,1,0,6,6,6,14.0,0,0,6,6,6,13.333333333333334,0,10.8,1.4,1.74,13.666666666666668,12,-0.6666666666666661,12,1.0
1,42,1,9853,1,1,120.0,1,1,37,5,5,113.9,1,0,0,1,0,0,21,0,0,6,8,4,12.25,0,0,6,13,3,10.333333333333334,0,12.7,3.7,-1.7,11.291666666666668,7,-1.916666666666666,12,0.5833333333333334
2,39,1,9254,1,1,130.0,1,37,37,4,7,120.0,1,0,0,1,0,0,34,0,0,6,7,5,12.4,0,0,6,8,5,12.8,0,9.4,-0.8,-3.12,12.600000000000001,10,0.40000000000000036,12,0.8333333333333334
1,1,1,9773,1,1,131.0,1,38,1,5,7,131.0,1,0,0,1,1,1,18,0,0,6,7,6,12.714285714285714,0,0,6,8,5,11.833333333333334,0,13.9,-0.3,0.79,12.273809523809524,11,-0.8809523809523796,12,0.9166666666666666
1,17,1,9130,1,1,130.0,1,3,19,2,9,115.9,0,0,0,1,0,0,18,0,0,5,14,2,12.0,2,0,5,6,5,12.6,0,9.4,-0.8,-3.12,12.3,7,0.5999999999999996,10,0.7
1,39,1,9130,1,40,129.0,1,3,3,2,2,155.3,1,0,0,1,0,0,27,0,0,6,9,5,13.0,0,5,11,13,10,12.9,0,12.4,0.5,1.79,12.95,15,-0.09999999999999964,17,0.8823529411764706
4,39,1,9085,1,1,110.0,1,37,37,90,90,110.0,0,0,0,0,0,0,35,0,0,5,14,1,12.0,2,0,5,11,2,10.5,1,9.4,-0.8,-3.12,11.25,3,-1.5,10,0.3
1,17,1,9085,1,1,113.0,1,19,37,9,9,118.6,1,0,0,1,0,1,21,0,0,6,6,6,14.5,0,0,6,8,6,14.666666666666666,0,8.9,1.4,3.51,14.583333333333332,12,0.16666666666666607,12,1.0
1,1,1,171,1,1,125.0,1,19,19,5,4,136.2,1,0,1,1,1,0,21,0,6,12,12,11,11.545454545454543,0,4,11,18,9,11.7,1,8.9,1.4,3.51,11.622727272727271,20,0.1545454545454561,23,0.8695652173913043
1,39,1,9556,1,1,133.1,6,3,3,4,4,169.2,0,0,1,0,0,0,54,1,0,7,7,0,0.0,0,0,5,10,0,0.0,0,12.4,0.5,1.79,0.0,0,0.0,12,0.0
1,1,1,9130,1,1,132.0,1,1,1,3,3,143.9,1,0,0,1,1,0,20,0,0,5,14,2,11.0,3,0,5,9,3,12.666666666666666,0,9.4,-0.8,-3.12,11.833333333333332,5,1.666666666666666,10,0.5
1,1,2,9254,1,1,137.0,1,1,38,2,8,122.3,1,0,0,1,1,1,20,0,0,6,7,6,14.714285714285714,0,0,6,6,6,12.5,0,8.9,1.4,3.51,13.607142857142858,12,-2.2142857142857135,12,1.0
1,43,1,9500,1,1,140.0,1,19,38,9,7,125.7,1,0,0,1,1,1,19,0,0,7,8,5,11.2,0,0,7,8,5,11.2,0,7.6,2.6,0.32,11.2,10,0.0,14,0.7142857142857143
1,17,2,8014,0,1,120.0,1,37,34,0,0,117.6,1,0,0,1,0,0,19,0,0,6,8,5,12.2,0,0,6,7,6,12.0,0,7.6,2.6,0.32,12.1,11,-0.1999999999999993,12,0.9166666666666666
1,17,1,9238,1,1,111.0,1,19,38,3,3,111.4,1,0,0,0,0,0,19,0,0,6,13,4,11.0,0,0,6,13,2,11.5,0,12.7,3.7,-1.7,11.25,6,0.5,12,0.5
2,39,1,9991,0,1,133.1,1,37,37,9,9,168.0,0,0,0,1,1,0,29,0,0,5,5,5,15.2,0,0,5,5,5,15.2,0,11.1,0.6,2.02,15.2,10,0.0,10,1.0
1,1,3,9773,1,1,115.0,1,38,1,9,4,116.1,1,0,0,1,1,0,19,0,0,6,6,6,12.5,0,0,6,7,5,13.0,0,12.4,0.5,1.79,12.75,11,0.5,12,0.9166666666666666
1,39,1,9003,1,1,133.1,1,37,37,3,8,130.0,0,0,1,1,0,1,30,0,0,6,6,0,0.0,0,0,6,6,0,0.0,0,11.1,0.6,2.02,0.0,0,0.0,12,0.0
1,1,6,9500,1,1,141.0,1,1,38,4,5,125.0,1,0,0,1,0,1,18,0,0,8,8,8,12.32,0,0,8,8,8,12.32,0,9.4,-0.8,-3.12,12.32,16,0.0,16,1.0
1,44,1,9119,1,39,130.0,1,3,19,3,4,130.0,0,0,0,1,1,0,20,0,0,5,12,1,13.0,0,0,5,8,3,12.6,0,12.4,0.5,1.79,12.8,4,-0.40000000000000036,10,0.4
1,1,1,9070,1,1,140.0,1,19,19,5,5,131.3,0,0,0,1,1,1,22,0,1,6,6,6,12.666666666666666,0,1,6,6,5,12.4,0,12.4,0.5,1.79,12.533333333333333,11,-0.2666666666666657,12,0.9166666666666666
1,53,1,9070,1,42,130.0,1,40,19,3,5,130.0,1,0,0,0,0,1,22,0,0,6,8,6,11.0,0,0,6,10,4,12.0,0,8.9,1.4,3.51,11.5,10,1.0,12,0.8333333333333334
2,39,1,9556,1,1,100.0,6,38,38,9,9,130.0,0,0,0,1,0,0,32,1,0,7,10,7,11.0,0,0,8,8,8,13.125,0,12.7,3.7,-1.7,12.0625,15,2.125,15,1.0
1,1,2,9147,1,1,120.0,1,1,37,4,9,113.4,1,0,0,1,1,1,19,0,0,5,5,0,0.0,0,0,5,5,0,0.0,0,11.1,0.6,2.02,0.0,0,0.0,10,0.0
1,17,3,9500,1,1,133.0,1,3,19,2,5,130.8,1,0,0,1,0,0,19,0,0,8,8,8,13.427499999999998,0,0,8,8,8,13.427499999999998,0,9.4,-0.8,-3.12,13.427499999999998,16,0.0,16,1.0
1,39,1,9991,0,40,140.0,1,1,19,9,9,139.0,0,0,0,1,0,0,27,0,0,5,5,5,15.8,0,0,5,5,5,14.8,0,8.9,1.4,3.51,15.3,10,-1.0,10,1.0
1,1,2,9147,1,1,116.0,1,37,1,5,3,124.8,1,0,0,1,1,0,20,0,0,5,9,2,14.333333333333334,0,0,5,10,2,12.5,0,7.6,2.6,0.32,13.416666666666668,4,-1.833333333333334,10,0.4
1,42,1,9853,1,1,120.0,1,37,38,3,3,113.7,0,0,0,1,0,0,20,0,0,6,8,5,11.0,0,0,6,10,3,10.666666666666666,0,12.7,3.7,-1.7,10.833333333333332,8,-0.3333333333333339,12,0.6666666666666666
1,51,1,9147,1,19,133.1,1,19,19,9,5,112.1,0,0,1,0,1,0,38,0,0,5,5,0,0.0,0,0,5,5,0,0.0,0,8.9,1.4,3.51,0.0,0,0.0,10,0.0
1,18,1,9773,1,1,125.0,1,1,1,4,7,121.5,1,0,0,1,1,0,19,0,0,6,6,6,13.833333333333334,0,0,6,6,6,14.5,0,8.9,1.4,3.51,14.166666666666668,12,0.6666666666666661,12,1.0
1,44,1,9003,1,39,150.0,1,38,38,9,8,150.0,1,0,0,1,1,0,20,0,0,6,8,5,12.857142857142858,0,0,6,11,6,12.3,0,16.2,0.3,-0.92,12.57857142857143,11,-0.5571428571428569,12,0.9166666666666666
1,43,1,9991,0,1,120.0,1,37,37,9,8,122.5,1,0,0,1,0,0,29,0,8,13,16,8,10.5,0,8,12,19,9,10.333333333333334,0,9.4,-0.8,-3.12,10.416666666666668,17,-0.16666666666666607,25,0.68
1,39,1,9670,1,1,148.0,1,19,19,7,7,130.9,0,0,1,0,1,0,24,0,0,6,12,0,0.0,0,0,6,9,0,0.0,0,10.8,1.4,1.74,0.0,0,0.0,12,0.0
1,1,1,9070,1,1,144.0,1,1,1,3,5,127.2,1,0,0,1,0,1,20,0,0,6,6,6,12.666666666666666,0,0,6,8,6,13.0,0,10.8,1.4,1.74,12.833333333333332,12,0.3333333333333339,12,1.0
1,39,1,9003,1,4,160.0,1,3,3,4,2,180.4,0,0,1,1,1,0,24,0,6,12,17,6,12.166666666666666,0,7,12,14,10,13.3,0,12.4,0.5,1.79,12.733333333333334,16,1.1333333333333346,24,0.6666666666666666
6,39,1,8014,0,1,133.1,1,37,37,9,9,119.0,0,0,0,1,0,1,48,0,0,6,7,6,10.666666666666666,0,0,6,9,5,11.8,0,10.8,1.4,1.74,11.233333333333334,11,1.1333333333333346,12,0.9166666666666666
1,1,1,9254,1,1,131.0,1,37,19,9,9,134.5,1,0,0,1,1,0,25,0,0,6,8,6,13.166666666666666,0,0,6,8,5,12.6,0,7.6,2.6,0.32,12.883333333333333,11,-0.5666666666666664,12,0.9166666666666666
2,39,1,8014,0,1,140.0,1,37,37,9,9,101.0,0,0,0,1,0,0,35,0,0,6,7,6,12.5,0,0,6,6,6,12.166666666666666,0,15.5,2.8,-4.06,12.333333333333332,12,-0.3333333333333339,12,1.0
2,39,1,8014,0,19,100.0,1,34,34,0,0,100.0,0,0,0,1,0,0,46,0,0,6,9,6,13.333333333333334,0,0,6,6,6,11.833333333333334,0,7.6,2.6,0.32,12.583333333333334,12,-1.5,12,1.0
1,17,1,9773,1,1,128.0,1,38,19,9,10,125.2,1,0,0,1,1,0,18,0,0,6,6,6,12.666666666666666,0,0,6,7,5,13.6,0,12.4,0.5,1.79,13.133333333333333,11,0.9333333333333336,12,0.9166666666666666
1,1,2,9147,1,1,119.0,1,19,37,4,5,113.8,1,0,0,1,0,0,20,0,0,5,8,3,11.333333333333334,0,0,5,8,5,12.2,0,7.6,2.6,0.32,11.766666666666666,8,0.8666666666666654,10,0.8
1,53,1,9670,1,42,140.0,1,19,37,3,6,140.0,1,0,1,1,0,0,21,0,0,6,12,1,12.0,0,0,6,11,1,11.0,0,8.9,1.4,3.51,11.5,2,-1.0,12,0.16666666666666666
1,17,1,9238,1,1,125.0,1,1,38,144,181,123.3,0,0,0,1,0,1,19,0,0,6,8,6,11.5,0,0,6,7,6,12.333333333333334,0,12.4,0.5,1.79,11.916666666666668,12,0.8333333333333339,12,1.0
1,1,1,9238,1,1,133.0,1,34,37,4,9,134.4,1,0,0,1,0,1,18,0,0,6,6,6,12.166666666666666,0,0,6,9,6,13.666666666666666,0,9.4,-0.8,-3.12,12.916666666666666,12,1.5,12,1.0
1,1,1,9085,1,1,149.0,1,38,37,5,5,137.1,1,0,0,1,0,1,18,0,0,5,7,4,13.25,0,0,5,5,5,12.0,0,10.8,1.4,1.74,12.625,9,-1.25,10,0.9
1,17,1,9147,1,1,116.0,1,3,1,3,4,115.7,0,0,0,0,1,0,22,0,0,5,10,4,11.5,0,0,5,11,4,14.0,0,8.9,1.4,3.51,12.75,8,2.5,10,0.8
1,17,1,9070,1,1,127.0,1,1,1,3,4,130.2,1,0,0,1,1,0,19,0,0,6,6,5,11.4,0,0,6,8,1,10.0,0,10.8,1.4,1.74,10.7,6,-1.4000000000000004,12,0.5
1,1,1,171,1,1,170.0,1,19,19,8,8,176.7,1,0,0,1,0,1,19,0,0,0,0,0,0.0,0,0,0,0,0,0.0,0,11.1,0.6,2.02,0.0,0,0.0,0,0.0
1,1,1,9130,1,1,141.0,1,1,1,4,10,138.9,1,0,0,1,1,0,18,0,0,5,5,5,13.6,0,0,5,6,4,13.25,1,10.8,1.4,1.74,13.425,9,-0.34999999999999964,10,0.9
1,43,1,9070,1,1,135.0,1,19,19,9,9,122.8,1,0,0,1,1,1,20,0,0,6,8,3,11.0,0,0,6,8,2,11.333333333333334,0,10.8,1.4,1.74,11.166666666666668,5,0.3333333333333339,12,0.4166666666666667
2,39,1,9670,1,1,130.0,1,19,38,9,9,162.3,0,0,0,1,1,0,36,0,0,6,13,3,11.333333333333334,0,0,6,12,5,11.4,0,13.9,-0.3,0.79,11.366666666666667,8,0.06666666666666643,12,0.6666666666666666
1,17,1,9238,1,1,152.0,1,37,37,7,5,132.1,1,0,0,1,0,0,19,0,0,6,10,2,10.5,0,0,6,11,1,13.0,0,9.4,-0.8,-3.12,11.75,3,2.5,12,0.25
1,17,2,9238,1,1,139.0,1,2,3,3,3,132.7,1,0,0,1,0,0,19,0,0,6,7,6,11.166666666666666,0,0,6,9,6,11.666666666666666,0,9.4,-0.8,-3.12,11.416666666666666,12,0.5,12,1.0
1,17,1,9147,1,1,96.0,1,38,37,6,4,96.0,1,0,0,1,0,0,19,0,0,5,10,3,10.666666666666666,0,0,5,9,0,0.0,3,16.2,0.3,-0.92,5.333333333333333,3,-10.666666666666666,10,0.3
1,1,1,9130,1,1,137.0,1,3,38,3,5,129.3,1,0,0,1,0,0,18,0,0,5,6,5,11.8,1,0,5,8,5,11.6,0,9.4,-0.8,-3.12,11.7,10,-0.20000000000000107,10,1.0
1,17,1,9853,1,1,158.0,1,38,37,5,5,140.2,1,0,0,1,0,0,18,0,0,6,9,5,11.0,0,0,6,9,4,11.25,0,10.8,1.4,1.74,11.125,9,0.25,12,0.75
2,39,1,9238,1,19,133.1,1,1,2,4,6,130.0,0,0,0,1,0,0,31,0,0,6,6,6,13.166666666666666,0,0,6,8,6,13.0,0,9.4,-0.8,-3.12,13.083333333333332,12,-0.16666666666666607,12,1.0
4,39,1,9991,0,1,140.0,1,1,37,141,192,129.7,0,0,0,1,0,0,35,0,0,5,8,5,12.0,0,0,5,9,5,12.857142857142858,0,13.9,-0.3,0.79,12.428571428571429,10,0.8571428571428577,10,1.0
1,44,1,9085,1,39,140.0,1,3,3,4,2,140.0,1,0,0,1,0,0,19,0,0,6,8,4,14.4,0,0,6,6,5,13.0,0,13.9,-0.3,0.79,13.7,9,-1.4000000000000004,12,0.75
1,17,3,9773,1,1,135.0,1,1,19,5,7,135.0,0,0,0,1,0,0,18,0,0,6,6,6,13.5,0,0,6,6,6,13.333333333333334,0,12.4,0.5,1.79,13.416666666666668,12,-0.16666666666666607,12,1.0
1,18,1,9773,1,1,135.0,1,1,1,3,3,129.8,0,0,0,1,0,1,18,0,0,6,6,6,12.666666666666666,0,0,6,6,6,11.833333333333334,0,12.7,3.7,-1.7,12.25,12,-0.8333333333333321,12,1.0
6,17,3,8014,0,1,115.0,1,19,1,5,90,115.0,0,0,0,0,0,0,24,0,0,5,5,0,0.0,0,0,5,10,0,0.0,0,10.8,1.4,1.74,0.0,0,0.0,10,0.0
1,1,1,171,1,1,169.0,1,19,37,9,7,176.0,1,0,0,1,0,1,18,0,0,0,0,0,0.0,0,0,0,0,0,0.0,0,12.4,0.5,1.79,0.0,0,0.0,0,0.0
1,1,4,9500,1,1,125.0,1,1,12,3,6,115.2,1,0,0,1,0,0,20,0,0,7,7,7,12.982857142857142,0,0,8,8,8,14.4625,0,12.4,0.5,1.79,13.72267857142857,15,1.4796428571428581,15,1.0
1,18,1,9500,1,1,115.0,1,38,37,5,5,115.0,0,0,0,1,0,0,20,0,0,7,13,6,11.7725,0,0,8,9,7,12.33,0,15.5,2.8,-4.06,12.05125,13,0.5574999999999992,15,0.8666666666666667
5,43,1,9500,1,1,131.0,1,1,38,5,5,118.8,0,0,0,1,0,1,18,0,0,8,8,7,11.857142857142858,0,0,8,8,7,11.857142857142858,0,12.7,3.7,-1.7,11.857142857142858,14,0.0,16,0.875
1,1,1,9773,1,1,135.0,1,1,4,5,3,124.9,0,0,0,1,0,1,20,0,0,6,7,6,12.666666666666666,0,0,6,6,6,12.833333333333334,0,10.8,1.4,1.74,12.75,12,0.16666666666666785,12,1.0
1,1,6,9500,1,1,145.0,1,19,37,9,9,132.3,1,0,0,1,0,1,19,0,0,8,8,7,14.06,0,0,8,8,7,14.06,0,10.8,1.4,1.74,14.06,14,0.0,16,0.875
1,1,6,9500,1,1,140.0,1,19,38,5,7,128.5,1,0,0,1,0,1,18,0,0,8,8,8,13.40375,0,0,8,8,8,13.40375,0,9.4,-0.8,-3.12,13.40375,16,0.0,16,1.0
1,17,2,9773,1,1,142.0,1,19,19,9,9,139.9,0,0,0,1,0,1,18,0,0,6,7,6,13.428571428571429,0,0,6,6,6,12.5,0,13.9,-0.3,0.79,12.964285714285715,12,-0.9285714285714288,12,1.0
1,1,2,9070,1,1,145.0,1,1,19,4,3,133.5,0,0,0,1,0,0,19,0,0,6,6,6,12.166666666666666,0,0,6,6,6,11.333333333333334,0,12.7,3.7,-1.7,11.75,12,-0.8333333333333321,12,1.0
1,1,1,9500,1,1,152.0,1,41,19,3,5,137.8,0,0,0,1,0,0,19,0,0,7,7,7,13.694285714285714,0,0,8,9,8,14.355555555555554,0,11.1,0.6,2.02,14.024920634920633,15,0.6612698412698403,15,1.0
1,17,4,9085,1,1,137.0,1,38,38,151,151,141.6,0,0,0,1,1,0,21,0,0,5,7,4,12.25,0,0,5,7,5,12.0,0,7.6,2.6,0.32,12.125,9,-0.25,10,0.9
1,1,1,9670,1,1,121.0,1,37,37,5,9,116.5,1,0,0,1,0,0,23,0,0,5,7,3,11.333333333333334,0,0,5,5,4,11.25,0,7.6,2.6,0.32,11.291666666666668,7,-0.08333333333333393,10,0.7
1,17,1,9147,1,1,114.0,1,19,19,9,7,107.7,0,0,0,1,0,0,19,0,0,5,7,2,10.0,0,0,5,11,2,14.0,0,10.8,1.4,1.74,12.0,4,4.0,10,0.4
1,1,3,9773,1,1,127.0,1,19,38,8,3,133.7,1,0,1,1,1,0,18,0,0,6,6,6,13.0,0,0,6,7,5,11.8,0,12.7,3.7,-1.7,12.4,11,-1.1999999999999993,12,0.9166666666666666
1,39,1,8014,0,38,133.1,1,38,37,4,8,95.5,0,0,0,1,1,0,29,0,0,6,11,6,12.0,0,0,6,6,6,14.0,0,11.1,0.6,2.02,13.0,12,2.0,12,1.0
1,1,1,9853,1,1,133.1,1,19,37,9,9,95.0,1,0,1,0,0,0,22,0,0,7,10,6,11.5,0,0,7,8,6,13.166666666666666,0,11.1,0.6,2.02,12.333333333333332,12,1.666666666666666,14,0.8571428571428571
1,1,3,9773,1,1,130.0,1,19,19,5,5,157.0,1,0,0,0,0,0,18,0,0,6,0,0,0.0,0,0,6,0,0,0.0,0,13.9,-0.3,0.79,0.0,0,0.0,12,0.0
1,39,1,8014,0,1,130.0,1,37,11,9,10,131.5,0,0,0,1,0,0,27,0,0,6,8,5,11.0,0,0,6,7,6,11.166666666666666,0,11.1,0.6,2.02,11.083333333333332,11,0.16666666666666607,12,0.9166666666666666
1,1,1,8014,0,1,125.0,1,37,37,9,7,114.9,0,0,0,1,0,0,29,0,8,11,14,11,12.75,0,3,7,7,7,13.428571428571429,0,9.4,-0.8,-3.12,13.089285714285715,18,0.6785714285714288,18,1.0
1,16,1,171,1,1,122.0,1,19,37,9,7,133.9,1,0,0,1,1,0,25,0,9,13,16,10,11.454545454545457,0,5,11,13,7,12.25,0,12.4,0.5,1.79,11.852272727272728,17,0.7954545454545432,24,0.7083333333333334
2,7,1,9147,1,3,120.0,1,37,37,9,9,120.0,0,0,0,1,0,0,33,0,3,8,9,5,12.6,2,2,7,13,5,11.25,0,10.8,1.4,1.74,11.925,10,-1.3499999999999996,15,0.6666666666666666
1,1,1,9147,1,1,133.0,1,38,38,7,7,147.0,0,0,0,1,0,1,18,0,0,5,7,4,13.0,0,0,5,8,3,12.333333333333334,0,9.4,-0.8,-3.12,12.666666666666668,7,-0.6666666666666661,10,0.7
1,16,2,171,1,1,145.0,1,3,3,2,2,143.6,1,0,0,1,1,0,18,0,0,0,0,0,0.0,0,0,0,0,0,0.0,0,12.4,0.5,1.79,0.0,0,0.0,0,0.0
1,7,1,9773,1,43,140.0,1,19,1,4,8,140.0,0,0,0,1,1,0,25,0,0,6,6,6,14.666666666666666,0,0,6,6,6,13.5,0,11.1,0.6,2.02,14.083333333333332,12,-1.166666666666666,12,1.0
1,43,1,9853,1,1,130.0,1,2,39,2,5,124.6,0,0,0,1,1,0,37,0,19,21,21,21,12.476190476190476,0,13,19,19,19,12.210526315789474,0,12.4,0.5,1.79,12.343358395989975,40,-0.26566416040100194,40,1.0
1,1,2,9500,1,1,155.0,1,1,1,4,3,140.5,1,0,0,1,0,0,18,0,0,7,7,6,15.25,0,0,7,7,6,15.25,0,7.6,2.6,0.32,15.25,12,0.0,14,0.8571428571428571
2,39,1,9003,1,1,120.0,1,37,37,9,9,125.7,0,0,1,0,0,0,43,0,0,6,10,4,12.25,0,0,6,13,4,10.5,0,8.9,1.4,3.51,11.375,8,-1.75,12,0.6666666666666666
1,17,1,9500,1,1,147.0,1,1,1,5,5,134.9,0,1,0,1,0,0,18,0,0,7,7,7,13.642857142857142,0,0,8,11,8,14.772727272727272,0,16.2,0.3,-0.92,14.207792207792206,15,1.1298701298701292,15,1.0
1,1,1,9853,1,1,114.0,1,19,37,5,5,109.5,1,0,0,1,0,0,19,0,0,7,10,4,10.5,0,0,7,7,2,10.5,0,16.2,0.3,-0.92,10.5,6,0.0,14,0.42857142857142855
1,43,1,33,1,1,143.0,1,37,1,9,10,121.2,1,0,0,1,1,0,25,0,5,10,13,5,11.6,0,2,8,10,2,13.0,0,12.4,0.5,1.79,12.3,7,1.4000000000000004,18,0.3888888888888889
1,51,1,9773,1,1,135.0,1,1,42,5,3,110.0,1,0,0,1,1,0,23,0,0,6,7,6,13.333333333333334,0,0,6,6,4,12.75,0,11.1,0.6,2.02,13.041666666666668,10,-0.5833333333333339,12,0.8333333333333334
1,10,2,9085,1,1,163.3,22,19,1,4,9,163.3,0,0,0,1,0,0,18,1,0,6,10,6,13.5,0,0,6,12,6,12.0,0,12.4,0.5,1.79,12.75,12,-1.5,12,1.0
1,43,1,9238,1,1,124.0,1,1,1,3,1,118.8,1,0,1,0,0,0,22,0,6,10,16,6,11.833333333333334,0,2,7,8,2,13.0,0,16.2,0.3,-0.92,12.416666666666668,8,1.166666666666666,17,0.47058823529411764
1,1,2,9500,1,1,136.0,1,19,19,9,9,140.0,1,0,0,1,0,0,20,0,0,7,7,6,13.966666666666669,0,0,7,7,6,13.966666666666669,0,7.6,2.6,0.32,13.966666666666669,12,0.0,14,0.8571428571428571
1,1,5,9670,1,1,142.0,1,19,19,7,3,132.9,0,0,0,1,1,0,19,0,0,5,5,4,12.5,0,0,5,5,4,14.25,0,7.6,2.6,0.32,13.375,8,1.75,10,0.8
1,1,6,9147,1,1,139.0,1,19,12,4,4,125.0,1,0,0,1,0,0,18,0,0,5,8,3,12.333333333333334,0,0,5,7,4,12.0,0,7.6,2.6,0.32,12.166666666666668,7,-0.3333333333333339,10,0.7
1,1,5,9500,1,1,126.0,1,1,19,6,7,115.5,1,0,0,1,0,1,19,0,0,7,8,7,12.135714285714286,0,0,8,10,7,13.328571428571427,0,12.4,0.5,1.79,12.732142857142858,14,1.1928571428571413,15,0.9333333333333333
1,18,2,9853,1,1,111.0,1,38,38,191,171,105.8,1,0,0,1,0,0,19,0,0,7,7,7,13.142857142857142,0,0,7,8,7,12.857142857142858,0,8.9,1.4,3.51,13.0,14,-0.2857142857142847,14,1.0
2,39,1,9238,1,19,133.1,1,37,37,9,4,103.5,0,0,0,1,1,0,42,0,0,6,0,0,0.0,0,0,6,0,0,0.0,0,15.5,2.8,-4.06,0.0,0,0.0,12,0.0
1,17,1,9238,1,1,103.0,1,19,37,7,9,104.1,0,0,0,1,0,0,20,0,0,6,6,0,0.0,0,0,5,5,0,0.0,0,8.9,1.4,3.51,0.0,0,0.0,11,0.0
1,1,1,9085,1,1,138.0,1,1,1,4,7,132.1,1,0,0,1,0,0,19,0,0,5,9,4,13.75,0,0,5,13,4,14.333333333333334,2,10.8,1.4,1.74,14.041666666666668,8,0.5833333333333339,10,0.8
1,39,1,9500,1,40,130.0,1,1,1,4,4,190.0,1,0,0,1,0,0,27,0,1,7,7,7,14.757142857142856,0,1,8,9,8,14.077777777777778,0,16.2,0.3,-0.92,14.417460317460318,15,-0.6793650793650787,15,1.0
2,39,1,9147,1,1,133.1,1,37,37,9,9,140.0,0,0,0,0,0,0,35,0,0,5,8,4,12.5,1,0,5,8,5,11.8,0,9.4,-0.8,-3.12,12.15,9,-0.6999999999999993,10,0.9
1,17,2,9500,1,1,130.0,1,38,38,7,7,122.5,1,0,0,1,0,0,19,0,0,8,8,7,13.937142857142858,0,0,8,8,7,13.937142857142858,0,10.8,1.4,1.74,13.937142857142858,14,0.0,16,0.875
1,53,1,9991,0,1,140.0,1,38,38,191,193,135.0,0,0,1,1,0,0,23,0,6,11,18,8,12.375,0,3,9,15,5,12.6,0,8.9,1.4,3.51,12.4875,13,0.22499999999999964,20,0.65
1,17,1,9238,1,1,144.0,1,3,1,2,3,126.9,0,0,0,1,0,0,19,0,0,6,8,5,10.6,0,0,6,11,4,10.5,0,15.5,2.8,-4.06,10.55,9,-0.09999999999999964,12,0.75
1,7,1,9500,1,3,140.0,1,1,1,9,5,140.0,0,0,0,1,0,0,33,0,2,7,8,6,14.35,0,3,8,10,6,14.583333333333334,0,16.2,0.3,-0.92,14.466666666666667,12,0.23333333333333428,15,0.8
2,7,1,9070,1,43,140.0,1,37,1,9,7,140.0,0,0,0,1,0,0,33,0,0,6,7,6,15.0,0,0,6,8,3,11.0,0,11.1,0.6,2.02,13.0,9,-4.0,12,0.75
1,17,1,9773,1,1,136.0,1,19,38,9,9,121.7,1,0,0,1,1,1,19,0,0,6,9,5,12.4,0,0,6,6,6,13.166666666666666,0,12.7,3.7,-1.7,12.783333333333333,11,0.7666666666666657,12,0.9166666666666666
1,44,1,9085,1,39,140.0,1,1,19,3,3,140.0,1,0,0,1,0,0,21,0,2,6,7,6,13.0,0,1,6,15,4,12.8,0,12.4,0.5,1.79,12.9,10,-0.1999999999999993,12,0.8333333333333334
1,39,1,9991,0,1,130.0,1,1,1,3,7,140.0,0,0,0,1,1,0,26,0,0,5,5,5,12.4,0,0,5,5,5,12.4,0,15.5,2.8,-4.06,12.4,10,0.0,10,1.0
1,43,1,9070,1,1,150.0,1,3,39,3,7,126.4,0,0,0,1,1,0,26,0,5,7,8,7,13.285714285714286,0,3,8,11,7,12.142857142857142,0,12.4,0.5,1.79,12.714285714285715,14,-1.1428571428571441,15,0.9333333333333333
1,1,5,9070,1,1,133.1,1,1,19,3,3,112.0,1,0,0,1,1,1,21,0,0,6,6,6,13.5,0,0,6,6,6,11.166666666666666,0,11.1,0.6,2.02,12.333333333333332,12,-2.333333333333334,12,1.0
1,17,1,9773,1,1,130.0,1,19,37,9,9,140.2,0,0,0,1,1,1,19,0,0,6,6,6,12.0,0,0,6,7,6,11.666666666666666,0,16.2,0.3,-0.92,11.833333333333332,12,-0.3333333333333339,12,1.0
2,7,1,9500,1,3,120.0,1,37,19,9,7,120.0,1,0,0,1,0,0,45,0,7,11,11,11,12.7,0,6,10,12,10,12.96818181818182,0,13.9,-0.3,0.79,12.83409090909091,21,0.2681818181818212,21,1.0
1,1,5,9500,1,1,143.0,1,37,19,4,4,123.3,1,0,0,1,1,0,18,0,0,7,0,0,0.0,0,0,8,0,0,0.0,0,7.6,2.6,0.32,0.0,0,0.0,15,0.0
1,1,1,171,1,1,130.0,1,29,38,9,8,122.0,1,0,0,1,1,0,20,0,0,0,0,0,0.0,0,0,0,0,0,0.0,0,7.6,2.6,0.32,0.0,0,0.0,0,0.0
2,39,1,9991,0,19,133.1,1,19,19,4,4,150.0,0,0,0,0,1,0,49,0,0,5,8,2,11.0,0,0,5,5,1,11.0,0,15.5,2.8,-4.06,11.0,3,0.0,10,0.3
1,1,6,9500,1,1,133.0,1,3,3,1,1,126.2,1,0,0,1,0,0,19,0,0,7,9,7,13.761111111111113,0,0,8,11,7,12.82375,0,15.5,2.8,-4.06,13.292430555555557,14,-0.9373611111111124,15,0.9333333333333333
1,10,1,9085,1,1,184.4,22,2,19,2,8,184.4,0,0,0,1,0,0,18,1,0,6,8,6,15.0,0,0,6,10,5,14.333333333333334,0,11.1,0.6,2.02,14.666666666666668,11,-0.6666666666666661,12,0.9166666666666666
1,1,1,9670,1,1,122.0,1,12,12,5,7,126.6,1,0,0,1,0,0,18,0,0,6,8,6,14.625,0,0,6,9,6,14.142857142857142,0,11.1,0.6,2.02,14.383928571428571,12,-0.48214285714285765,12,1.0
1,1,3,9773,1,1,129.0,1,38,37,5,5,142.0,1,0,0,1,0,0,19,0,0,6,8,6,12.666666666666666,0,0,6,7,6,12.714285714285714,0,9.4,-0.8,-3.12,12.69047619047619,12,0.04761904761904745,12,1.0
1,1,1,9500,1,1,106.0,1,37,38,191,163,102.2,1,0,1,1,1,0,20,0,0,7,7,7,12.401428571428571,0,0,8,10,6,11.808333333333332,0,11.1,0.6,2.02,12.104880952380952,13,-0.5930952380952395,15,0.8666666666666667
2,39,1,9991,0,12,133.1,1,37,1,9,4,138.4,0,0,0,1,1,0,30,0,0,5,7,3,11.666666666666666,0,0,5,8,1,11.0,0,7.6,2.6,0.32,11.333333333333332,4,-0.6666666666666661,10,0.4
1,1,2,9500,1,1,135.0,1,37,1,7,7,132.8,1,0,0,1,0,1,18,0,0,8,12,7,11.721428571428572,0,0,8,12,7,11.721428571428572,0,12.7,3.7,-1.7,11.721428571428572,14,0.0,16,0.875
2,43,3,8014,0,19,100.0,1,37,37,9,9,120.0,1,0,0,1,1,0,41,0,5,9,11,9,12.0,0,3,7,8,6,12.0,0,9.4,-0.8,-3.12,12.0,15,0.0,16,0.9375
1,1,2,9119,1,1,140.0,1,19,19,9,9,125.7,1,0,0,1,1,0,18,0,0,5,5,0,0.0,0,0,5,5,0,0.0,0,9.4,-0.8,-3.12,0.0,0,0.0,10,0.0
1,17,1,9238,1,1,123.0,1,1,1,9,9,115.7,1,0,0,1,0,0,21,0,0,6,8,6,12.166666666666666,0,0,6,7,6,13.285714285714286,0,11.1,0.6,2.02,12.726190476190476,12,1.1190476190476204,12,1.0
1,1,1,171,1,1,156.0,1,19,38,9,1,153.6,1,0,0,1,0,0,18,0,0,0,0,0,0.0,0,0,0,0,0,0.0,0,9.4,-0.8,-3.12,0.0,0,0.0,0,0.0
1,17,5,9500,1,1,148.0,1,1,19,4,8,130.2,1,0,0,1,0,0,19,0,0,7,0,0,0.0,0,0,8,0,0,0.0,0,12.4,0.5,1.79,0.0,0,0.0,15,0.0
1,1,1,9670,1,1,140.0,1,19,19,5,9,131.3,1,0,0,1,0,1,18,0,0,6,6,6,13.5,0,0,6,9,6,13.666666666666666,0,10.8,1.4,1.74,13.583333333333332,12,0.16666666666666607,12,1.0
1,1,2,9070,1,1,135.0,1,19,37,9,9,134.0,1,0,0,1,0,1,22,0,0,6,10,5,10.8,0,0,6,7,5,12.8,0,12.7,3.7,-1.7,11.8,10,2.0,12,0.8333333333333334
1,17,6,9119,1,1,111.0,1,19,3,5,10,106.5,1,0,0,1,1,0,19,0,0,5,10,3,10.5,0,0,5,11,3,10.8,0,12.4,0.5,1.79,10.65,6,0.3000000000000007,10,0.6
1,17,2,9853,1,1,150.0,1,37,37,5,6,132.5,1,0,0,1,0,0,22,0,0,6,9,4,12.25,0,0,6,8,5,11.6,0,10.8,1.4,1.74,11.925,9,-0.6500000000000004,12,0.75
1,1,1,9238,1,1,142.0,1,37,37,6,7,136.1,1,0,0,1,0,0,18,0,0,6,8,6,13.857142857142858,0,0,6,6,6,15.0,0,13.9,-0.3,0.79,14.428571428571429,12,1.1428571428571423,12,1.0
1,39,1,9119,1,19,133.1,1,19,19,5,3,100.9,1,0,0,1,1,0,24,0,0,5,9,1,12.0,0,0,5,6,3,10.5,0,10.8,1.4,1.74,11.25,4,-1.5,10,0.4
1,43,1,9991,0,1,161.0,1,37,37,9,9,100.0,1,0,0,1,0,0,27,0,0,5,5,0,0.0,0,0,5,5,0,0.0,0,7.6,2.6,0.32,0.0,0,0.0,10,0.0
1,43,2,9853,1,1,118.0,1,19,1,5,4,110.0,1,0,0,1,0,0,20,0,0,6,10,4,12.25,0,0,6,8,4,11.5,0,10.8,1.4,1.74,11.875,8,-0.75,12,0.6666666666666666
1,17,5,9254,1,1,118.0,1,19,37,5,5,120.5,1,0,0,1,1,0,19,0,0,6,12,4,12.5,0,0,6,12,4,10.25,0,7.6,2.6,0.32,11.375,8,-2.25,12,0.6666666666666666
1,17,3,9070,1,1,132.0,1,38,1,5,5,124.3,0,1,0,1,0,0,18,0,0,6,0,0,0.0,0,0,6,0,0,0.0,0,15.5,2.8,-4.06,0.0,0,0.0,12,0.0
1,39,1,9500,1,1,114.0,1,37,37,9,9,130.0,0,0,0,1,1,0,25,0,0,8,11,6,12.675,0,0,8,11,6,12.675,0,12.7,3.7,-1.7,12.675,12,0.0,16,0.75
1,17,1,9085,1,1,140.0,1,37,38,7,9,129.9,0,0,0,1,0,0,19,0,0,5,11,4,13.6,2,0,5,9,4,12.2,0,9.4,-0.8,-3.12,12.899999999999999,8,-1.4000000000000004,10,0.8
1,44,1,9085,1,39,150.0,1,19,37,4,7,150.0,1,0,0,1,0,0,19,0,2,6,8,6,14.142857142857142,0,1,6,7,6,13.0,0,13.9,-0.3,0.79,13.571428571428571,12,-1.1428571428571423,12,1.0
4,1,1,9991,0,1,140.0,1,37,37,9,7,139.0,0,0,0,1,0,1,38,0,0,5,8,5,11.0,0,0,5,7,5,11.4,0,9.4,-0.8,-3.12,11.2,10,0.40000000000000036,10,1.0
1,1,6,9500,1,1,137.0,1,1,1,4,5,126.3,1,0,0,1,0,1,18,0,0,8,8,8,13.42375,0,0,8,8,8,13.42375,0,9.4,-0.8,-3.12,13.42375,16,0.0,16,1.0
1,1,1,9070,1,1,138.0,1,38,37,3,3,133.1,0,0,0,1,1,0,18,0,0,6,6,6,14.0,0,0,6,7,6,13.857142857142858,0,8.9,1.4,3.51,13.928571428571429,12,-0.14285714285714235,12,1.0
1,17,2,9254,1,1,118.0,1,19,19,5,7,121.2,0,0,0,1,1,1,18,0,0,6,12,3,10.666666666666666,0,0,6,9,4,12.0,0,15.5,2.8,-4.06,11.333333333333332,7,1.333333333333334,12,0.5833333333333334
4,39,1,9991,0,1,120.0,1,37,37,9,9,110.0,0,0,0,1,0,0,37,0,0,5,14,2,10.0,0,0,5,7,3,11.333333333333334,0,12.7,3.7,-1.7,10.666666666666668,5,1.333333333333334,10,0.5
2,39,1,8014,0,1,140.0,1,37,3,9,10,172.0,0,0,0,1,1,0,44,0,5,11,21,9,12.333333333333334,0,8,11,16,9,11.0,0,12.4,0.5,1.79,11.666666666666668,18,-1.333333333333334,22,0.8181818181818182
1,17,2,9670,1,1,132.0,1,1,19,5,3,124.0,1,0,0,1,1,0,21,0,0,5,7,3,12.333333333333334,0,0,5,5,4,11.25,0,7.6,2.6,0.32,11.791666666666668,7,-1.083333333333334,10,0.7
1,1,2,9500,1,1,132.0,1,37,37,5,7,127.5,1,0,0,1,0,0,20,0,0,8,8,8,12.48375,0,0,8,8,8,12.48375,0,9.4,-0.8,-3.12,12.48375,16,0.0,16,1.0
1,1,1,9147,1,1,135.0,1,19,1,9,9,122.1,1,0,0,1,0,0,20,0,0,5,6,5,12.0,0,0,5,6,5,12.333333333333334,0,16.2,0.3,-0.92,12.166666666666668,10,0.3333333333333339,10,1.0
1,17,2,9119,1,1,120.0,1,1,19,9,8,117.2,0,0,0,1,1,1,18,0,0,5,8,4,13.5,0,0,6,10,6,13.625,0,11.1,0.6,2.02,13.5625,10,0.125,11,0.9090909090909091
1,1,5,9500,1,1,139.0,1,38,38,9,5,130.5,1,0,0,1,0,0,19,0,0,8,8,7,14.992857142857142,0,0,8,8,7,14.992857142857142,0,10.8,1.4,1.74,14.992857142857142,14,0.0,16,0.875
1,43,1,9500,1,1,136.0,1,19,37,173,183,118.4,1,0,0,1,0,0,21,0,0,7,12,4,13.125,0,0,7,8,6,12.333333333333334,0,13.9,-0.3,0.79,12.729166666666668,10,-0.7916666666666661,14,0.7142857142857143
1,1,3,9500,1,1,143.0,1,1,1,4,4,129.0,1,0,0,1,1,0,18,0,0,8,8,7,12.365714285714288,0,0,8,8,7,12.365714285714288,0,10.8,1.4,1.74,12.365714285714288,14,0.0,16,0.875
1,1,1,9147,1,1,130.0,1,19,37,9,9,131.8,1,0,0,1,0,1,19,0,0,5,8,2,10.5,0,0,5,11,3,13.333333333333334,0,7.6,2.6,0.32,11.916666666666668,5,2.833333333333334,10,0.5
1,17,1,9147,1,1,122.0,1,12,19,4,8,117.8,1,0,0,1,0,0,20,0,0,5,10,5,13.5,0,0,5,8,5,12.333333333333334,0,13.9,-0.3,0.79,12.916666666666668,10,-1.166666666666666,10,1.0
1,1,1,9853,1,1,136.0,1,38,37,9,9,126.9,1,0,0,1,0,1,19,0,0,7,7,7,13.285714285714286,0,0,7,7,7,14.428571428571429,0,11.1,0.6,2.02,13.857142857142858,14,1.1428571428571423,14,1.0
1,17,1,9254,1,1,123.0,1,38,37,9,7,120.6,1,0,0,0,0,0,19,0,0,6,9,3,11.666666666666666,0,0,6,15,1,10.0,0,10.8,1.4,1.74,10.833333333333332,4,-1.666666666666666,12,0.3333333333333333
4,39,1,9991,0,1,130.0,1,38,19,9,7,148.0,0,0,0,1,0,1,31,0,0,5,11,4,11.25,0,0,5,10,4,10.833333333333334,0,13.9,-0.3,0.79,11.041666666666668,8,-0.4166666666666661,10,0.8
1,17,4,9070,1,1,117.0,1,1,1,3,3,125.4,1,0,0,1,1,1,19,0,0,6,6,6,12.833333333333334,0,0,6,7,6,11.166666666666666,0,11.1,0.6,2.02,12.0,12,-1.6666666666666679,12,1.0
1,1,2,9773,1,1,140.0,1,1,1,9,9,136.9,1,0,0,1,0,1,19,0,0,6,7,6,13.5,0,0,6,7,6,14.428571428571429,0,16.2,0.3,-0.92,13.964285714285715,12,0.9285714285714288,12,1.0
1,17,1,171,1,1,136.0,1,38,38,7,7,127.3,1,0,0,1,0,0,19,0,0,0,0,0,0.0,0,0,0,0,0,0.0,0,15.5,2.8,-4.06,0.0,0,0.0,0,0.0
1,42,1,9853,1,1,120.0,1,1,19,4,7,111.3,0,0,0,1,0,0,24,0,9,13,17,10,11.5,0,7,13,18,9,10.444444444444445,0,16.2,0.3,-0.92,10.972222222222221,19,-1.0555555555555554,26,0.7307692307692307
1,17,4,9147,1,1,121.0,1,38,37,6,7,113.0,1,0,0,1,0,1,18,0,0,5,12,4,10.714285714285714,0,0,5,9,4,11.0,0,13.9,-0.3,0.79,10.857142857142858,8,0.2857142857142865,10,0.8
4,7,1,9238,1,40,130.0,1,34,34,99,99,130.0,0,0,1,1,0,0,41,0,0,6,0,0,0.0,0,0,6,0,0,0.0,0,11.1,0.6,2.02,0.0,0,0.0,12,0.0
1,1,1,9238,1,1,134.0,1,1,19,4,9,129.8,0,0,0,1,0,1,20,0,0,6,6,6,11.666666666666666,0,0,6,8,6,11.166666666666666,0,15.5,2.8,-4.06,11.416666666666666,12,-0.5,12,1.0
2,39,1,8014,0,1,150.0,1,34,34,0,0,112.5,0,0,0,1,0,0,33,0,0,6,10,5,11.4,0,1,6,7,6,11.166666666666666,0,7.6,2.6,0.32,11.283333333333333,11,-0.23333333333333428,12,0.9166666666666666
1,18,4,9254,1,1,119.0,1,37,37,9,9,113.1,1,0,0,0,1,0,22,0,0,5,5,0,0.0,0,0,5,5,0,0.0,0,15.5,2.8,-4.06,0.0,0,0.0,10,0.0
1,17,4,9070,1,1,125.0,1,1,3,3,3,128.9,0,0,0,1,0,1,18,0,0,6,9,5,11.6,0,0,6,8,4,11.2,0,8.9,1.4,3.51,11.399999999999999,9,-0.40000000000000036,12,0.75
1,44,1,9130,1,39,110.0,1,3,4,2,2,110.0,1,0,0,1,1,0,20,0,0,6,15,4,10.75,0,0,6,12,2,10.5,0,13.9,-0.3,0.79,10.625,6,-0.25,12,0.5
1,17,1,9147,1,1,127.0,1,37,38,9,7,115.8,1,0,0,1,1,0,18,0,0,5,5,5,13.4,0,0,5,6,5,12.2,0,11.1,0.6,2.02,12.8,10,-1.200000000000001,10,1.0
1,1,2,9991,0,1,143.0,1,5,1,4,4,131.5,0,0,0,1,1,0,19,0,0,5,11,4,11.0,0,0,5,8,4,12.25,0,15.5,2.8,-4.06,11.625,8,1.25,10,0.8
1,17,4,9670,1,1,110.0,1,1,37,7,7,111.1,1,0,0,0,0,0,18,0,0,6,6,6,12.333333333333334,0,0,6,8,5,13.6,0,8.9,1.4,3.51,12.966666666666667,11,1.2666666666666657,12,0.9166666666666666
1,1,3,9147,1,1,128.0,1,3,3,5,10,116.5,0,0,0,1,1,0,20,0,0,5,7,5,11.6,0,0,5,5,5,12.8,0,12.4,0.5,1.79,12.2,10,1.200000000000001,10,1.0
1,1,4,9500,1,1,137.0,1,37,37,9,9,127.5,1,0,0,1,0,0,18,0,0,8,8,8,13.045,0,0,8,8,8,13.045,0,9.4,-0.8,-3.12,13.045,16,0.0,16,1.0
1,1,2,9853,1,1,133.0,1,19,37,4,9,130.2,1,0,0,1,0,0,19,0,0,6,6,0,0.0,0,0,6,0,0,0.0,0,12.7,3.7,-1.7,0.0,0,0.0,12,0.0
5,39,1,9003,1,1,133.1,1,37,37,9,7,110.0,0,0,1,0,0,0,28,0,0,6,17,5,13.0,0,0,6,11,4,11.75,0,13.9,-0.3,0.79,12.375,9,-1.25,12,0.75
1,1,1,9238,1,1,143.0,1,19,1,9,9,144.4,1,0,0,1,0,0,20,0,0,6,7,6,13.5,0,0,6,6,6,13.0,0,10.8,1.4,1.74,13.25,12,-0.5,12,1.0
1,1,2,9254,1,1,120.0,1,19,1,9,8,117.2,0,0,0,1,1,0,21,0,0,6,8,3,12.0,0,0,6,9,1,11.0,0,15.5,2.8,-4.06,11.5,4,-1.0,12,0.3333333333333333
1,16,3,9070,1,1,152.0,1,1,38,4,8,156.9,1,0,0,1,0,0,19,0,0,6,6,6,15.333333333333334,0,0,6,9,6,15.833333333333334,0,12.7,3.7,-1.7,15.583333333333334,12,0.5,12,1.0
1,39,1,9254,1,1,150.0,1,3,1,3,4,122.3,0,0,0,1,1,0,28,0,0,6,10,6,13.0,0,0,6,8,5,12.2,0,13.9,-0.3,0.79,12.6,11,-0.8000000000000007,12,0.9166666666666666
1,39,1,9003,1,1,120.0,1,37,37,9,9,150.1,1,0,0,1,1,0,43,0,0,6,9,6,14.77777777777778,0,0,6,11,5,12.2,0,13.9,-0.3,0.79,13.48888888888889,11,-2.577777777777781,12,0.9166666666666666
1,1,1,9070,1,1,128.0,1,19,2,7,3,126.3,1,0,0,1,0,0,19,0,0,6,6,6,13.166666666666666,0,0,6,6,6,12.666666666666666,0,15.5,2.8,-4.06,12.916666666666666,12,-0.5,12,1.0
1,44,1,9003,1,39,140.0,1,1,1,4,3,140.0,1,0,0,1,0,0,20,0,0,6,10,5,11.666666666666666,0,0,6,7,5,12.6,0,12.4,0.5,1.79,12.133333333333333,10,0.9333333333333336,12,0.8333333333333334
1,1,1,9147,1,1,132.0,1,38,37,7,7,131.3,1,0,0,1,0,0,18,0,0,5,8,4,12.0,0,0,5,8,4,12.25,0,9.4,-0.8,-3.12,12.125,8,0.25,10,0.8
1,1,3,9500,1,1,133.1,1,19,19,5,5,108.5,1,0,0,1,0,0,19,0,0,7,9,7,12.60625,0,0,8,12,6,11.9,0,12.4,0.5,1.79,12.253125,13,-0.7062499999999989,15,0.8666666666666667
1,1,3,9070,1,1,122.0,1,37,37,9,9,125.9,1,0,0,1,1,1,20,0,0,6,6,6,15.5,0,0,6,7,6,12.166666666666666,0,12.4,0.5,1.79,13.833333333333332,12,-3.333333333333334,12,1.0
1,17,3,9500,1,1,139.0,1,38,1,9,5,131.8,1,0,0,1,0,0,18,0,0,8,8,7,14.652857142857142,0,0,8,8,7,14.652857142857142,0,10.8,1.4,1.74,14.652857142857142,14,0.0,16,0.875
1,39,2,9670,1,1,150.0,1,34,34,0,0,107.0,1,0,0,1,1,0,26,0,0,5,5,0,0.0,0,0,5,5,0,0.0,0,7.6,2.6,0.32,0.0,0,0.0,10,0.0
1,44,1,9130,1,39,140.0,1,1,19,4,7,140.0,0,0,0,1,1,0,20,0,2,6,12,5,12.4,0,1,6,11,2,15.0,0,13.9,-0.3,0.79,13.7,7,2.5999999999999996,12,0.5833333333333334
1,51,1,9991,0,42,110.0,1,19,37,5,9,128.2,0,0,0,0,0,0,22,0,7,12,12,7,11.0,0,5,5,5,5,10.6,0,8.9,1.4,3.51,10.8,12,-0.40000000000000036,17,0.7058823529411765
1,1,3,9773,1,1,175.0,1,3,38,2,10,157.5,1,0,0,1,0,0,19,0,0,6,8,6,13.166666666666666,0,0,6,7,6,13.166666666666666,0,10.8,1.4,1.74,13.166666666666666,12,0.0,12,1.0
1,1,3,9085,1,1,138.0,1,1,3,4,4,126.3,1,0,0,1,0,0,18,0,0,6,8,6,14.0,0,0,6,9,6,13.333333333333334,0,8.9,1.4,3.51,13.666666666666668,12,-0.6666666666666661,12,1.0
1,7,1,9556,1,43,160.0,1,38,19,9,9,160.0,0,0,0,1,1,0,36,0,0,7,16,1,12.0,0,0,7,13,0,0.0,1,11.1,0.6,2.02,6.0,1,-12.0,14,0.07142857142857142
2,39,1,9003,1,1,120.0,1,2,2,1,4,100.0,0,0,0,1,1,0,30,0,3,12,12,3,12.0,0,5,12,16,5,11.8,0,15.5,2.8,-4.06,11.9,8,-0.1999999999999993,24,0.3333333333333333
1,1,1,171,1,1,133.1,1,19,38,9,8,128.2,1,0,0,1,1,1,19,0,6,12,12,12,13.333333333333334,0,4,11,15,10,12.818181818181818,0,8.9,1.4,3.51,13.075757575757576,22,-0.5151515151515156,23,0.9565217391304348
1,16,1,171,1,1,155.0,1,1,3,5,10,167.3,1,0,0,1,1,0,19,0,0,0,0,0,0.0,0,0,0,0,0,0.0,0,13.9,-0.3,0.79,0.0,0,0.0,0,0.0
1,17,5,9670,1,1,115.0,1,1,19,5,5,117.1,0,0,0,1,0,0,21,0,0,5,7,3,12.666666666666666,0,0,5,6,4,12.75,1,7.6,2.6,0.32,12.708333333333332,7,0.08333333333333393,10,0.7
1,17,4,9500,1,1,129.0,1,38,37,9,5,120.0,1,0,0,1,0,0,19,0,0,8,8,7,12.454285714285716,0,0,8,8,7,12.454285714285716,0,10.8,1.4,1.74,12.454285714285716,14,0.0,16,0.875
1,17,1,9130,1,1,138.0,1,2,19,2,6,126.3,1,0,0,1,0,1,18,0,0,6,7,6,12.833333333333334,1,0,6,8,6,13.0,0,8.9,1.4,3.51,12.916666666666668,12,0.16666666666666607,12,1.0
1,1,1,9500,1,1,141.0,1,19,1,90,90,128.0,0,0,0,1,1,0,18,0,0,8,8,0,0.0,3,0,8,8,0,0.0,3,10.8,1.4,1.74,0.0,0,0.0,16,0.0
1,53,1,9085,1,42,160.0,1,19,37,4,9,160.0,1,0,0,1,0,0,20,0,7,11,15,11,13.785714285714286,0,4,9,9,9,13.88888888888889,0,8.9,1.4,3.51,13.837301587301589,20,0.10317460317460281,20,1.0
1,17,2,9238,1,1,128.0,1,19,37,9,8,116.5,0,0,0,1,0,1,18,0,0,6,11,5,11.142857142857142,0,0,6,11,4,11.25,0,16.2,0.3,-0.92,11.196428571428571,9,0.10714285714285765,12,0.75
1,17,3,9070,1,1,145.0,1,3,3,4,4,153.1,1,0,0,1,0,1,20,0,0,6,6,6,12.5,0,0,6,6,6,14.333333333333334,0,12.7,3.7,-1.7,13.416666666666668,12,1.833333333333334,12,1.0
1,39,2,9556,1,1,130.0,1,37,19,9,8,110.0,0,0,0,1,1,1,24,0,0,7,13,6,10.857142857142858,0,0,7,7,7,11.857142857142858,0,12.7,3.7,-1.7,11.357142857142858,13,1.0,14,0.9285714285714286
6,39,2,9147,1,1,133.1,1,37,37,9,9,110.0,0,0,0,1,0,0,47,0,0,5,0,0,0.0,0,0,5,0,0,0.0,0,9.4,-0.8,-3.12,0.0,0,0.0,10,0.0
1,39,1,9130,1,1,114.0,1,38,38,9,10,120.0,0,0,0,1,0,0,24,0,0,6,9,6,12.571428571428571,0,0,6,10,5,12.833333333333334,0,11.1,0.6,2.02,12.702380952380953,11,0.26190476190476275,12,0.9166666666666666
4,39,1,8014,0,19,133.1,1,37,37,9,9,113.5,0,0,0,1,0,1,39,0,0,6,6,6,13.833333333333334,0,0,6,6,6,15.5,0,11.1,0.6,2.02,14.666666666666668,12,1.666666666666666,12,1.0
4,39,1,9991,0,1,130.0,1,37,37,9,9,127.6,0,0,0,1,1,0,29,0,0,5,5,0,0.0,0,0,5,5,0,0.0,0,7.6,2.6,0.32,0.0,0,0.0,10,0.0
1,1,1,9147,1,1,124.0,1,38,19,3,10,128.6,1,0,0,1,0,0,20,0,0,5,5,4,12.0,0,0,4,4,2,11.5,0,7.6,2.6,0.32,11.75,6,-0.5,9,0.6666666666666666
1,1,1,9500,1,1,125.0,1,37,37,9,9,118.8,0,0,0,1,1,0,24,0,0,7,7,6,13.3,0,0,7,7,6,13.3,0,7.6,2.6,0.32,13.3,12,0.0,14,0.8571428571428571
1,17,1,9670,1,1,120.0,1,38,38,5,7,115.1,1,0,0,1,0,0,19,0,0,6,7,6,14.571428571428571,0,0,6,7,6,12.333333333333334,0,12.4,0.5,1.79,13.452380952380953,12,-2.2380952380952372,12,1.0
2,39,1,9130,1,19,133.1,1,2,1,8,8,120.0,1,0,1,0,1,0,28,0,0,6,12,1,11.0,0,0,6,9,2,10.5,0,16.2,0.3,-0.92,10.75,3,-0.5,12,0.25
1,17,1,9254,1,1,148.0,1,1,1,4,8,145.2,0,0,0,1,1,0,20,0,0,6,7,6,13.714285714285714,0,0,6,8,6,14.714285714285714,0,16.2,0.3,-0.92,14.214285714285714,12,1.0,12,1.0
1,7,1,9500,1,5,140.0,1,19,1,4,1,140.0,1,0,0,0,0,0,39,0,0,7,0,0,0.0,0,0,8,0,0,0.0,0,12.4,0.5,1.79,0.0,0,0.0,15,0.0
1,51,1,9085,1,1,125.0,1,1,1,9,4,120.0,0,0,0,1,0,0,22,0,0,6,8,6,14.833333333333334,0,0,6,10,5,13.833333333333334,0,11.1,0.6,2.02,14.333333333333334,11,-1.0,12,0.9166666666666666
1,51,1,9238,1,1,122.0,1,19,3,5,2,112.6,0,0,1,1,0,0,20,0,5,11,18,8,12.625,0,4,10,10,3,11.0,0,11.1,0.6,2.02,11.8125,11,-1.625,21,0.5238095238095238
1,17,4,9085,1,1,140.0,1,19,37,4,7,123.7,0,0,0,1,0,0,19,0,0,5,11,5,11.714285714285714,2,0,5,6,5,12.6,0,9.4,-0.8,-3.12,12.157142857142857,10,0.8857142857142861,10,1.0
1,1,1,9147,1,1,143.0,1,3,1,5,5,152.1,1,0,1,1,1,0,18,0,0,5,15,4,13.333333333333334,0,0,5,6,2,13.5,0,13.9,-0.3,0.79,13.416666666666668,6,0.16666666666666607,10,0.6
1,17,1,9500,1,1,145.0,1,1,1,4,10,131.4,0,0,0,1,0,0,19,0,0,7,7,7,13.44285714285714,0,0,8,8,7,13.771428571428572,0,13.9,-0.3,0.79,13.607142857142856,14,0.32857142857143273,15,0.9333333333333333
1,17,3,9119,1,1,117.0,1,1,2,3,2,119.8,1,0,0,1,1,0,19,0,0,5,10,2,11.0,0,0,6,10,0,0.0,0,11.1,0.6,2.02,5.5,2,-11.0,11,0.18181818181818182
1,1,3,9773,1,1,140.0,1,1,39,4,1,128.1,1,1,0,1,1,0,21,0,0,6,6,5,11.8,0,0,6,9,0,0.0,0,16.2,0.3,-0.92,5.9,5,-11.8,12,0.4166666666666667
1,7,2,9130,1,3,140.0,1,34,34,0,0,140.0,0,0,0,1,0,0,25,0,0,5,9,0,0.0,4,0,5,9,0,0.0,3,10.8,1.4,1.74,0.0,0,0.0,10,0.0
1,17,5,9119,1,1,126.0,1,38,38,5,9,116.9,1,0,1,1,1,0,20,0,0,5,5,4,14.5,0,0,6,8,3,13.333333333333334,0,11.1,0.6,2.02,13.916666666666668,7,-1.166666666666666,11,0.6363636363636364
2,43,1,9991,0,1,110.0,1,37,37,9,9,132.5,0,0,0,1,1,0,37,0,7,12,13,12,12.25,0,8,13,13,13,12.846153846153848,0,9.4,-0.8,-3.12,12.548076923076923,25,0.5961538461538485,25,1.0
1,17,2,9085,1,1,123.0,1,3,19,2,9,118.9,0,0,0,1,1,0,18,0,0,5,5,3,14.0,0,0,5,7,3,12.666666666666666,0,7.6,2.6,0.32,13.333333333333332,6,-1.333333333333334,10,0.6
1,1,1,9147,1,1,143.0,1,1,19,3,3,133.9,0,0,0,1,0,1,18,0,0,5,5,5,15.0,0,0,5,5,5,15.2,0,12.7,3.7,-1.7,15.1,10,0.1999999999999993,10,1.0
1,1,1,9670,1,1,133.1,1,38,38,5,9,105.0,1,0,0,1,0,0,20,0,0,6,9,6,13.285714285714286,0,0,6,8,5,13.8,0,15.5,2.8,-4.06,13.542857142857144,11,0.5142857142857142,12,0.9166666666666666
1,1,1,9238,1,1,141.0,1,37,38,9,10,138.9,0,0,0,1,0,0,18,0,0,6,9,6,13.714285714285714,0,0,6,6,6,14.166666666666666,0,13.9,-0.3,0.79,13.94047619047619,12,0.45238095238095255,12,1.0
1,39,1,9003,1,1,135.0,1,38,38,9,6,138.1,0,0,1,0,0,0,28,0,0,6,6,0,0.0,0,0,6,7,0,0.0,0,8.9,1.4,3.51,0.0,0,0.0,12,0.0
1,1,4,9500,1,1,126.0,1,12,1,5,10,120.2,0,0,0,1,0,1,19,0,0,7,9,5,14.06,0,0,7,9,7,11.242857142857142,0,12.4,0.5,1.79,12.651428571428571,12,-2.8171428571428585,14,0.8571428571428571
1,1,5,9670,1,1,133.1,1,9,1,2,4,133.0,1,0,0,1,0,0,19,0,0,6,0,0,0.0,0,0,6,0,0,0.0,0,7.6,2.6,0.32,0.0,0,0.0,12,0.0
1,17,1,9238,1,1,120.0,1,37,37,4,9,117.1,1,0,0,1,0,1,18,0,0,6,10,5,10.571428571428571,1,0,6,9,5,12.2,0,12.7,3.7,-1.7,11.385714285714286,10,1.6285714285714281,12,0.8333333333333334
2,39,1,9991,0,1,150.0,1,1,4,4,2,146.0,0,0,0,1,1,0,34,0,0,5,5,5,14.2,0,0,5,5,5,14.6,0,12.7,3.7,-1.7,14.399999999999999,10,0.40000000000000036,10,1.0
1,1,1,9070,1,1,124.0,1,37,19,9,3,116.3,1,0,0,1,0,0,20,0,0,6,8,5,12.2,0,0,6,6,6,11.5,0,16.2,0.3,-0.92,11.85,11,-0.6999999999999993,12,0.9166666666666666
1,1,2,9500,1,1,140.0,1,1,1,2,7,131.0,1,0,0,1,0,1,18,0,0,8,8,8,13.88125,0,0,8,8,8,13.88125,0,9.4,-0.8,-3.12,13.88125,16,0.0,16,1.0
1,39,1,9085,1,1,150.0,1,38,38,9,9,132.0,1,0,0,1,0,0,24,0,0,5,6,5,12.0,0,0,5,5,5,13.0,0,10.8,1.4,1.74,12.5,10,1.0,10,1.0
1,39,1,9500,1,1,140.0,1,37,37,9,6,135.5,0,0,0,1,0,0,32,0,0,7,0,0,0.0,0,0,8,0,0,0.0,0,13.9,-0.3,0.79,0.0,0,0.0,15,0.0
1,17,1,9254,1,1,142.0,1,19,39,5,4,141.7,0,0,0,1,0,1,18,0,0,6,8,6,12.666666666666666,0,0,6,6,6,13.0,0,13.9,-0.3,0.79,12.833333333333332,12,0.3333333333333339,12,1.0
1,1,1,9773,1,1,127.0,1,19,37,9,9,116.5,0,0,0,1,0,1,19,0,0,6,7,6,14.285714285714286,0,0,6,6,6,13.166666666666666,0,11.1,0.6,2.02,13.726190476190476,12,-1.1190476190476204,12,1.0
1,1,1,9500,1,1,150.0,1,1,1,5,1,155.6,0,0,0,1,0,0,19,0,0,7,7,7,14.3,0,0,8,9,8,14.055555555555555,0,16.2,0.3,-0.92,14.177777777777777,15,-0.24444444444444535,15,1.0
1,17,1,9119,1,1,131.0,1,1,3,9,10,123.7,1,0,0,1,1,0,20,0,0,5,7,4,12.0,0,0,5,8,2,12.5,0,10.8,1.4,1.74,12.25,6,0.5,10,0.6
1,1,1,9670,1,1,131.0,1,37,37,9,9,123.0,1,0,0,1,0,1,18,0,0,5,6,3,11.666666666666666,0,0,5,6,4,13.5,0,7.6,2.6,0.32,12.583333333333332,7,1.833333333333334,10,0.7
2,44,1,8014,0,39,160.0,1,37,19,9,10,155.9,0,0,0,1,0,0,33,0,3,6,7,6,15.714285714285714,0,2,6,7,6,15.5,0,13.9,-0.3,0.79,15.607142857142858,12,-0.21428571428571352,12,1.0
1,1,1,171,1,1,151.0,41,3,3,2,5,161.9,1,0,0,1,0,1,19,1,0,0,0,0,0.0,0,0,0,0,0,0.0,0,13.9,-0.3,0.79,0.0,0,0.0,0,0.0
1,1,2,9085,1,1,151.0,1,40,4,2,2,144.5,1,0,0,1,0,0,18,0,0,6,7,6,15.666666666666666,0,0,6,6,6,14.833333333333334,0,8.9,1.4,3.51,15.25,12,-0.8333333333333321,12,1.0
1,17,3,9500,1,1,133.0,1,38,19,9,8,128.8,1,0,0,1,1,0,18,0,0,7,8,7,11.8375,0,0,8,9,8,12.48125,0,13.9,-0.3,0.79,12.159375,15,0.6437499999999989,15,1.0
1,43,1,9147,1,1,130.0,1,37,19,9,8,130.8,0,0,0,1,1,0,22,0,0,5,5,0,0.0,0,0,5,9,3,13.333333333333334,2,16.2,0.3,-0.92,6.666666666666667,3,13.333333333333334,10,0.3
1,39,1,9003,1,12,133.1,1,19,1,9,1,130.0,0,0,0,1,1,0,29,0,0,6,17,0,0.0,2,0,6,8,0,0.0,0,15.5,2.8,-4.06,0.0,0,0.0,12,0.0
1,1,1,9670,1,1,137.0,1,38,37,9,9,122.3,0,0,0,1,1,1,18,0,0,6,7,6,13.571428571428571,0,0,6,6,6,14.333333333333334,0,12.4,0.5,1.79,13.952380952380953,12,0.7619047619047628,12,1.0
1,1,3,171,1,1,137.0,1,1,3,5,2,133.9,1,0,0,1,1,0,19,0,0,0,0,0,0.0,0,0,0,0,0,0.0,0,12.7,3.7,-1.7,0.0,0,0.0,0,0.0
2,1,1,8014,0,1,121.0,1,37,37,9,9,114.4,1,0,0,1,0,0,45,0,8,12,14,12,14.0,0,2,7,12,7,13.857142857142858,0,7.6,2.6,0.32,13.928571428571429,19,-0.14285714285714235,19,1.0
1,43,1,9254,1,1,110.0,1,12,19,9,9,125.0,0,0,0,0,1,0,31,0,3,8,19,5,12.166666666666666,0,3,7,12,5,12.0,0,7.6,2.6,0.32,12.083333333333332,10,-0.16666666666666607,15,0.6666666666666666
1,17,2,9500,1,1,135.0,1,1,19,4,10,133.5,1,0,0,1,0,0,19,0,0,8,8,8,13.3425,0,0,8,8,8,13.3425,0,9.4,-0.8,-3.12,13.3425,16,0.0,16,1.0
1,44,1,9130,1,39,150.0,1,5,1,2,5,150.0,1,0,0,1,1,0,19,0,1,6,13,5,11.6,0,1,6,12,2,11.0,0,13.9,-0.3,0.79,11.3,7,-0.5999999999999996,12,0.5833333333333334
2,39,1,9500,1,1,130.0,1,37,37,191,183,163.7,0,0,0,1,0,0,35,0,0,7,11,5,13.34,0,0,7,9,5,10.84,0,12.4,0.5,1.79,12.09,10,-2.5,14,0.7142857142857143
1,1,1,9130,1,1,144.0,1,3,1,2,4,134.9,1,0,1,1,0,0,18,0,0,6,13,6,10.857142857142858,0,0,6,10,4,11.0,0,15.5,2.8,-4.06,10.928571428571429,10,0.14285714285714235,12,0.8333333333333334
1,1,2,9773,1,1,132.0,1,38,1,9,9,124.3,1,0,0,1,0,0,19,0,0,6,6,5,12.2,0,0,6,7,5,10.8,0,10.8,1.4,1.74,11.5,10,-1.3999999999999986,12,0.8333333333333334
1,44,1,9003,1,39,140.0,1,38,38,6,6,140.0,0,0,0,1,0,0,19,0,0,6,7,6,12.0,0,0,6,7,6,12.666666666666666,0,12.4,0.5,1.79,12.333333333333332,12,0.6666666666666661,12,1.0
2,39,1,9238,1,1,120.0,1,37,37,7,7,134.0,0,0,0,1,1,1,40,0,0,6,7,6,12.333333333333334,0,0,6,10,4,12.75,0,8.9,1.4,3.51,12.541666666666668,10,0.4166666666666661,12,0.8333333333333334
1,1,6,9500,1,1,144.0,1,1,37,9,9,127.5,1,0,0,1,0,1,18,0,0,8,8,7,13.857142857142858,0,0,8,8,7,13.857142857142858,0,12.7,3.7,-1.7,13.857142857142858,14,0.0,16,0.875
1,1,1,9853,1,1,163.0,1,19,1,5,10,146.6,1,0,1,1,0,0,18,0,0,6,9,5,13.6,0,0,6,10,4,11.75,0,9.4,-0.8,-3.12,12.675,9,-1.8499999999999996,12,0.75
1,1,6,9500,1,1,122.0,1,19,37,3,5,116.6,1,0,1,1,1,1,20,0,0,7,7,7,13.314285714285717,0,0,8,8,8,12.575,0,12.4,0.5,1.79,12.944642857142858,15,-0.7392857142857174,15,1.0
1,53,1,9147,1,42,140.0,1,3,4,2,1,140.2,0,0,0,1,0,0,20,0,6,11,19,9,12.555555555555555,0,3,9,14,8,11.11111111111111,0,8.9,1.4,3.51,11.833333333333332,17,-1.4444444444444446,20,0.85
1,39,1,9500,1,1,133.1,1,1,1,4,10,100.8,0,0,0,1,1,0,24,0,0,7,18,0,0.0,0,0,7,7,0,0.0,0,13.9,-0.3,0.79,0.0,0,0.0,14,0.0
1,1,1,9238,1,1,154.0,1,1,3,4,2,164.9,0,0,0,1,0,0,18,0,0,6,6,6,14.0,0,0,6,6,6,13.166666666666666,0,10.8,1.4,1.74,13.583333333333332,12,-0.8333333333333339,12,1.0
1,10,1,9670,1,1,148.9,22,37,37,9,9,148.9,0,0,0,1,0,0,20,1,0,5,6,5,11.6,0,0,5,6,4,11.5,0,9.4,-0.8,-3.12,11.55,9,-0.09999999999999964,10,0.9
1,17,3,9238,1,1,121.0,1,1,1,4,5,117.2,0,0,0,1,0,0,19,0,0,6,11,5,11.2,0,0,6,13,5,11.6,0,15.5,2.8,-4.06,11.399999999999999,10,0.40000000000000036,12,0.8333333333333334
2,42,1,9991,0,6,123.0,1,37,37,9,9,123.0,0,0,0,1,1,0,37,0,0,5,10,5,15.8,0,0,5,5,5,17.6,0,9.4,-0.8,-3.12,16.700000000000003,10,1.8000000000000007,10,1.0
1,17,2,9500,1,1,129.0,1,38,19,5,7,124.0,1,0,0,1,0,1,18,0,0,8,8,7,14.312857142857142,0,0,8,8,7,14.312857142857142,0,10.8,1.4,1.74,14.312857142857142,14,0.0,16,0.875
1,44,1,9130,1,39,120.0,6,4,4,3,6,120.0,0,0,1,0,0,0,20,1,2,6,13,3,11.666666666666666,0,1,6,11,3,12.0,0,12.4,0.5,1.79,11.833333333333332,6,0.3333333333333339,12,0.5
1,1,3,9085,1,1,126.0,1,38,1,9,9,132.0,1,0,0,1,0,1,18,0,0,5,8,3,15.0,2,0,5,9,3,11.666666666666666,0,9.4,-0.8,-3.12,13.333333333333332,6,-3.333333333333334,10,0.6
2,7,1,9991,0,43,140.0,1,40,5,3,3,140.0,0,0,0,1,0,0,33,0,2,6,7,6,15.333333333333334,0,0,5,5,5,15.8,0,11.1,0.6,2.02,15.566666666666666,11,0.4666666666666668,11,1.0
1,44,1,9070,1,39,130.0,1,1,1,4,10,130.0,1,0,0,1,0,0,19,0,2,7,11,6,12.0,0,5,9,9,8,12.75,0,16.2,0.3,-0.92,12.375,14,0.75,16,0.875
1,1,1,9238,1,1,148.0,1,37,37,9,9,143.5,0,0,0,1,0,0,18,0,0,6,6,6,13.0,0,0,6,6,6,12.833333333333334,0,10.8,1.4,1.74,12.916666666666668,12,-0.16666666666666607,12,1.0
4,43,4,9991,0,12,133.1,1,37,37,9,9,153.0,0,0,0,0,0,0,40,0,0,5,10,0,0.0,0,0,5,5,0,0.0,0,7.6,2.6,0.32,0.0,0,0.0,10,0.0
2,1,1,9147,1,1,151.0,1,38,37,9,8,132.1,1,0,0,1,0,0,34,0,0,5,7,2,10.0,0,0,5,6,4,12.0,0,7.6,2.6,0.32,11.0,6,2.0,10,0.6
1,1,4,9500,1,1,118.0,1,19,19,3,3,110.0,1,0,0,1,0,0,19,0,0,7,12,4,12.85,0,0,7,7,7,12.62142857142857,0,11.1,0.6,2.02,12.735714285714284,11,-0.22857142857142954,14,0.7857142857142857
1,39,1,9500,1,1,120.0,1,1,2,144,123,125.3,0,0,1,1,1,0,30,0,0,7,12,4,14.4,0,0,7,9,6,13.5,0,12.4,0.5,1.79,13.95,10,-0.9000000000000004,14,0.7142857142857143
1,17,1,9500,1,1,140.0,1,19,38,7,7,136.5,1,0,0,1,0,1,18,0,0,7,7,7,14.838571428571427,0,0,8,9,8,14.8,0,12.4,0.5,1.79,14.819285714285714,15,-0.03857142857142648,15,1.0
1,17,1,9991,0,1,160.0,1,34,34,0,0,161.8,1,0,1,1,1,0,33,0,0,5,8,2,10.5,0,0,5,5,0,0.0,0,7.6,2.6,0.32,5.25,2,-10.5,10,0.2
1,17,1,9670,1,1,155.0,1,1,19,4,8,134.7,1,0,0,1,0,0,20,0,0,6,8,5,13.4,0,0,6,10,4,13.0,0,12.7,3.7,-1.7,13.2,9,-0.40000000000000036,12,0.75
1,44,1,9085,1,39,150.0,1,3,19,2,4,150.0,1,0,0,1,0,0,22,0,1,6,9,6,13.0,0,1,6,18,3,12.666666666666666,0,12.4,0.5,1.79,12.833333333333332,9,-0.3333333333333339,12,0.75
1,17,2,9119,1,1,127.0,1,19,1,9,10,121.1,1,0,0,1,1,1,18,0,0,5,6,5,13.2,0,0,5,8,5,12.6,0,8.9,1.4,3.51,12.899999999999999,10,-0.5999999999999996,10,1.0
2,39,1,9500,1,19,133.1,1,37,37,9,9,129.0,1,0,0,1,0,0,36,0,0,7,7,6,11.3,0,0,7,7,6,11.3,0,7.6,2.6,0.32,11.3,12,0.0,14,0.8571428571428571
1,1,1,9238,1,1,120.0,1,3,3,3,3,111.6,0,0,0,1,0,0,20,0,0,6,6,6,14.5,0,0,6,6,6,12.666666666666666,0,12.4,0.5,1.79,13.583333333333332,12,-1.833333333333334,12,1.0
1,44,1,9130,1,39,150.0,1,1,1,4,4,150.0,1,0,0,1,0,0,20,0,0,5,7,4,12.0,1,0,5,6,4,12.4,0,10.8,1.4,1.74,12.2,8,0.40000000000000036,10,0.8
1,1,1,9070,1,1,116.0,1,3,3,0,1,108.7,1,0,0,1,1,0,23,0,0,6,9,4,11.25,1,0,6,10,0,0.0,4,7.6,2.6,0.32,5.625,4,-11.25,12,0.3333333333333333
1,17,1,9070,1,1,119.0,1,38,19,9,9,115.2,0,0,0,1,1,1,21,0,0,6,8,4,11.5,0,0,6,7,5,11.0,0,15.5,2.8,-4.06,11.25,9,-0.5,12,0.75
1,1,4,9500,1,1,127.0,1,19,37,7,7,121.5,1,0,0,1,1,0,20,0,0,7,7,6,13.016666666666666,0,0,7,7,6,13.016666666666666,0,7.6,2.6,0.32,13.016666666666666,12,0.0,14,0.8571428571428571
1,1,3,9070,1,1,110.0,1,37,37,9,9,107.6,1,0,0,1,1,1,22,0,0,6,6,6,11.666666666666666,0,0,6,6,6,12.166666666666666,0,7.6,2.6,0.32,11.916666666666666,12,0.5,12,1.0
1,1,1,9853,1,1,124.0,1,3,1,2,5,121.6,0,0,0,1,0,0,18,0,0,6,9,5,12.333333333333334,0,0,6,10,5,10.6,0,15.5,2.8,-4.06,11.466666666666667,10,-1.7333333333333343,12,0.8333333333333334
1,1,1,9500,1,1,151.0,1,37,37,9,9,138.0,1,0,0,1,0,0,18,0,0,7,7,6,15.2,0,0,7,7,6,15.2,0,7.6,2.6,0.32,15.2,12,0.0,14,0.8571428571428571
2,39,1,9991,0,1,121.0,1,37,19,9,9,141.4,0,0,1,0,1,0,29,0,0,5,7,4,11.25,0,0,5,8,4,11.8,0,10.8,1.4,1.74,11.525,8,0.5500000000000007,10,0.8
1,15,1,9147,1,1,133.1,21,1,3,192,3,100.0,0,0,1,1,1,0,40,1,0,5,10,1,11.0,0,0,5,10,1,10.0,0,11.1,0.6,2.02,10.5,2,-1.0,10,0.2
1,43,2,9500,1,1,120.0,1,41,3,2,2,112.7,0,0,0,1,0,0,21,0,0,8,12,6,11.68,0,0,8,12,6,11.68,0,10.8,1.4,1.74,11.68,12,0.0,16,0.75
1,1,2,9500,1,1,134.0,1,19,19,4,7,131.0,1,0,0,1,1,0,18,0,0,7,9,7,14.594444444444443,0,0,8,10,8,13.472,0,15.5,2.8,-4.06,14.033222222222221,15,-1.1224444444444437,15,1.0
1,1,3,9500,1,1,128.0,1,38,38,5,5,118.6,1,0,0,1,0,1,19,0,0,7,9,6,11.814285714285717,0,0,8,8,7,13.542857142857144,0,13.9,-0.3,0.79,12.67857142857143,13,1.7285714285714278,15,0.8666666666666667
1,44,1,171,1,39,150.0,1,4,4,2,2,150.0,0,0,0,1,1,0,25,0,0,0,0,0,0.0,0,0,0,0,0,0.0,0,15.5,2.8,-4.06,0.0,0,0.0,0,0.0
1,18,4,9500,1,1,137.0,1,3,1,3,4,126.7,1,0,0,1,0,0,18,0,0,7,8,7,13.6875,0,0,8,9,8,15.622222222222222,0,13.9,-0.3,0.79,14.65486111111111,15,1.9347222222222218,15,1.0
1,17,1,9147,1,1,137.0,1,3,38,1,9,131.4,0,0,0,0,1,0,19,0,0,5,13,4,10.0,0,0,5,7,3,11.333333333333334,0,15.5,2.8,-4.06,10.666666666666668,7,1.333333333333334,10,0.7
1,1,1,9254,1,1,125.0,1,37,37,9,9,122.9,0,0,0,1,1,1,19,0,0,6,7,6,11.166666666666666,0,0,6,12,3,11.666666666666666,0,10.8,1.4,1.74,11.416666666666666,9,0.5,12,0.75
1,1,1,9254,1,1,178.0,1,2,1,2,3,157.7,0,0,0,1,1,0,34,0,0,6,13,2,13.5,0,0,6,6,0,0.0,0,15.5,2.8,-4.06,6.75,2,-13.5,12,0.16666666666666666
1,1,4,9500,1,1,140.0,1,38,38,7,7,133.2,1,0,0,1,0,1,20,0,0,7,10,7,14.175,0,0,8,14,6,13.03125,0,15.5,2.8,-4.06,13.603125,13,-1.1437500000000007,15,0.8666666666666667
1,17,2,171,1,1,142.0,1,3,1,2,6,139.4,1,0,0,1,0,1,18,0,0,0,0,0,0.0,0,0,0,0,0,0.0,0,15.5,2.8,-4.06,0.0,0,0.0,0,0.0
1,1,5,9500,1,1,141.0,1,38,19,9,6,126.3,1,0,0,1,0,0,20,0,0,8,12,7,12.471428571428572,0,0,8,12,7,12.471428571428572,0,12.7,3.7,-1.7,12.471428571428572,14,0.0,16,0.875
1,15,1,9254,1,1,140.0,26,19,1,9,7,140.0,1,0,0,0,0,0,21,1,0,6,6,6,11.5,0,0,6,10,4,13.25,0,13.9,-0.3,0.79,12.375,10,1.75,12,0.8333333333333334
1,17,4,9238,1,1,133.1,1,1,19,9,5,95.0,1,0,0,1,0,1,19,0,0,6,12,6,11.666666666666666,0,0,6,7,0,0.0,0,15.5,2.8,-4.06,5.833333333333333,6,-11.666666666666666,12,0.5
1,1,1,9238,1,1,107.0,1,2,12,3,10,104.2,1,0,0,1,0,0,20,0,0,6,6,6,12.166666666666666,0,0,6,7,6,12.142857142857142,0,11.1,0.6,2.02,12.154761904761905,12,-0.023809523809523725,12,1.0
1,1,5,9238,1,1,126.0,1,38,1,9,5,125.7,1,0,0,1,0,1,19,0,0,6,8,6,11.0,0,0,6,13,3,11.0,0,9.4,-0.8,-3.12,11.0,9,0.0,12,0.75
1,1,1,9773,1,1,152.0,1,38,37,9,9,139.1,0,0,0,1,0,1,19,0,0,6,6,6,12.833333333333334,0,0,6,6,6,13.5,0,16.2,0.3,-0.92,13.166666666666668,12,0.6666666666666661,12,1.0
1,17,2,9147,1,1,134.0,1,37,19,9,8,126.3,1,0,0,1,0,1,18,0,0,5,8,5,11.8,0,0,5,10,5,11.6,3,16.2,0.3,-0.92,11.7,10,-0.20000000000000107,10,1.0
1,1,1,9085,1,1,123.0,1,1,1,4,9,116.7,1,0,0,1,1,1,20,0,0,6,10,4,13.2,0,0,6,8,0,0.0,0,12.4,0.5,1.79,6.6,4,-13.2,12,0.3333333333333333
1,1,2,9773,1,1,148.0,1,1,19,9,9,141.7,0,0,0,1,0,0,18,0,0,6,6,6,13.833333333333334,0,0,6,6,6,12.666666666666666,0,10.8,1.4,1.74,13.25,12,-1.1666666666666679,12,1.0
1,1,2,9500,1,1,149.0,1,3,1,9,9,137.5,0,0,0,1,1,0,19,0,0,8,8,7,13.828571428571427,0,0,8,8,7,13.828571428571427,0,12.7,3.7,-1.7,13.828571428571427,14,0.0,16,0.875
3,39,1,9003,1,1,170.0,1,1,37,6,6,170.0,0,0,1,1,0,0,47,0,0,1,1,0,0.0,0,0,6,0,0,0.0,0,8.9,1.4,3.51,0.0,0,0.0,7,0.0
1,1,1,9238,1,1,116.0,1,38,19,8,10,110.8,1,0,0,1,1,0,19,0,0,6,0,0,0.0,0,0,6,0,0,0.0,0,16.2,0.3,-0.92,0.0,0,0.0,12,0.0
2,39,1,9991,0,1,140.0,1,37,12,9,9,150.0,0,0,1,1,1,0,35,0,0,5,6,5,10.8,0,0,5,7,5,12.0,2,9.4,-0.8,-3.12,11.4,10,1.1999999999999993,10,1.0
1,1,2,9070,1,1,126.0,1,19,38,9,9,132.0,1,0,0,1,0,1,19,0,0,6,6,6,14.166666666666666,0,0,6,8,6,12.375,0,10.8,1.4,1.74,13.270833333333332,12,-1.791666666666666,12,1.0
1,44,1,9085,1,39,160.0,1,1,1,4,4,160.0,0,0,0,1,1,0,21,0,1,5,15,3,12.333333333333334,2,0,5,7,5,11.4,0,9.4,-0.8,-3.12,11.866666666666667,8,-0.9333333333333336,10,0.8
1,39,2,9147,1,38,133.1,1,19,38,9,9,102.5,0,0,0,0,1,0,26,0,0,4,4,0,0.0,0,0,5,0,0,0.0,0,12.7,3.7,-1.7,0.0,0,0.0,9,0.0
1,39,1,9254,1,1,160.0,1,3,1,6,6,116.3,1,0,0,1,0,0,24,0,0,6,8,5,12.6,0,0,6,7,5,12.2,0,9.4,-0.8,-3.12,12.399999999999999,10,-0.40000000000000036,12,0.8333333333333334
1,43,1,9003,1,1,130.0,1,37,1,5,4,130.0,0,0,0,1,1,0,25,0,8,14,24,8,12.5,2,6,13,23,10,11.6,0,15.5,2.8,-4.06,12.05,18,-0.9000000000000004,27,0.6666666666666666
1,1,5,9500,1,1,135.0,1,37,37,7,7,124.0,1,0,0,1,0,1,19,0,0,8,8,7,12.771428571428572,1,0,8,8,7,12.771428571428572,1,9.4,-0.8,-3.12,12.771428571428572,14,0.0,16,0.875
1,10,1,9500,1,1,140.0,24,3,3,2,9,140.0,1,0,1,0,0,0,23,1,0,8,11,7,11.328571428571427,0,0,8,11,7,11.328571428571427,0,12.7,3.7,-1.7,11.328571428571427,14,0.0,16,0.875
1,1,3,9500,1,1,137.0,1,19,19,5,4,131.5,1,0,0,1,0,1,20,0,0,8,8,8,13.38125,0,0,8,8,8,13.38125,0,9.4,-0.8,-3.12,13.38125,16,0.0,16,1.0
1,1,2,9147,1,1,130.0,1,37,37,9,9,117.8,0,0,0,1,0,0,18,0,0,5,8,2,10.0,0,0,5,9,3,11.333333333333334,0,7.6,2.6,0.32,10.666666666666668,5,1.333333333333334,10,0.5
1,17,1,9130,1,1,132.0,1,2,1,4,1,127.8,0,0,0,1,1,0,18,0,0,6,9,6,12.0,0,0,6,10,5,12.166666666666666,0,11.1,0.6,2.02,12.083333333333332,11,0.16666666666666607,12,0.9166666666666666
1,1,3,9070,1,1,147.0,1,34,37,5,7,135.8,1,0,0,1,0,0,20,0,0,6,6,6,13.666666666666666,0,0,6,6,6,13.333333333333334,0,9.4,-0.8,-3.12,13.5,12,-0.33333333333333215,12,1.0
1,43,1,9238,1,1,122.0,1,19,19,5,5,114.3,1,0,0,1,0,0,22,0,5,10,15,8,11.0,0,2,7,16,5,11.2,0,9.4,-0.8,-3.12,11.1,13,0.1999999999999993,17,0.7647058823529411
1,1,1,9085,1,1,128.0,1,19,1,5,4,135.7,1,0,0,1,0,0,20,0,0,5,7,4,12.75,0,0,5,5,5,13.4,0,10.8,1.4,1.74,13.075,9,0.6500000000000004,10,0.9
1,1,1,9500,1,1,133.0,1,38,38,5,5,123.2,0,0,0,1,0,0,18,0,0,7,7,7,13.285714285714286,0,0,8,9,8,13.333333333333334,0,16.2,0.3,-0.92,13.30952380952381,15,0.04761904761904745,15,1.0
1,39,1,171,1,1,145.0,1,3,1,2,10,114.5,1,0,0,1,1,0,24,0,0,0,0,0,0.0,0,0,0,0,0,0.0,0,9.4,-0.8,-3.12,0.0,0,0.0,0,0.0
1,1,1,9147,1,1,130.0,1,1,19,3,3,123.0,0,0,0,1,0,1,18,0,0,5,7,5,13.333333333333334,0,0,5,6,5,13.6,0,12.7,3.7,-1.7,13.466666666666667,10,0.2666666666666657,10,1.0
1,43,1,9991,0,1,141.0,1,37,37,9,9,131.9,0,0,0,1,0,0,21,0,6,10,20,6,11.5,0,5,10,17,5,12.4,0,9.4,-0.8,-3.12,11.95,11,0.9000000000000004,20,0.55
1,44,1,171,1,39,110.0,1,37,37,5,6,108.3,0,0,0,0,0,0,26,0,4,9,9,4,11.25,0,3,10,12,3,11.0,0,12.4,0.5,1.79,11.125,7,-0.25,19,0.3684210526315789
1,17,1,9254,1,1,133.1,1,1,1,4,5,131.0,1,0,0,1,0,0,21,0,0,6,12,3,11.0,0,0,6,12,2,11.0,0,9.4,-0.8,-3.12,11.0,5,0.0,12,0.4166666666666667
1,17,1,9500,1,1,128.0,1,37,37,9,8,124.3,1,0,0,1,0,1,19,0,0,7,8,7,13.46875,0,0,8,8,8,13.31375,0,15.5,2.8,-4.06,13.39125,15,-0.15499999999999936,15,1.0
1,39,1,9085,1,1,130.0,1,37,19,9,7,130.0,1,0,0,1,0,0,28,0,0,5,13,4,11.25,1,0,5,11,4,10.5,0,12.7,3.7,-1.7,10.875,8,-0.75,10,0.8
1,1,1,9238,1,1,135.0,1,19,19,9,9,124.5,0,0,0,1,0,1,18,0,0,6,11,5,11.142857142857142,0,0,6,8,6,12.285714285714286,0,16.2,0.3,-0.92,11.714285714285715,11,1.1428571428571441,12,0.9166666666666666
1,43,1,8014,0,1,148.0,1,37,37,9,9,134.7,0,0,0,1,0,0,23,0,9,13,15,9,11.0,0,4,11,12,7,11.571428571428571,0,15.5,2.8,-4.06,11.285714285714285,16,0.5714285714285712,24,0.6666666666666666
2,7,1,9238,1,3,150.0,1,37,37,191,192,150.0,0,0,0,1,0,0,31,0,1,6,12,5,12.5,0,0,6,10,5,14.6,0,12.7,3.7,-1.7,13.55,10,2.0999999999999996,12,0.8333333333333334
1,17,5,9254,1,1,113.0,1,1,1,2,3,110.2,1,0,0,1,1,0,21,0,0,6,10,4,11.5,0,0,6,10,2,10.5,0,9.4,-0.8,-3.12,11.0,6,-1.0,12,0.5
1,39,1,8014,0,1,133.1,1,37,38,9,9,148.5,0,0,0,1,1,0,34,0,0,6,6,4,12.25,0,0,5,5,0,0.0,0,11.1,0.6,2.02,6.125,4,-12.25,11,0.36363636363636365
1,17,2,9085,1,1,120.0,1,1,1,9,10,115.0,0,0,0,0,0,0,20,0,0,5,8,2,10.5,0,0,5,8,2,12.333333333333334,0,7.6,2.6,0.32,11.416666666666668,4,1.833333333333334,10,0.4
1,39,2,8014,0,1,141.0,1,37,37,9,9,150.5,0,0,0,1,0,0,29,0,0,6,7,6,13.166666666666666,0,0,6,8,6,15.625,0,12.4,0.5,1.79,14.395833333333332,12,2.458333333333334,12,1.0
1,17,3,9085,1,1,134.0,1,37,38,9,9,120.4,1,0,0,1,0,0,20,0,0,5,13,3,11.333333333333334,2,0,5,8,5,12.6,0,9.4,-0.8,-3.12,11.966666666666667,8,1.2666666666666657,10,0.8
1,39,1,9991,0,1,150.0,1,19,38,9,8,140.9,0,1,0,1,0,0,24,0,0,5,7,3,10.666666666666666,0,0,5,7,3,10.5,0,10.8,1.4,1.74,10.583333333333332,6,-0.16666666666666607,10,0.6
1,39,1,9991,0,1,140.0,1,37,37,9,5,140.0,0,0,0,0,0,0,37,0,0,5,5,0,0.0,0,0,5,5,0,0.0,0,15.5,2.8,-4.06,0.0,0,0.0,10,0.0
2,39,1,9147,1,1,130.0,1,37,37,9,9,142.5,0,0,0,1,0,0,39,0,0,5,8,4,11.25,0,0,5,8,4,11.5,0,11.1,0.6,2.02,11.375,8,0.25,10,0.8
1,39,2,9991,0,1,133.1,1,19,38,9,9,102.5,0,0,0,0,1,0,27,0,0,5,10,0,0.0,0,0,5,5,0,0.0,0,15.5,2.8,-4.06,0.0,0,0.0,10,0.0
1,1,1,9119,1,1,163.0,1,19,37,5,8,150.8,1,0,0,1,1,0,18,0,0,5,9,4,10.5,0,0,5,11,2,10.5,3,7.6,2.6,0.32,10.5,6,0.0,10,0.6
1,1,1,9500,1,1,125.0,1,1,1,4,4,119.8,1,0,0,1,0,1,19,0,0,8,8,8,12.82875,0,0,8,8,8,12.82875,0,9.4,-0.8,-3.12,12.82875,16,0.0,16,1.0
1,17,2,9773,1,1,133.1,1,3,5,0,2,125.8,1,0,0,0,1,1,22,0,0,4,8,0,0.0,0,0,4,8,0,0.0,0,7.6,2.6,0.32,0.0,0,0.0,8,0.0
2,39,1,9500,1,1,140.0,1,19,19,9,7,110.5,0,0,0,1,0,0,31,0,0,7,0,0,0.0,0,0,8,0,0,0.0,0,12.7,3.7,-1.7,0.0,0,0.0,15,0.0
1,18,1,9500,1,1,128.0,1,19,1,9,4,125.8,0,0,0,1,0,1,20,0,0,8,8,0,0.0,8,0,8,8,0,0.0,8,9.4,-0.8,-3.12,0.0,0,0.0,16,0.0
1,17,1,9238,1,1,145.0,1,1,40,9,2,129.6,0,0,0,1,0,1,19,0,0,6,7,6,11.333333333333334,0,0,6,7,6,12.428571428571429,0,11.1,0.6,2.02,11.880952380952381,12,1.095238095238095,12,1.0
1,39,1,9003,1,1,130.0,1,38,37,7,7,120.0,0,0,0,1,1,0,32,0,12,18,25,18,13.736842105263158,0,10,13,15,12,13.75,1,15.5,2.8,-4.06,13.743421052631579,30,0.01315789473684248,31,0.967741935483871
1,1,1,9085,1,1,133.1,1,3,1,4,9,105.0,1,0,0,1,1,0,21,0,0,6,15,3,11.25,0,0,6,9,0,0.0,0,12.4,0.5,1.79,5.625,3,-11.25,12,0.25
1,1,1,9500,1,1,130.0,1,19,19,9,6,135.0,0,0,0,1,0,0,19,0,0,7,7,6,14.266666666666666,0,0,7,7,6,14.266666666666666,0,7.6,2.6,0.32,14.266666666666666,12,0.0,14,0.8571428571428571
1,1,1,9853,1,1,148.0,1,19,19,5,7,141.7,0,0,0,1,0,1,18,0,0,6,8,5,13.4,0,0,6,7,6,13.166666666666666,0,9.4,-0.8,-3.12,13.283333333333333,11,-0.23333333333333428,12,0.9166666666666666
1,53,1,9238,1,42,130.0,1,1,19,5,5,128.3,0,0,1,0,0,0,23,0,5,9,12,7,13.571428571428571,0,4,9,14,4,13.25,0,8.9,1.4,3.51,13.410714285714285,11,-0.3214285714285712,18,0.6111111111111112
4,39,1,8014,0,3,100.0,1,37,37,9,9,130.0,0,0,0,1,0,1,43,0,0,6,7,5,12.2,0,0,6,6,6,12.333333333333334,0,9.4,-0.8,-3.12,12.266666666666666,11,0.13333333333333464,12,0.9166666666666666
1,17,2,9500,1,1,141.0,1,37,1,9,4,127.3,1,0,0,1,0,1,19,0,0,7,7,6,13.8,0,0,7,7,6,13.8,0,7.6,2.6,0.32,13.8,12,0.0,14,0.8571428571428571
1,39,1,9991,0,3,120.0,1,37,37,9,9,141.0,0,0,0,1,0,0,29,0,10,15,15,11,11.454545454545457,0,9,13,16,11,11.545454545454543,0,10.8,1.4,1.74,11.5,22,0.09090909090908639,28,0.7857142857142857
1,1,1,9130,1,1,135.0,1,3,3,2,2,137.1,1,0,0,1,0,0,18,0,0,6,8,6,12.0,0,0,6,8,5,14.8,0,12.4,0.5,1.79,13.4,11,2.8000000000000007,12,0.9166666666666666
1,44,1,9003,1,39,140.0,1,1,38,9,1,140.0,1,0,0,1,1,0,22,0,0,6,12,5,12.6,0,0,6,11,6,11.714285714285714,0,12.4,0.5,1.79,12.157142857142857,11,-0.8857142857142861,12,0.9166666666666666
1,17,2,9070,1,1,130.0,1,37,37,9,9,123.7,1,0,0,1,0,0,18,0,0,6,6,6,12.333333333333334,0,0,6,6,6,13.0,0,7.6,2.6,0.32,12.666666666666668,12,0.6666666666666661,12,1.0
1,7,1,9003,1,3,140.0,1,39,39,9,4,140.0,0,0,0,1,1,0,50,0,2,6,8,2,13.5,0,1,6,9,1,13.0,0,15.5,2.8,-4.06,13.25,3,-0.5,12,0.25
1,1,1,9238,1,1,154.0,1,38,37,9,9,140.4,0,0,0,1,0,1,22,0,0,6,6,5,12.6,0,0,6,6,6,13.0,0,10.8,1.4,1.74,12.8,11,0.40000000000000036,12,0.9166666666666666
1,1,1,9773,1,1,143.0,1,1,38,8,8,136.7,1,0,0,1,0,1,18,0,0,6,6,6,13.833333333333334,0,0,6,6,6,14.0,0,11.1,0.6,2.02,13.916666666666668,12,0.16666666666666607,12,1.0
1,39,1,9085,1,1,133.1,1,1,1,4,4,120.0,0,0,1,0,1,0,31,0,0,5,13,4,13.5,1,0,5,12,3,11.666666666666666,1,9.4,-0.8,-3.12,12.583333333333332,7,-1.833333333333334,10,0.7
1,1,2,9773,1,1,143.0,1,1,1,4,9,144.1,1,0,0,1,1,1,19,0,0,6,7,6,13.666666666666666,0,0,6,6,6,13.833333333333334,0,12.7,3.7,-1.7,13.75,12,0.16666666666666785,12,1.0
1,39,1,9254,1,1,133.1,1,19,1,4,1,101.0,0,0,1,1,0,0,25,0,0,6,6,0,0.0,0,0,6,6,0,0.0,0,15.5,2.8,-4.06,0.0,0,0.0,12,0.0
1,1,1,171,1,1,161.0,41,1,1,9,7,163.1,1,0,0,0,0,0,19,1,6,12,12,12,15.25,0,4,11,12,11,15.0,0,8.9,1.4,3.51,15.125,23,-0.25,23,1.0
1,17,1,9130,1,1,130.0,1,19,38,4,7,122.5,0,0,0,1,1,0,19,0,0,5,11,4,12.0,1,0,5,9,5,12.6,0,9.4,-0.8,-3.12,12.3,9,0.5999999999999996,10,0.9
1,42,1,9119,1,1,136.0,1,1,37,5,5,117.5,0,0,0,1,1,0,19,0,2,5,6,4,11.8,0,0,5,7,2,11.5,0,15.5,2.8,-4.06,11.65,6,-0.3000000000000007,10,0.6
1,1,6,9500,1,1,129.0,1,37,19,9,7,127.8,1,0,0,1,0,0,19,0,0,8,10,6,13.78,1,0,8,10,6,13.78,1,9.4,-0.8,-3.12,13.78,12,0.0,16,0.75
1,1,2,9085,1,1,130.0,1,19,19,90,90,122.0,0,0,0,1,0,0,20,0,0,5,6,5,12.6,0,0,5,8,4,12.333333333333334,0,7.6,2.6,0.32,12.466666666666667,9,-0.2666666666666657,10,0.9
1,1,1,9853,1,1,130.0,1,19,12,9,4,133.2,1,0,0,1,0,0,19,0,0,6,6,6,14.166666666666666,0,0,6,7,6,13.666666666666666,0,7.6,2.6,0.32,13.916666666666666,12,-0.5,12,1.0
1,17,4,9254,1,1,113.0,1,38,19,7,7,107.4,1,0,0,1,0,1,19,0,0,6,6,6,12.166666666666666,0,0,6,6,6,12.166666666666666,0,12.4,0.5,1.79,12.166666666666666,12,0.0,12,1.0
1,44,1,9003,1,39,160.0,1,37,38,9,6,160.0,0,0,0,1,0,1,20,0,0,6,8,6,12.625,0,0,6,10,6,13.2,0,16.2,0.3,-0.92,12.9125,12,0.5749999999999993,12,1.0
1,1,1,9085,1,1,120.0,1,1,19,3,4,116.7,0,0,0,1,0,0,20,0,0,5,12,3,12.333333333333334,2,0,5,8,3,13.0,1,9.4,-0.8,-3.12,12.666666666666668,6,0.6666666666666661,10,0.6
1,17,3,9238,1,1,143.0,1,37,38,0,7,126.9,1,0,0,1,0,0,18,0,0,6,14,5,11.0,0,0,6,6,6,11.666666666666666,0,7.6,2.6,0.32,11.333333333333332,11,0.6666666666666661,12,0.9166666666666666
1,39,1,9147,1,1,120.0,1,37,37,9,9,110.0,0,0,0,0,1,0,32,0,0,5,9,0,0.0,1,0,5,5,0,0.0,0,9.4,-0.8,-3.12,0.0,0,0.0,10,0.0
1,1,2,9085,1,1,122.0,1,3,1,4,7,116.1,1,0,0,1,0,0,18,0,0,6,13,6,13.153846153846152,0,0,6,12,3,11.0,0,15.5,2.8,-4.06,12.076923076923077,9,-2.1538461538461515,12,0.75
1,16,2,9238,1,1,126.0,1,38,37,3,5,127.1,1,0,0,1,0,1,19,0,0,6,14,3,12.666666666666666,0,0,6,7,6,11.0,0,9.4,-0.8,-3.12,11.833333333333332,9,-1.666666666666666,12,0.75
1,1,4,9500,1,1,123.0,1,1,1,3,3,113.6,1,0,0,1,0,0,21,0,0,7,8,7,14.69625,0,0,8,9,8,14.622222222222224,0,12.4,0.5,1.79,14.659236111111111,15,-0.07402777777777558,15,1.0
5,43,1,9991,0,3,130.0,1,3,3,1,1,130.0,0,0,0,1,0,0,41,0,5,10,14,10,14.636363636363637,0,5,10,13,10,14.6,0,16.2,0.3,-0.92,14.618181818181817,20,-0.03636363636363704,20,1.0
1,1,5,9500,1,1,101.0,1,1,1,3,4,102.4,0,0,0,1,0,0,20,0,0,7,9,5,12.04,0,0,7,9,6,11.77142857142857,0,12.4,0.5,1.79,11.905714285714286,11,-0.2685714285714287,14,0.7857142857142857
1,39,1,8014,0,1,133.1,1,3,19,4,7,119.0,0,0,0,1,1,0,39,0,3,9,10,9,13.22222222222222,0,2,7,8,7,13.142857142857142,0,8.9,1.4,3.51,13.18253968253968,16,-0.0793650793650773,16,1.0
1,17,1,9070,1,1,134.0,1,1,1,5,0,133.3,1,0,0,1,1,0,18,0,0,6,7,5,10.8,1,0,6,6,0,0.0,0,7.6,2.6,0.32,5.4,5,-10.8,12,0.4166666666666667
1,39,1,9991,0,1,110.0,1,37,37,9,9,121.8,0,0,0,0,1,0,36,0,0,5,5,0,0.0,0,0,5,5,0,0.0,0,12.7,3.7,-1.7,0.0,0,0.0,10,0.0
1,17,1,9254,1,1,116.0,1,19,19,9,8,119.9,1,0,0,1,0,0,20,0,0,6,6,6,12.333333333333334,0,0,6,6,6,12.333333333333334,0,12.4,0.5,1.79,12.333333333333334,12,0.0,12,1.0
1,1,2,9070,1,1,128.0,1,37,37,9,9,123.5,1,0,0,1,1,1,21,0,0,6,6,6,13.166666666666666,0,0,6,8,6,13.285714285714286,0,8.9,1.4,3.51,13.226190476190476,12,0.1190476190476204,12,1.0
1,43,1,9147,1,1,151.0,1,1,3,1,1,111.0,0,0,0,1,1,0,28,0,0,5,9,2,10.0,0,0,5,9,0,0.0,0,15.5,2.8,-4.06,5.0,2,-10.0,10,0.2
1,1,2,9500,1,1,120.0,1,3,37,4,7,115.1,1,0,0,1,0,1,19,0,0,7,8,6,13.075,0,0,8,10,7,12.05,0,12.4,0.5,1.79,12.5625,13,-1.0249999999999986,15,0.8666666666666667
1,44,1,9238,1,39,130.0,1,38,38,6,9,126.3,1,0,0,1,0,1,19,0,3,6,7,5,12.2,0,2,6,6,6,11.5,0,13.9,-0.3,0.79,11.85,11,-0.6999999999999993,12,0.9166666666666666
1,43,2,9773,1,1,120.0,1,34,34,0,0,103.6,1,0,0,1,0,0,27,0,4,8,11,7,13.285714285714286,0,4,7,13,5,11.6,0,9.4,-0.8,-3.12,12.442857142857143,12,-1.6857142857142868,15,0.8
1,1,1,9085,1,1,101.0,1,1,37,4,9,98.9,1,0,0,1,0,0,21,0,0,6,12,4,12.5,0,0,6,13,2,12.666666666666666,0,11.1,0.6,2.02,12.583333333333332,6,0.16666666666666607,12,0.5
1,43,1,9500,1,1,125.0,1,37,37,9,7,123.6,1,0,0,1,0,1,18,0,0,7,8,5,12.86,0,0,7,8,5,12.86,0,7.6,2.6,0.32,12.86,10,0.0,14,0.7142857142857143
1,1,2,171,1,1,129.0,1,37,37,9,9,122.0,1,0,0,0,1,0,22,0,0,0,0,0,0.0,0,0,0,0,0,0.0,0,7.6,2.6,0.32,0.0,0,0.0,0,0.0
1,17,4,9773,1,1,147.0,1,1,1,4,5,139.7,1,0,0,1,1,0,18,0,0,6,10,5,11.6,0,0,6,6,6,12.0,0,9.4,-0.8,-3.12,11.8,11,0.40000000000000036,12,0.9166666666666666
1,1,6,9500,1,1,131.0,1,38,19,7,7,125.3,1,0,0,1,0,1,19,0,0,8,8,7,12.355714285714283,0,0,8,8,7,12.355714285714283,0,10.8,1.4,1.74,12.355714285714283,14,0.0,16,0.875
1,1,1,9119,1,1,131.0,1,3,1,4,1,135.9,0,0,0,1,1,0,18,0,0,5,10,2,14.0,0,0,5,7,3,11.0,1,7.6,2.6,0.32,12.5,5,-3.0,10,0.5
1,17,1,9254,1,1,120.0,1,19,19,4,4,125.5,0,0,0,1,1,0,18,0,0,5,6,5,12.0,0,0,5,8,3,11.333333333333334,0,12.7,3.7,-1.7,11.666666666666668,8,-0.6666666666666661,10,0.8
1,39,1,8014,0,1,155.0,1,19,37,4,5,117.5,0,0,0,1,0,0,34,0,0,6,6,4,13.25,0,0,6,6,0,0.0,0,12.7,3.7,-1.7,6.625,4,-13.25,12,0.3333333333333333
1,17,1,9085,1,1,134.0,1,19,19,1,1,120.4,1,0,0,1,1,0,18,0,0,6,10,6,14.7,0,0,6,10,6,12.0,0,16.2,0.3,-0.92,13.35,12,-2.6999999999999993,12,1.0
1,1,1,9500,1,1,118.0,1,19,19,5,7,117.8,0,0,0,1,0,1,19,0,0,7,7,7,13.7,0,0,8,9,7,14.671428571428574,0,12.4,0.5,1.79,14.185714285714287,14,0.9714285714285751,15,0.9333333333333333
1,1,1,9070,1,1,130.0,41,37,19,9,8,125.5,1,0,0,1,0,1,19,1,0,6,6,6,14.166666666666666,0,0,6,6,6,13.5,0,11.1,0.6,2.02,13.833333333333332,12,-0.6666666666666661,12,1.0
1,17,1,9085,1,1,127.0,1,19,38,194,193,117.6,0,0,0,1,0,0,18,0,0,6,0,0,0.0,0,0,6,0,0,0.0,0,12.4,0.5,1.79,0.0,0,0.0,12,0.0
1,43,1,9991,0,4,160.0,1,3,3,2,1,125.0,0,0,0,1,1,0,26,0,0,5,7,5,12.6,0,0,5,7,5,13.714285714285714,0,13.9,-0.3,0.79,13.157142857142857,10,1.1142857142857139,10,1.0
1,1,2,9670,1,1,160.0,1,2,1,4,4,137.3,1,0,0,1,0,0,19,0,0,6,7,5,13.4,0,0,6,6,5,12.8,0,12.7,3.7,-1.7,13.100000000000001,10,-0.5999999999999996,12,0.8333333333333334
1,51,1,9238,1,1,121.0,1,3,19,3,10,111.9,1,0,0,1,0,0,20,0,5,11,12,11,11.727272727272728,0,5,11,14,11,12.0,0,12.4,0.5,1.79,11.863636363636363,22,0.2727272727272716,22,1.0
1,44,1,9085,1,39,130.0,1,1,1,4,4,130.0,1,1,0,1,1,0,26,0,2,6,20,4,12.5,0,1,6,16,3,10.0,0,15.5,2.8,-4.06,11.25,7,-2.5,12,0.5833333333333334
1,1,1,9254,1,1,125.0,1,37,37,3,3,124.0,0,0,0,1,1,1,19,0,0,6,7,6,11.0,0,0,6,6,5,12.2,0,11.1,0.6,2.02,11.6,11,1.1999999999999993,12,0.9166666666666666
1,1,4,9070,1,1,167.0,1,1,1,7,3,158.3,1,0,0,1,0,0,18,0,0,6,6,6,15.166666666666666,0,0,6,6,6,14.166666666666666,0,15.5,2.8,-4.06,14.666666666666666,12,-1.0,12,1.0
1,17,2,9254,1,1,123.0,1,19,19,5,5,113.2,1,0,1,1,0,0,19,0,0,6,10,6,12.166666666666666,0,0,6,8,5,11.666666666666666,0,16.2,0.3,-0.92,11.916666666666666,11,-0.5,12,0.9166666666666666
1,43,1,9238,1,1,142.0,1,34,34,99,99,131.9,0,0,0,1,0,1,29,0,9,16,17,16,12.588235294117649,0,10,13,14,13,13.357142857142858,0,9.4,-0.8,-3.12,12.972689075630253,29,0.7689075630252091,29,1.0
2,7,1,9130,1,3,120.0,1,3,3,1,1,128.2,0,0,0,1,0,0,33,0,1,5,11,2,11.5,1,1,5,8,2,12.0,0,9.4,-0.8,-3.12,11.75,4,0.5,10,0.4
1,17,1,9147,1,1,139.0,1,1,38,6,6,143.6,1,0,1,1,1,0,18,0,0,5,9,0,0.0,0,0,5,5,0,0.0,0,7.6,2.6,0.32,0.0,0,0.0,10,0.0
1,1,1,9254,1,1,129.0,1,1,1,4,2,126.2,0,0,1,0,0,1,21,0,0,6,7,6,13.428571428571429,0,0,6,8,6,11.333333333333334,0,8.9,1.4,3.51,12.380952380952381,12,-2.095238095238095,12,1.0
1,1,1,171,1,1,141.0,1,19,19,5,10,135.8,1,0,0,1,1,0,19,0,0,0,0,0,0.0,0,0,0,0,0,0.0,0,15.5,2.8,-4.06,0.0,0,0.0,0,0.0
1,17,6,9119,1,1,124.0,1,19,19,4,0,126.1,1,0,0,1,1,0,20,0,0,5,7,4,13.0,0,0,5,9,5,14.833333333333334,3,7.6,2.6,0.32,13.916666666666668,9,1.833333333333334,10,0.9
1,17,2,9085,1,1,123.0,1,1,19,4,9,113.6,1,0,0,1,0,0,19,0,0,5,13,3,12.0,2,0,5,8,4,11.75,0,9.4,-0.8,-3.12,11.875,7,-0.25,10,0.7
2,39,1,9147,1,12,133.1,1,37,37,9,9,120.0,0,0,0,1,0,0,25,0,0,5,0,0,0.0,0,0,5,0,0,0.0,0,9.4,-0.8,-3.12,0.0,0,0.0,10,0.0
1,1,3,9119,1,1,117.0,1,1,1,3,5,111.1,0,0,0,1,1,1,19,0,0,5,10,5,11.8,0,0,5,12,3,11.5,0,11.1,0.6,2.02,11.65,8,-0.3000000000000007,10,0.8
1,39,2,9991,0,1,172.0,1,19,37,9,8,150.0,1,0,0,1,0,1,28,0,0,5,7,5,10.6,0,0,5,6,5,10.2,0,9.4,-0.8,-3.12,10.399999999999999,10,-0.40000000000000036,10,1.0
1,39,1,9500,1,1,133.1,1,38,19,9,9,128.0,1,0,0,0,1,0,32,0,0,7,0,0,0.0,0,0,8,0,0,0.0,0,16.2,0.3,-0.92,0.0,0,0.0,15,0.0
1,39,1,9500,1,1,130.0,1,37,37,3,7,143.8,0,0,0,1,1,0,27,0,0,8,8,7,15.57,0,0,8,8,7,15.57,0,10.8,1.4,1.74,15.57,14,0.0,16,0.875
1,17,5,9500,1,1,137.0,1,1,1,4,4,127.6,1,0,0,1,0,0,18,0,0,7,7,7,13.528571428571428,0,0,8,9,8,14.655555555555557,0,12.4,0.5,1.79,14.092063492063492,15,1.1269841269841283,15,1.0
1,17,1,9670,1,1,109.0,1,1,1,4,4,108.0,0,0,0,1,1,0,19,0,0,5,10,0,0.0,0,0,5,5,0,0.0,0,7.6,2.6,0.32,0.0,0,0.0,10,0.0
1,1,5,9070,1,1,124.0,1,37,37,9,9,113.9,1,0,0,1,0,0,20,0,0,6,6,6,11.166666666666666,0,0,6,6,6,12.166666666666666,0,7.6,2.6,0.32,11.666666666666666,12,1.0,12,1.0
2,7,1,8014,0,3,170.0,1,19,19,4,4,170.0,0,0,0,1,0,0,27,0,0,5,5,0,0.0,0,0,6,0,0,0.0,0,9.4,-0.8,-3.12,0.0,0,0.0,11,0.0
1,43,1,9147,1,1,142.0,1,38,19,141,171,115.0,0,0,0,1,0,0,19,0,0,5,11,5,11.5,0,0,5,9,2,10.666666666666666,0,13.9,-0.3,0.79,11.083333333333332,7,-0.8333333333333339,10,0.7
2,39,1,9238,1,19,133.1,1,37,37,4,4,98.5,0,0,0,1,0,0,48,0,0,6,14,6,11.333333333333334,0,0,6,11,5,12.4,0,15.5,2.8,-4.06,11.866666666666667,11,1.0666666666666664,12,0.9166666666666666
1,1,1,171,1,1,146.0,1,19,37,9,7,153.0,1,0,0,1,0,1,21,0,15,17,18,17,13.38888888888889,0,15,17,18,17,14.88888888888889,0,11.1,0.6,2.02,14.13888888888889,34,1.5,34,1.0
1,18,2,9147,1,1,115.0,1,1,37,5,5,108.7,1,0,0,1,0,0,21,0,0,5,8,3,12.0,1,0,5,9,3,12.666666666666666,0,9.4,-0.8,-3.12,12.333333333333332,6,0.6666666666666661,10,0.6
1,1,1,9238,1,1,121.0,1,1,1,9,8,118.9,1,0,0,1,0,1,19,0,0,6,8,5,11.666666666666666,0,0,6,9,5,12.666666666666666,0,12.4,0.5,1.79,12.166666666666666,10,1.0,12,0.8333333333333334
1,1,2,9254,1,1,125.0,1,1,19,4,1,121.5,1,0,0,1,1,0,18,0,0,6,12,5,11.0,0,0,6,11,3,10.333333333333334,0,9.4,-0.8,-3.12,10.666666666666668,8,-0.6666666666666661,12,0.6666666666666666
1,39,1,9773,1,1,130.0,1,1,19,1,3,161.5,0,0,0,1,1,0,36,0,0,6,7,6,15.285714285714286,0,0,6,6,6,16.5,0,10.8,1.4,1.74,15.892857142857142,12,1.2142857142857135,12,1.0
1,1,1,9070,1,1,148.0,1,3,1,2,10,148.0,1,0,0,1,0,0,20,0,7,12,12,10,14.7,0,8,12,12,12,14.583333333333334,0,15.5,2.8,-4.06,14.641666666666666,22,-0.11666666666666536,24,0.9166666666666666
1,42,1,9070,1,1,100.0,1,3,2,2,2,115.9,0,0,0,1,0,0,29,0,9,10,15,9,11.555555555555555,0,7,11,17,10,11.9,0,9.4,-0.8,-3.12,11.727777777777778,19,0.344444444444445,21,0.9047619047619048
1,1,3,9500,1,1,144.0,1,38,38,5,7,128.0,1,0,0,1,0,1,18,0,0,8,11,7,12.90857142857143,0,0,8,11,7,12.90857142857143,0,10.8,1.4,1.74,12.90857142857143,14,0.0,16,0.875
1,17,1,9238,1,1,136.0,1,37,37,7,7,140.9,1,0,0,1,1,0,18,0,0,6,10,4,12.0,0,0,6,7,5,11.8,0,9.4,-0.8,-3.12,11.9,9,-0.1999999999999993,12,0.75
1,1,1,9773,1,1,150.0,1,19,11,0,0,131.1,1,0,0,1,1,0,19,0,0,6,6,6,11.666666666666666,0,0,6,10,3,12.666666666666666,0,7.6,2.6,0.32,12.166666666666666,9,1.0,12,0.75
1,17,5,9119,1,1,130.0,1,19,1,4,5,118.1,1,0,1,0,1,0,26,0,0,5,11,1,10.0,0,0,5,14,1,11.0,0,8.9,1.4,3.51,10.5,2,1.0,10,0.2
1,17,2,9254,1,1,135.0,1,19,19,4,3,135.0,1,0,0,1,1,0,20,0,0,6,8,6,11.833333333333334,0,0,6,9,5,10.4,0,7.6,2.6,0.32,11.116666666666667,11,-1.4333333333333336,12,0.9166666666666666
1,43,1,9130,1,1,156.0,1,19,1,9,4,156.0,0,0,1,0,1,0,24,0,0,6,11,5,11.833333333333334,0,0,6,11,4,11.5,0,15.5,2.8,-4.06,11.666666666666668,9,-0.3333333333333339,12,0.75
1,17,1,9853,1,1,120.0,1,37,37,9,10,122.6,0,0,0,1,0,0,20,0,0,6,8,3,12.333333333333334,0,0,6,11,2,10.5,0,12.7,3.7,-1.7,11.416666666666668,5,-1.833333333333334,12,0.4166666666666667
1,43,1,9119,1,1,133.1,1,1,1,9,3,136.0,0,0,0,1,1,0,31,0,0,5,12,1,12.0,0,0,5,9,1,11.0,4,16.2,0.3,-0.92,11.5,2,-1.0,10,0.2
1,43,1,9556,1,1,130.0,1,1,37,5,5,128.0,1,0,0,1,1,0,20,0,0,7,8,7,13.585714285714284,0,0,8,8,8,14.6875,0,15.5,2.8,-4.06,14.136607142857141,15,1.1017857142857164,15,1.0
2,39,1,9670,1,1,130.0,1,37,37,9,0,158.0,0,0,1,0,0,0,34,0,0,6,7,4,13.5,0,0,6,6,0,0.0,6,12.7,3.7,-1.7,6.75,4,-13.5,12,0.3333333333333333
1,1,1,9670,1,1,141.0,1,19,3,4,0,137.9,1,0,0,0,1,0,20,0,0,5,6,3,12.0,0,0,5,5,4,12.75,0,7.6,2.6,0.32,12.375,7,0.75,10,0.7
1,1,1,9254,1,1,129.0,1,38,38,6,6,118.5,1,0,0,1,0,0,18,0,0,6,6,6,10.666666666666666,0,0,6,6,6,11.5,0,7.6,2.6,0.32,11.083333333333332,12,0.8333333333333339,12,1.0
1,43,1,9991,0,3,130.0,1,3,1,2,9,130.0,0,0,0,1,1,0,33,0,0,5,5,0,0.0,0,0,5,5,0,0.0,0,12.7,3.7,-1.7,0.0,0,0.0,10,0.0
1,39,1,9147,1,1,120.0,1,37,1,9,1,122.7,0,0,0,0,0,0,25,0,0,5,5,0,0.0,0,0,5,9,0,0.0,0,10.8,1.4,1.74,0.0,0,0.0,10,0.0
1,1,4,9500,1,1,135.0,1,37,37,9,8,123.0,1,0,0,1,0,1,18,0,0,8,8,7,13.381428571428572,0,0,8,8,7,13.381428571428572,0,10.8,1.4,1.74,13.381428571428572,14,0.0,16,0.875
1,44,1,9003,1,1,120.0,1,3,2,2,6,120.0,1,0,0,1,1,0,21,0,4,9,14,7,11.285714285714286,2,2,8,15,4,12.25,0,12.7,3.7,-1.7,11.767857142857142,11,0.9642857142857135,17,0.6470588235294118
2,43,1,9991,0,1,133.1,1,37,37,9,7,113.5,0,0,0,1,0,1,32,0,3,10,12,7,11.142857142857142,0,4,10,10,8,12.0,0,10.8,1.4,1.74,11.571428571428571,15,0.8571428571428577,20,0.75
4,39,1,8014,0,19,140.0,1,37,37,9,3,131.0,0,0,0,1,0,1,29,0,0,6,11,4,11.75,0,0,6,9,5,10.4,0,10.8,1.4,1.74,11.075,9,-1.3499999999999996,12,0.75
1,17,4,9500,1,1,136.0,1,1,1,4,9,128.5,1,0,0,1,0,0,18,0,0,7,7,6,12.766666666666666,0,0,7,7,6,12.766666666666666,0,7.6,2.6,0.32,12.766666666666666,12,0.0,14,0.8571428571428571
1,17,2,9254,1,1,118.0,22,19,37,9,9,110.3,1,0,0,0,0,0,18,1,0,6,7,5,12.6,0,0,6,6,5,11.8,0,11.1,0.6,2.02,12.2,10,-0.7999999999999989,12,0.8333333333333334
1,42,1,9500,1,1,123.0,1,37,37,3,3,123.0,1,0,0,1,0,1,21,0,0,8,8,8,13.105,0,0,8,8,8,13.105,0,9.4,-0.8,-3.12,13.105,16,0.0,16,1.0
1,17,1,9500,1,1,160.0,1,19,1,4,10,153.0,1,0,0,1,0,0,18,0,0,7,7,6,13.116666666666667,0,0,7,7,6,13.116666666666667,0,7.6,2.6,0.32,13.116666666666667,12,0.0,14,0.8571428571428571
1,17,4,9500,1,1,143.0,1,19,38,9,6,131.5,1,0,0,1,1,1,18,0,0,7,8,7,12.5125,0,0,8,8,8,14.1875,0,13.9,-0.3,0.79,13.35,15,1.6750000000000007,15,1.0
1,17,4,9070,1,1,128.0,1,1,1,9,10,136.1,1,0,1,0,1,0,19,0,0,6,6,6,12.666666666666666,0,0,6,8,5,11.8,0,11.1,0.6,2.02,12.233333333333334,11,-0.8666666666666654,12,0.9166666666666666
1,1,1,9238,1,1,130.0,1,38,19,9,5,121.6,0,0,0,1,0,0,18,0,0,6,6,6,12.833333333333334,0,0,6,6,6,12.0,0,12.4,0.5,1.79,12.416666666666668,12,-0.8333333333333339,12,1.0
1,17,1,171,1,1,146.0,1,1,38,9,9,135.5,1,0,1,1,0,0,22,0,12,17,19,12,11.833333333333334,0,10,17,22,11,11.25,0,11.1,0.6,2.02,11.541666666666668,23,-0.5833333333333339,34,0.6764705882352942
1,1,4,9147,1,1,137.0,1,1,19,4,5,136.3,0,0,0,1,0,0,18,0,0,5,9,4,11.25,0,0,5,6,4,11.0,0,8.9,1.4,3.51,11.125,8,-0.25,10,0.8
1,1,6,9254,1,1,119.0,1,19,19,9,9,118.7,1,0,0,1,1,0,20,0,0,6,16,3,10.333333333333334,0,0,6,16,1,11.0,0,10.8,1.4,1.74,10.666666666666668,4,0.6666666666666661,12,0.3333333333333333
1,17,1,9773,1,1,121.0,1,37,19,9,10,113.7,0,0,0,1,0,0,18,0,0,6,8,5,12.6,0,0,6,10,6,12.428571428571429,0,15.5,2.8,-4.06,12.514285714285714,11,-0.17142857142857082,12,0.9166666666666666
1,1,1,9130,1,1,132.0,1,6,6,0,4,119.1,1,0,1,1,0,0,29,0,0,5,10,1,13.0,4,0,5,14,0,0.0,8,10.8,1.4,1.74,6.5,1,-13.0,10,0.1
1,1,3,9500,1,1,136.0,1,1,1,4,4,127.0,1,0,0,1,0,0,19,0,0,8,10,1,13.67,7,0,8,10,1,13.67,7,9.4,-0.8,-3.12,13.67,2,0.0,16,0.125
1,18,3,9070,1,1,138.0,1,38,37,9,7,125.1,1,0,0,1,0,1,19,0,0,6,6,6,12.666666666666666,0,0,6,6,6,13.0,0,15.5,2.8,-4.06,12.833333333333332,12,0.3333333333333339,12,1.0
1,17,2,9238,1,1,118.0,1,1,19,4,10,110.7,1,1,0,1,0,0,18,0,0,6,15,2,10.333333333333334,3,0,6,13,3,13.333333333333334,0,12.7,3.7,-1.7,11.833333333333334,5,3.0,12,0.4166666666666667
1,1,1,9670,1,1,131.0,1,38,38,9,9,127.9,0,0,0,1,0,1,19,0,0,5,5,5,12.8,0,0,5,5,5,14.2,0,9.4,-0.8,-3.12,13.5,10,1.3999999999999986,10,1.0
1,42,1,8014,0,1,120.0,1,37,38,90,7,120.0,1,0,0,1,0,0,30,0,9,11,19,9,13.444444444444445,1,5,7,7,7,14.714285714285714,0,7.6,2.6,0.32,14.079365079365079,16,1.2698412698412689,18,0.8888888888888888
1,17,1,9238,1,1,138.0,1,37,38,9,8,134.2,1,0,0,1,0,1,18,0,0,6,6,6,15.166666666666666,0,0,6,7,6,14.142857142857142,0,11.1,0.6,2.02,14.654761904761905,12,-1.0238095238095237,12,1.0
1,16,2,9085,1,1,136.0,1,37,37,9,9,123.4,1,0,0,1,0,1,19,0,0,5,8,5,13.166666666666666,2,0,5,5,5,12.8,0,9.4,-0.8,-3.12,12.983333333333334,10,-0.36666666666666536,10,1.0
1,1,1,9238,1,1,142.0,1,34,38,4,7,127.3,0,0,0,1,0,1,18,0,0,6,12,4,11.0,0,0,6,9,6,11.5,0,9.4,-0.8,-3.12,11.25,10,0.5,12,0.8333333333333334
1,39,1,9853,1,19,133.1,1,19,4,9,4,116.0,1,0,0,1,0,0,29,0,0,7,14,0,0.0,0,0,6,6,0,0.0,0,11.1,0.6,2.02,0.0,0,0.0,13,0.0
1,7,1,9070,1,40,120.0,1,1,19,3,9,120.0,1,0,0,1,0,0,21,0,9,13,14,13,13.615384615384617,1,6,12,12,12,14.25,0,13.9,-0.3,0.79,13.932692307692308,25,0.6346153846153832,25,1.0
1,39,1,9500,1,3,133.8,1,3,37,2,10,184.0,0,0,0,1,0,0,28,0,0,7,9,7,17.005555555555556,0,1,8,9,8,16.582222222222224,0,15.5,2.8,-4.06,16.79388888888889,15,-0.423333333333332,15,1.0
1,15,1,9556,1,1,137.0,26,19,1,9,4,137.0,0,0,1,1,0,0,19,1,0,7,11,0,0.0,4,0,7,11,2,11.666666666666666,0,8.9,1.4,3.51,5.833333333333333,2,11.666666666666666,14,0.14285714285714285
1,7,1,9853,1,3,130.0,1,37,37,9,9,130.0,0,0,0,1,0,0,28,0,14,15,25,14,12.428571428571429,1,8,14,22,11,11.909090909090908,0,7.6,2.6,0.32,12.168831168831169,25,-0.5194805194805205,29,0.8620689655172413
1,17,1,9853,1,1,119.0,1,37,38,9,9,125.0,1,0,0,1,0,1,21,0,0,6,9,5,12.0,0,0,6,8,5,11.2,0,10.8,1.4,1.74,11.6,10,-0.8000000000000007,12,0.8333333333333334
1,7,1,9500,1,2,140.0,1,38,37,7,8,140.0,0,0,0,1,0,0,29,0,0,8,14,4,11.325,1,0,8,14,4,11.325,1,12.7,3.7,-1.7,11.325,8,0.0,16,0.5
1,17,1,9254,1,1,150.0,1,1,1,9,10,142.7,0,0,1,1,0,0,18,0,0,6,9,4,11.0,0,0,6,12,3,11.333333333333334,0,7.6,2.6,0.32,11.166666666666668,7,0.3333333333333339,12,0.5833333333333334
1,17,4,9773,1,1,127.0,1,2,37,9,9,115.8,1,0,1,0,0,0,19,0,0,6,6,0,0.0,0,0,6,0,0,0.0,0,8.9,1.4,3.51,0.0,0,0.0,12,0.0
1,51,1,9238,1,1,141.0,1,1,1,5,9,125.0,0,0,0,1,1,0,22,0,0,6,6,0,0.0,0,0,6,7,0,0.0,0,11.1,0.6,2.02,0.0,0,0.0,12,0.0
1,53,1,9085,1,42,150.0,1,1,1,9,4,150.0,1,0,0,1,1,1,22,0,1,7,11,5,12.166666666666666,0,4,8,14,5,14.8,0,8.9,1.4,3.51,13.483333333333334,10,2.6333333333333346,15,0.6666666666666666
2,39,1,8014,0,1,133.1,1,19,1,4,8,144.3,0,0,0,1,1,0,41,0,6,10,10,10,12.5,0,3,7,7,7,12.142857142857142,0,10.8,1.4,1.74,12.321428571428571,17,-0.35714285714285765,17,1.0
1,1,1,171,1,1,135.0,1,1,19,3,9,137.1,1,0,0,1,0,0,18,0,0,0,0,0,0.0,0,0,0,0,0,0.0,0,12.7,3.7,-1.7,0.0,0,0.0,0,0.0
1,1,4,9500,1,1,135.0,1,38,37,9,8,126.3,1,0,0,1,0,1,19,0,0,7,7,6,15.433333333333332,0,0,7,7,6,15.433333333333332,0,7.6,2.6,0.32,15.433333333333332,12,0.0,14,0.8571428571428571
1,1,1,171,1,1,131.0,1,19,19,9,9,134.9,1,0,1,1,0,0,20,0,0,0,0,0,0.0,0,0,0,0,0,0.0,0,16.2,0.3,-0.92,0.0,0,0.0,0,0.0
2,39,1,9991,0,1,110.0,1,37,37,9,10,150.0,0,0,0,1,1,0,49,0,0,5,6,5,12.2,0,0,5,9,5,11.8,0,15.5,2.8,-4.06,12.0,10,-0.3999999999999986,10,1.0
1,17,2,171,1,1,146.0,1,3,3,3,3,155.1,1,0,0,1,0,0,18,0,0,0,0,0,0.0,0,0,0,0,0,0.0,0,13.9,-0.3,0.79,0.0,0,0.0,0,0.0
1,1,1,9254,1,1,133.1,1,37,37,1,1,97.0,0,0,0,1,1,0,27,0,0,6,6,6,10.666666666666666,0,0,6,8,4,11.25,0,10.8,1.4,1.74,10.958333333333332,10,0.5833333333333339,12,0.8333333333333334
1,43,1,9991,0,1,150.0,1,3,3,4,4,100.0,1,0,0,1,1,0,24,0,0,5,10,4,11.5,0,0,5,11,5,11.285714285714286,0,13.9,-0.3,0.79,11.392857142857142,9,-0.21428571428571352,10,0.9
2,43,1,8014,0,14,133.1,1,34,34,0,0,100.0,0,0,0,0,0,0,34,0,3,7,13,3,12.0,0,2,7,15,1,13.0,1,9.4,-0.8,-3.12,12.5,4,1.0,14,0.2857142857142857
1,1,1,9085,1,1,130.0,1,19,38,4,7,121.3,1,0,0,1,0,0,19,0,0,6,15,6,14.166666666666666,0,0,6,13,6,12.2,0,15.5,2.8,-4.06,13.183333333333334,12,-1.9666666666666668,12,1.0
1,39,1,9003,1,19,133.1,1,37,37,9,4,140.0,0,0,0,1,1,0,43,0,0,6,8,6,12.875,0,0,6,14,5,12.142857142857142,0,16.2,0.3,-0.92,12.508928571428571,11,-0.7321428571428577,12,0.9166666666666666
1,1,4,9773,1,1,133.0,1,1,19,9,9,119.7,1,0,0,1,1,0,19,0,0,6,7,6,12.333333333333334,0,0,6,10,5,13.2,0,16.2,0.3,-0.92,12.766666666666666,11,0.8666666666666654,12,0.9166666666666666
1,1,2,9254,1,1,120.0,1,19,19,9,9,116.5,1,0,0,1,0,1,19,0,0,6,9,5,13.2,0,0,6,8,5,11.0,0,12.4,0.5,1.79,12.1,10,-2.1999999999999993,12,0.8333333333333334
1,39,1,9991,0,1,130.0,1,1,38,4,9,115.0,0,0,0,1,1,0,25,0,0,5,7,0,0.0,0,0,5,8,0,0.0,0,16.2,0.3,-0.92,0.0,0,0.0,10,0.0
1,39,1,9119,1,3,130.0,1,1,38,90,90,143.4,0,0,0,1,1,0,29,0,0,3,3,0,0.0,3,0,5,0,0,0.0,0,10.8,1.4,1.74,0.0,0,0.0,8,0.0
1,1,3,9773,1,1,158.0,1,1,38,4,7,157.0,1,0,0,1,0,0,18,0,0,6,6,6,12.666666666666666,0,0,6,7,6,12.571428571428571,0,10.8,1.4,1.74,12.619047619047619,12,-0.0952380952380949,12,1.0
1,1,1,9238,1,1,133.0,1,37,37,9,9,121.8,1,0,0,1,0,1,18,0,0,6,7,5,10.2,0,0,6,9,4,11.25,0,12.4,0.5,1.79,10.725,9,1.0500000000000007,12,0.75
1,1,1,171,1,1,133.1,1,38,37,5,5,136.0,1,0,0,1,1,0,22,0,0,0,0,0,0.0,0,0,0,0,0,0.0,0,12.7,3.7,-1.7,0.0,0,0.0,0,0.0
1,53,1,9085,1,42,140.0,1,19,38,9,9,138.2,0,0,1,0,0,0,21,0,7,10,15,8,13.75,0,4,9,17,5,13.2,0,8.9,1.4,3.51,13.475,13,-0.5500000000000007,19,0.6842105263157895
1,44,1,9085,1,39,140.0,1,38,38,9,7,140.0,0,0,0,1,0,0,20,0,2,6,9,6,12.666666666666666,0,1,6,12,2,13.0,0,13.9,-0.3,0.79,12.833333333333332,8,0.3333333333333339,12,0.6666666666666666
1,1,1,9773,1,1,140.0,1,1,19,5,10,141.1,1,0,0,1,0,0,18,0,0,6,6,6,12.833333333333334,0,0,6,6,6,13.333333333333334,0,9.4,-0.8,-3.12,13.083333333333334,12,0.5,12,1.0
1,1,4,9773,1,1,122.0,1,19,19,9,7,121.0,1,0,0,1,0,0,20,0,0,6,7,6,13.571428571428571,0,0,6,6,6,13.333333333333334,0,13.9,-0.3,0.79,13.452380952380953,12,-0.23809523809523725,12,1.0
1,1,3,171,1,1,115.0,1,9,1,6,6,108.7,1,0,0,0,0,0,21,0,0,0,0,0,0.0,0,0,0,0,0,0.0,0,9.4,-0.8,-3.12,0.0,0,0.0,0,0.0
1,43,2,9238,1,1,133.1,1,19,19,4,5,120.6,1,0,0,1,0,0,24,0,6,10,16,10,12.5,0,2,7,9,4,12.6,0,16.2,0.3,-0.92,12.55,14,0.09999999999999964,17,0.8235294117647058
1,39,1,9991,0,1,133.1,1,37,37,9,9,143.2,0,0,0,1,1,0,35,0,0,5,5,0,0.0,0,0,5,5,0,0.0,0,11.1,0.6,2.02,0.0,0,0.0,10,0.0
2,57,1,9991,0,1,133.1,41,38,37,4,6,100.0,0,0,0,1,0,0,37,1,5,10,11,7,13.428571428571429,0,5,10,11,10,11.6,0,8.9,1.4,3.51,12.514285714285714,17,-1.8285714285714292,20,0.85
1,1,1,9085,1,1,148.0,1,38,38,4,9,131.6,0,0,0,1,1,1,18,0,0,6,8,6,15.5,0,0,6,9,4,15.5,0,11.1,0.6,2.02,15.5,10,0.0,12,0.8333333333333334
1,44,1,9003,1,39,160.0,1,37,38,9,9,160.0,0,0,1,1,0,1,19,0,0,6,8,6,13.0,0,0,6,11,5,13.0,0,15.5,2.8,-4.06,13.0,11,0.0,12,0.9166666666666666
1,42,1,9119,1,1,120.0,1,3,1,2,9,108.2,1,0,0,1,1,0,26,0,4,10,14,4,11.25,0,4,11,11,4,12.0,0,7.6,2.6,0.32,11.625,8,0.75,21,0.38095238095238093
1,18,1,9003,1,1,133.1,1,1,38,9,6,101.0,0,0,0,1,1,0,21,0,5,11,16,9,11.9,0,3,9,14,8,12.25,0,15.5,2.8,-4.06,12.075,17,0.34999999999999964,20,0.85
1,1,1,9070,1,1,135.0,1,19,37,9,9,128.0,1,0,0,1,0,1,19,0,0,6,6,6,14.0,0,0,6,8,6,13.125,0,10.8,1.4,1.74,13.5625,12,-0.875,12,1.0
1,7,1,8014,0,4,120.0,1,2,3,2,2,120.0,0,0,0,1,0,0,18,0,10,16,24,13,13.846153846153848,0,7,11,15,9,12.555555555555555,0,15.5,2.8,-4.06,13.200854700854702,22,-1.2905982905982931,27,0.8148148148148148
1,17,1,9853,1,1,134.0,1,1,19,4,5,122.5,1,0,0,1,0,0,22,0,0,6,10,5,13.166666666666666,0,0,6,8,5,12.4,0,15.5,2.8,-4.06,12.783333333333333,10,-0.7666666666666657,12,0.8333333333333334
1,39,1,9119,1,1,100.0,1,37,37,9,8,160.0,0,0,1,0,1,0,45,0,0,5,5,0,0.0,0,0,5,5,0,0.0,0,15.5,2.8,-4.06,0.0,0,0.0,10,0.0
1,17,1,9085,1,1,130.0,1,37,36,4,90,127.6,0,0,0,1,1,0,23,0,0,5,6,4,14.25,0,0,5,6,5,13.4,0,7.6,2.6,0.32,13.825,9,-0.8499999999999996,10,0.9
1,16,4,9238,1,1,135.0,1,37,37,9,9,121.0,1,0,0,1,0,0,18,0,0,6,8,5,13.0,0,0,6,7,6,11.833333333333334,0,10.8,1.4,1.74,12.416666666666668,11,-1.166666666666666,12,0.9166666666666666
1,1,1,9773,1,1,145.0,1,19,38,4,10,131.7,1,0,0,1,0,0,18,0,0,6,7,6,12.666666666666666,0,0,6,8,4,12.25,0,7.6,2.6,0.32,12.458333333333332,10,-0.4166666666666661,12,0.8333333333333334
1,39,1,9670,1,1,120.0,1,1,19,5,4,140.4,0,0,0,1,0,0,31,0,2,6,13,5,11.4,0,0,6,14,4,11.75,0,13.9,-0.3,0.79,11.575,9,0.34999999999999964,12,0.75
1,39,1,9991,0,1,100.0,1,37,37,9,6,153.5,0,0,1,0,1,0,31,0,0,5,9,0,0.0,0,0,5,6,0,0.0,0,12.4,0.5,1.79,0.0,0,0.0,10,0.0
1,44,1,9119,1,39,180.0,1,1,1,9,8,180.0,0,0,0,1,1,1,20,0,3,7,12,6,14.142857142857142,0,1,6,10,6,14.125,0,12.4,0.5,1.79,14.133928571428571,12,-0.01785714285714235,13,0.9230769230769231
1,43,3,9500,1,1,140.0,1,1,19,9,7,127.5,1,0,1,1,0,1,20,0,0,7,9,7,12.327777777777778,0,0,8,10,8,11.736,0,15.5,2.8,-4.06,12.03188888888889,15,-0.5917777777777768,15,1.0
1,1,4,9670,1,1,127.0,1,1,1,7,7,116.5,1,0,0,1,0,0,20,0,0,6,7,0,0.0,0,0,6,6,0,0.0,0,16.2,0.3,-0.92,0.0,0,0.0,12,0.0
1,1,1,9853,1,1,132.0,1,1,19,3,3,122.9,1,0,0,1,0,0,20,0,0,7,7,7,13.857142857142858,0,0,7,7,7,13.285714285714286,0,11.1,0.6,2.02,13.571428571428573,14,-0.5714285714285712,14,1.0
1,43,1,9500,1,1,120.0,1,37,37,9,6,120.0,1,0,0,1,0,0,26,0,0,7,8,6,12.0,0,0,7,8,6,12.0,0,7.6,2.6,0.32,12.0,12,0.0,14,0.8571428571428571
1,39,1,9085,1,2,140.0,1,38,38,9,10,150.0,0,0,0,1,1,0,47,0,0,6,0,0,0.0,0,0,6,0,0,0.0,0,16.2,0.3,-0.92,0.0,0,0.0,12,0.0
1,17,6,9670,1,1,113.0,1,4,1,3,10,112.3,0,0,0,1,0,0,20,0,0,6,9,6,12.375,0,0,6,7,6,13.142857142857142,0,11.1,0.6,2.02,12.758928571428571,12,0.7678571428571423,12,1.0
1,18,4,9085,1,1,170.0,1,1,1,4,5,166.6,0,0,1,0,0,1,20,0,2,5,8,5,14.4,1,0,5,6,5,14.0,0,12.7,3.7,-1.7,14.2,10,-0.40000000000000036,10,1.0
1,17,1,9670,1,1,138.0,1,1,1,4,8,123.0,0,0,1,0,1,0,20,0,0,6,7,5,12.4,0,0,6,8,4,13.0,0,13.9,-0.3,0.79,12.7,9,0.5999999999999996,12,0.75
1,1,4,9500,1,1,148.0,1,19,19,4,5,137.0,1,0,0,1,0,0,18,0,0,8,8,8,14.25,0,0,8,8,8,14.25,0,9.4,-0.8,-3.12,14.25,16,0.0,16,1.0
1,39,1,9670,1,9,133.1,1,37,37,5,3,110.0,0,0,1,1,1,0,26,0,0,5,5,0,0.0,0,0,5,5,0,0.0,0,9.4,-0.8,-3.12,0.0,0,0.0,10,0.0
1,1,2,9773,1,1,127.0,1,1,19,4,5,120.4,1,0,0,1,0,0,18,0,0,5,7,2,10.0,0,0,1,1,0,0.0,0,12.7,3.7,-1.7,5.0,2,-10.0,6,0.3333333333333333
1,1,1,9500,1,1,154.0,1,37,37,9,9,149.5,1,0,0,1,0,1,30,0,0,7,8,7,14.9125,0,0,8,9,1,13.5,0,13.9,-0.3,0.79,14.20625,8,-1.4124999999999996,15,0.5333333333333333
1,1,1,9500,1,1,144.0,1,38,37,9,9,125.8,0,0,0,1,0,1,19,0,0,8,12,7,12.471428571428572,0,0,8,12,7,12.471428571428572,0,12.7,3.7,-1.7,12.471428571428572,14,0.0,16,0.875
1,17,2,9853,1,1,141.0,1,3,1,1,5,130.2,1,0,0,1,0,0,19,0,0,6,8,5,11.4,1,0,6,7,4,10.75,0,12.7,3.7,-1.7,11.075,9,-0.6500000000000004,12,0.75
1,1,1,9500,1,1,150.0,1,37,37,9,7,136.5,1,0,0,1,0,1,18,0,0,8,8,8,14.50125,0,0,8,8,8,14.50125,0,9.4,-0.8,-3.12,14.50125,16,0.0,16,1.0
1,16,3,9773,1,1,138.0,1,37,38,4,9,134.2,1,0,0,1,0,1,20,0,0,6,6,6,15.0,0,0,6,6,6,13.0,0,11.1,0.6,2.02,14.0,12,-2.0,12,1.0
1,1,2,9085,1,1,156.0,1,40,40,3,7,150.9,1,0,0,1,0,0,18,0,0,6,8,6,16.0,0,0,6,10,6,14.625,0,11.1,0.6,2.02,15.3125,12,-1.375,12,1.0
1,1,6,9254,1,1,129.0,1,38,19,9,5,117.8,1,0,0,1,0,0,18,0,0,6,11,6,12.0,0,0,6,11,4,12.5,0,8.9,1.4,3.51,12.25,10,0.5,12,0.8333333333333334
1,39,1,9085,1,1,130.0,1,4,1,2,9,120.0,0,0,0,0,0,0,26,0,0,6,8,6,15.428571428571429,0,0,6,7,5,14.5,0,11.1,0.6,2.02,14.964285714285715,11,-0.9285714285714288,12,0.9166666666666666
1,17,1,9085,1,1,128.0,1,2,19,2,4,123.3,1,0,0,1,0,1,20,0,0,6,6,6,14.833333333333334,0,0,6,8,6,12.142857142857142,0,8.9,1.4,3.51,13.488095238095237,12,-2.6904761904761916,12,1.0
1,1,1,9500,1,1,132.0,1,38,37,9,7,122.0,1,0,0,1,0,1,20,0,0,8,8,7,13.817142857142857,0,0,8,8,7,13.817142857142857,0,10.8,1.4,1.74,13.817142857142857,14,0.0,16,0.875
1,43,1,171,1,1,144.0,1,19,19,9,4,121.6,0,0,0,1,1,0,22,0,0,0,0,0,0.0,0,0,0,0,0,0.0,0,13.9,-0.3,0.79,0.0,0,0.0,0,0.0
1,1,2,9500,1,1,116.0,1,19,37,3,3,109.0,1,0,0,1,0,1,23,0,0,7,8,6,12.993333333333334,0,0,8,9,8,12.66875,0,11.1,0.6,2.02,12.831041666666668,14,-0.3245833333333348,15,0.9333333333333333
2,7,1,9130,1,3,140.0,1,5,4,2,0,140.0,0,0,1,0,0,0,29,0,7,9,16,7,11.555555555555555,4,5,7,12,5,13.2,2,7.6,2.6,0.32,12.377777777777776,12,1.644444444444444,16,0.75
2,43,1,9773,1,1,160.0,1,37,37,5,0,160.0,0,0,1,0,1,0,51,0,0,4,4,0,0.0,0,0,4,4,0,0.0,0,12.7,3.7,-1.7,0.0,0,0.0,8,0.0
1,1,4,9147,1,1,120.0,1,38,38,5,10,111.3,0,0,0,1,1,0,20,0,0,5,8,5,10.2,0,0,5,7,5,11.2,0,12.4,0.5,1.79,10.7,10,1.0,10,1.0
1,1,6,9500,1,1,135.0,1,37,1,5,5,126.8,1,0,0,1,0,1,18,0,0,8,8,7,12.61,0,0,8,8,7,12.61,0,10.8,1.4,1.74,12.61,14,0.0,16,0.875
1,1,1,9147,1,1,133.1,1,19,19,9,9,119.0,1,0,0,0,0,1,19,0,0,5,7,3,10.666666666666666,0,0,5,10,3,12.285714285714286,0,10.8,1.4,1.74,11.476190476190476,6,1.6190476190476204,10,0.6
1,43,1,9773,1,1,127.0,1,1,1,9,6,110.0,0,0,1,0,1,0,19,0,0,6,10,3,11.666666666666666,0,0,6,11,2,10.0,0,16.2,0.3,-0.92,10.833333333333332,5,-1.666666666666666,12,0.4166666666666667
1,17,1,9773,1,1,121.0,1,37,37,9,9,122.4,0,0,0,1,0,0,18,0,0,6,7,6,12.857142857142858,0,0,6,6,6,13.333333333333334,0,13.9,-0.3,0.79,13.095238095238095,12,0.4761904761904763,12,1.0
2,39,1,8014,0,1,100.0,1,37,38,9,9,141.5,0,0,0,1,0,0,45,0,0,6,9,5,12.333333333333334,0,0,6,6,6,13.0,0,13.9,-0.3,0.79,12.666666666666668,11,0.6666666666666661,12,0.9166666666666666
1,18,1,9085,1,1,153.0,1,37,37,9,9,138.0,1,0,0,1,0,1,21,0,0,6,7,6,13.5,0,0,6,6,3,15.333333333333334,0,8.9,1.4,3.51,14.416666666666668,9,1.833333333333334,12,0.75
1,1,4,9500,1,1,136.0,1,1,1,9,9,123.8,1,0,0,1,0,1,19,0,0,8,8,7,13.314285714285717,0,0,8,8,7,13.314285714285717,0,12.7,3.7,-1.7,13.314285714285717,14,0.0,16,0.875
1,39,1,9670,1,1,133.1,1,38,19,9,8,122.9,0,0,1,0,1,0,25,0,0,6,7,3,14.0,0,0,6,9,2,14.5,0,13.9,-0.3,0.79,14.25,5,0.5,12,0.4166666666666667
2,39,1,9500,1,3,130.0,1,1,1,4,6,140.0,0,0,1,0,0,0,30,0,3,7,11,3,12.333333333333334,0,3,7,9,3,11.666666666666666,0,13.9,-0.3,0.79,12.0,6,-0.6666666666666679,14,0.42857142857142855
1,1,1,9238,1,1,135.0,1,38,38,5,7,121.0,0,0,0,1,0,0,19,0,0,6,13,3,10.333333333333334,0,0,6,12,3,10.333333333333334,0,7.6,2.6,0.32,10.333333333333334,6,0.0,12,0.5
1,39,1,9119,1,1,120.0,1,37,38,9,8,100.0,0,0,1,1,1,0,24,0,0,5,11,0,0.0,0,0,5,5,0,0.0,0,16.2,0.3,-0.92,0.0,0,0.0,10,0.0
1,1,3,9500,1,1,126.0,1,1,19,131,181,120.1,1,0,0,1,0,0,19,0,0,7,12,4,13.375,0,0,7,8,6,12.116666666666667,0,12.4,0.5,1.79,12.745833333333334,10,-1.2583333333333329,14,0.7142857142857143
1,44,1,9070,1,39,123.9,1,37,1,9,7,123.9,0,0,0,1,1,0,20,0,2,7,9,5,12.6,0,5,9,10,8,12.75,1,16.2,0.3,-0.92,12.675,13,0.15000000000000036,16,0.8125
1,17,1,9147,1,1,120.0,1,19,19,3,3,113.4,0,0,0,1,0,0,20,0,0,5,11,3,10.333333333333334,0,0,5,10,3,10.666666666666666,0,12.4,0.5,1.79,10.5,6,0.33333333333333215,10,0.6
1,1,1,9238,1,1,137.0,1,19,1,9,9,132.8,0,0,0,1,1,0,19,0,0,6,6,6,12.833333333333334,0,0,6,8,6,11.833333333333334,0,10.8,1.4,1.74,12.333333333333334,12,-1.0,12,1.0
4,39,2,9670,1,19,133.1,1,19,1,90,90,103.0,0,0,0,0,1,0,34,0,0,6,6,0,0.0,0,0,6,9,0,0.0,0,10.8,1.4,1.74,0.0,0,0.0,12,0.0
1,15,1,9773,1,1,120.0,26,19,19,4,5,120.0,1,0,0,1,0,0,22,1,0,6,6,6,13.0,0,0,6,6,6,13.666666666666666,0,12.4,0.5,1.79,13.333333333333332,12,0.6666666666666661,12,1.0
1,17,1,9254,1,1,125.0,1,1,1,3,3,114.5,0,0,0,1,1,1,22,0,0,6,8,6,13.625,0,0,6,8,6,14.428571428571429,0,11.1,0.6,2.02,14.026785714285715,12,0.8035714285714288,12,1.0
1,17,2,9670,1,1,128.0,1,37,38,5,8,121.7,0,0,0,1,1,1,20,0,0,5,5,5,12.4,0,0,5,5,4,10.75,0,9.4,-0.8,-3.12,11.575,9,-1.6500000000000004,10,0.9
1,1,3,9500,1,1,134.0,1,38,38,7,9,132.8,1,0,0,1,0,1,19,0,0,8,8,7,13.512857142857142,0,0,8,8,7,13.512857142857142,0,10.8,1.4,1.74,13.512857142857142,14,0.0,16,0.875
1,7,1,9991,0,40,120.0,1,1,19,4,9,120.0,0,0,0,1,0,0,24,0,0,5,5,0,0.0,0,0,5,6,0,0.0,0,12.4,0.5,1.79,0.0,0,0.0,10,0.0
1,1,5,9119,1,1,131.0,1,1,19,4,7,126.8,0,0,0,0,1,1,18,0,0,5,6,5,12.2,0,0,5,8,4,12.0,0,8.9,1.4,3.51,12.1,9,-0.1999999999999993,10,0.9
1,17,1,9500,1,1,142.0,1,38,37,9,8,130.8,1,0,0,1,0,1,19,0,0,7,10,6,12.583333333333334,0,0,8,8,7,12.671428571428573,0,13.9,-0.3,0.79,12.627380952380953,13,0.08809523809523867,15,0.8666666666666667
4,39,1,8014,0,19,100.0,1,1,37,9,1,111.5,0,0,0,1,1,0,45,0,2,8,10,4,11.5,0,2,8,13,4,11.0,0,10.8,1.4,1.74,11.25,8,-0.5,16,0.5
1,1,4,9773,1,1,133.0,1,19,19,7,7,134.4,1,0,0,1,1,1,20,0,0,6,6,6,12.166666666666666,0,0,6,8,4,12.75,0,9.4,-0.8,-3.12,12.458333333333332,10,0.5833333333333339,12,0.8333333333333334
1,39,1,8014,0,1,100.0,1,37,37,6,6,108.3,0,0,0,1,1,0,39,0,0,6,8,5,11.4,0,1,6,12,3,11.0,1,7.6,2.6,0.32,11.2,8,-0.40000000000000036,12,0.6666666666666666
2,43,1,9991,0,1,140.0,1,37,37,4,1,122.7,0,0,0,1,1,0,38,0,0,5,5,5,14.6,0,0,5,6,5,14.333333333333334,0,13.9,-0.3,0.79,14.466666666666667,10,-0.2666666666666657,10,1.0
1,43,1,9991,0,39,160.0,1,37,37,9,9,160.0,0,0,0,1,0,0,24,0,3,10,16,3,11.666666666666666,0,3,10,24,6,11.833333333333334,0,9.4,-0.8,-3.12,11.75,9,0.16666666666666785,20,0.45
1,18,6,8014,0,1,134.0,1,3,19,2,4,120.7,1,0,0,1,0,0,23,0,0,6,8,4,11.0,0,0,6,6,0,0.0,0,13.9,-0.3,0.79,5.5,4,-11.0,12,0.3333333333333333
1,39,1,9003,1,1,140.0,1,3,3,2,2,110.0,0,0,0,1,1,0,31,0,0,6,8,6,15.125,0,0,6,10,6,14.6,0,16.2,0.3,-0.92,14.8625,12,-0.5250000000000004,12,1.0
1,1,1,9773,1,1,153.0,1,1,1,141,175,157.9,0,0,1,1,0,1,18,0,0,6,6,6,14.833333333333334,0,0,6,6,6,14.833333333333334,0,8.9,1.4,3.51,14.833333333333334,12,0.0,12,1.0
1,16,2,9500,1,1,127.0,1,2,38,4,9,119.0,1,0,0,1,0,1,19,0,0,8,12,7,12.599999999999998,0,0,8,12,7,12.599999999999998,0,10.8,1.4,1.74,12.599999999999998,14,0.0,16,0.875
1,1,1,171,1,1,139.0,1,37,37,9,9,124.0,1,0,0,1,0,0,18,0,0,0,0,0,0.0,0,0,0,0,0,0.0,0,7.6,2.6,0.32,0.0,0,0.0,0,0.0
1,39,1,9085,1,19,133.1,1,37,37,4,8,140.0,0,0,0,1,0,0,35,0,0,6,11,3,12.666666666666666,0,0,6,7,0,0.0,0,11.1,0.6,2.02,6.333333333333333,3,-12.666666666666666,12,0.25
1,17,1,9238,1,1,123.0,1,1,1,9,9,113.2,0,0,0,1,0,1,20,0,0,6,11,4,10.75,0,0,6,13,5,11.5,0,15.5,2.8,-4.06,11.125,9,0.75,12,0.75
1,43,1,9003,1,1,119.0,1,37,37,9,6,119.0,0,0,1,1,1,0,23,0,0,6,6,0,0.0,0,0,6,8,0,0.0,0,15.5,2.8,-4.06,0.0,0,0.0,12,0.0
1,1,1,9254,1,1,117.0,1,19,19,9,9,116.3,1,0,0,1,0,0,24,0,0,6,9,4,12.6,0,0,6,6,4,11.5,0,12.7,3.7,-1.7,12.05,8,-1.0999999999999996,12,0.6666666666666666
1,2,1,9853,1,1,120.0,1,19,38,9,9,122.5,0,0,0,0,0,0,28,0,11,11,11,11,11.727272727272728,0,8,8,8,8,12.0,0,15.5,2.8,-4.06,11.863636363636363,19,0.2727272727272716,19,1.0
1,17,4,9500,1,1,138.0,1,4,1,2,1,133.0,1,0,0,1,0,0,18,0,0,8,8,0,0.0,5,0,8,8,0,0.0,5,9.4,-0.8,-3.12,0.0,0,0.0,16,0.0
2,39,1,9991,0,1,120.0,1,19,37,3,9,132.9,0,0,0,1,1,0,32,0,0,5,11,4,10.75,0,0,5,11,4,11.333333333333334,0,13.9,-0.3,0.79,11.041666666666668,8,0.5833333333333339,10,0.8
1,53,1,9003,1,42,130.0,1,1,1,144,144,125.8,0,0,1,1,0,0,21,0,7,13,21,11,11.909090909090908,0,5,11,14,11,10.727272727272728,0,8.9,1.4,3.51,11.318181818181818,22,-1.1818181818181799,24,0.9166666666666666
1,39,1,9085,1,1,110.0,1,1,1,5,5,160.0,1,0,1,1,0,0,30,0,0,6,7,6,16.428571428571427,0,0,6,7,6,16.666666666666668,0,13.9,-0.3,0.79,16.547619047619047,12,0.2380952380952408,12,1.0
1,1,1,9853,1,1,133.0,1,1,38,5,10,131.3,1,0,0,1,0,0,20,0,0,6,9,5,14.333333333333334,0,4,8,8,8,12.625,0,15.5,2.8,-4.06,13.479166666666668,13,-1.708333333333334,14,0.9285714285714286
1,1,1,9147,1,1,146.0,1,5,1,1,5,144.6,0,0,0,1,1,0,18,0,0,5,5,5,13.0,0,0,5,6,5,13.333333333333334,0,16.2,0.3,-0.92,13.166666666666668,10,0.3333333333333339,10,1.0
1,44,1,9003,1,39,140.0,1,38,1,134,134,140.0,1,0,1,1,1,0,26,0,0,6,6,0,0.0,0,0,6,7,0,0.0,0,8.9,1.4,3.51,0.0,0,0.0,12,0.0
1,17,1,9238,1,1,133.0,1,19,19,5,7,123.6,0,0,0,1,0,1,19,0,0,6,7,6,13.5,0,0,6,7,6,14.0,0,15.5,2.8,-4.06,13.75,12,0.5,12,1.0
1,1,1,9238,1,1,124.0,1,1,1,4,4,118.8,0,0,0,1,1,0,19,0,0,6,12,4,12.25,0,0,6,9,6,11.0,0,9.4,-0.8,-3.12,11.625,10,-1.25,12,0.8333333333333334
1,7,1,9147,1,40,110.0,1,37,37,9,9,110.0,0,0,0,1,0,0,52,0,11,15,26,14,10.466666666666669,0,9,12,16,12,10.923076923076923,0,13.9,-0.3,0.79,10.694871794871796,26,0.4564102564102548,27,0.9629629629629629
2,1,1,9500,1,1,156.0,1,1,1,9,10,135.5,0,0,0,1,0,0,18,0,0,8,8,7,13.9,0,0,8,8,7,13.9,0,12.7,3.7,-1.7,13.9,14,0.0,16,0.875
1,1,1,9147,1,1,126.0,1,19,19,9,9,115.2,0,0,1,1,0,0,19,0,0,5,13,1,10.0,0,0,5,8,2,10.0,0,12.4,0.5,1.79,10.0,3,0.0,10,0.3
1,39,1,9670,1,1,120.0,1,1,19,4,10,142.3,1,0,0,1,0,1,26,0,0,6,6,6,13.333333333333334,0,0,6,10,5,14.5,0,10.8,1.4,1.74,13.916666666666668,11,1.166666666666666,12,0.9166666666666666
1,1,1,9130,1,1,134.0,41,1,19,5,5,125.6,1,0,0,1,0,0,20,1,0,5,6,5,16.166666666666668,0,0,5,6,5,15.833333333333334,0,12.7,3.7,-1.7,16.0,10,-0.3333333333333339,10,1.0
1,39,1,9130,1,9,133.1,1,34,36,0,90,107.5,0,0,0,1,1,0,29,0,0,5,5,0,0.0,0,0,5,5,0,0.0,0,7.6,2.6,0.32,0.0,0,0.0,10,0.0
1,43,1,9853,1,1,115.0,1,3,37,2,5,108.7,1,0,0,1,0,0,21,0,0,6,10,3,12.666666666666666,0,0,6,12,3,10.0,0,9.4,-0.8,-3.12,11.333333333333332,6,-2.666666666666666,12,0.5
1,39,1,9773,1,1,140.0,1,34,37,0,0,102.5,0,0,0,1,0,0,26,0,0,6,8,4,11.75,0,0,6,12,0,0.0,0,7.6,2.6,0.32,5.875,4,-11.75,12,0.3333333333333333
1,44,1,9119,1,39,150.0,1,19,3,5,2,150.0,0,0,0,1,1,0,20,0,0,5,16,0,0.0,0,0,5,12,2,10.5,0,12.7,3.7,-1.7,5.25,2,10.5,10,0.2
1,1,1,9070,1,1,110.0,1,1,37,9,9,105.1,1,0,0,1,0,1,20,0,0,6,6,6,12.0,0,0,6,6,6,11.833333333333334,0,12.4,0.5,1.79,11.916666666666668,12,-0.16666666666666607,12,1.0
1,1,1,9238,1,1,135.0,1,19,19,9,5,135.0,1,0,0,1,0,0,20,0,0,6,6,6,13.833333333333334,0,0,6,6,6,11.833333333333334,0,10.8,1.4,1.74,12.833333333333334,12,-2.0,12,1.0
1,1,2,9773,1,1,121.0,1,1,19,9,7,118.9,1,0,0,1,0,0,20,0,0,6,6,6,13.333333333333334,0,0,6,10,5,12.8,0,11.1,0.6,2.02,13.066666666666666,11,-0.5333333333333332,12,0.9166666666666666
1,1,6,9773,1,1,125.0,1,1,1,5,4,122.2,0,0,0,1,1,0,19,0,0,6,7,5,13.6,0,0,6,8,5,12.666666666666666,0,15.5,2.8,-4.06,13.133333333333333,10,-0.9333333333333336,12,0.8333333333333334
1,1,2,9500,1,1,149.0,1,19,38,9,9,126.5,1,0,0,1,0,0,18,0,0,8,8,7,12.914285714285713,0,0,8,8,7,12.914285714285713,0,12.7,3.7,-1.7,12.914285714285713,14,0.0,16,0.875
1,17,1,9147,1,1,115.0,1,19,19,7,7,115.0,1,0,0,1,0,0,23,0,0,5,7,2,10.0,1,0,5,9,1,12.0,0,9.4,-0.8,-3.12,11.0,3,2.0,10,0.3
1,1,5,171,1,1,139.0,1,19,3,9,2,136.9,1,0,0,1,1,1,19,0,0,0,0,0,0.0,0,0,0,0,0,0.0,0,9.4,-0.8,-3.12,0.0,0,0.0,0,0.0
1,43,1,9991,0,1,120.0,1,37,37,9,9,128.2,0,0,0,0,1,0,32,0,5,9,9,5,11.4,0,4,4,4,4,11.0,0,10.8,1.4,1.74,11.2,9,-0.40000000000000036,13,0.6923076923076923
1,44,1,9130,1,39,130.0,1,1,3,9,2,130.0,1,0,1,1,0,1,21,0,1,6,13,3,12.333333333333334,0,1,6,12,1,13.0,0,13.9,-0.3,0.79,12.666666666666668,4,0.6666666666666661,12,0.3333333333333333
1,1,1,9130,1,1,110.0,1,3,19,2,9,105.5,1,0,1,0,0,0,19,0,0,6,0,0,0.0,0,0,6,0,0,0.0,0,11.1,0.6,2.02,0.0,0,0.0,12,0.0
2,42,1,9003,1,1,120.0,1,3,1,2,2,113.3,0,0,0,1,1,0,26,0,0,6,9,1,10.0,0,0,6,6,0,0.0,0,12.4,0.5,1.79,5.0,1,-10.0,12,0.08333333333333333
1,17,1,9254,1,1,126.0,1,1,1,9,9,124.3,0,0,0,1,0,1,19,0,0,6,8,6,11.166666666666666,0,0,6,7,4,13.4,0,16.2,0.3,-0.92,12.283333333333333,10,2.2333333333333343,12,0.8333333333333334
1,1,1,9238,1,1,142.0,1,1,37,5,7,128.0,0,0,0,1,0,1,19,0,0,6,8,6,12.25,0,0,6,8,6,12.0,0,16.2,0.3,-0.92,12.125,12,-0.25,12,1.0
1,1,1,9254,1,1,121.0,1,19,19,5,8,117.5,1,0,0,1,0,0,18,0,0,6,7,6,10.571428571428571,0,0,6,11,3,11.666666666666666,0,16.2,0.3,-0.92,11.119047619047619,9,1.095238095238095,12,0.75
4,43,1,9991,0,1,164.0,1,37,37,6,6,131.8,0,0,0,1,0,0,31,0,7,14,19,13,11.357142857142858,0,9,14,14,13,12.0,1,9.4,-0.8,-3.12,11.678571428571429,26,0.6428571428571423,28,0.9285714285714286
1,17,4,9119,1,1,138.0,1,1,3,1,4,127.5,1,0,0,1,1,0,19,0,0,5,6,5,14.6,0,0,5,5,5,15.2,0,8.9,1.4,3.51,14.899999999999999,10,0.5999999999999996,10,1.0
1,1,1,9254,1,1,125.0,1,19,38,9,8,121.5,0,0,0,1,0,1,21,0,0,6,7,6,12.0,0,0,6,6,6,12.5,0,13.9,-0.3,0.79,12.25,12,0.5,12,1.0
2,39,1,9991,0,19,133.1,1,19,39,5,3,121.7,0,0,1,0,0,0,31,0,0,5,7,0,0.0,0,0,5,7,0,0.0,0,16.2,0.3,-0.92,0.0,0,0.0,10,0.0
4,39,1,9670,1,1,100.0,1,37,37,4,10,120.0,0,0,1,1,0,1,39,0,0,5,6,5,10.6,0,0,5,7,4,10.75,0,9.4,-0.8,-3.12,10.675,9,0.15000000000000036,10,0.9
1,43,1,8014,0,1,133.1,1,3,3,2,3,135.0,0,0,0,1,0,0,27,0,7,10,10,9,11.444444444444445,0,4,11,11,5,10.8,0,10.8,1.4,1.74,11.122222222222224,14,-0.6444444444444439,21,0.6666666666666666
1,17,5,9070,1,1,131.0,1,37,37,9,9,126.1,1,0,0,0,0,0,18,0,0,6,9,4,11.5,1,0,6,6,6,12.166666666666666,0,7.6,2.6,0.32,11.833333333333332,10,0.6666666666666661,12,0.8333333333333334
1,1,1,171,1,1,110.0,1,3,2,3,3,117.0,1,0,0,1,1,0,21,0,0,0,0,0,0.0,0,0,0,0,0,0.0,0,9.4,-0.8,-3.12,0.0,0,0.0,0,0.0
1,1,1,9085,1,1,134.0,1,1,1,2,7,128.4,1,0,0,1,0,1,18,0,0,5,12,5,12.857142857142858,2,0,5,8,4,13.25,0,9.4,-0.8,-3.12,13.053571428571429,9,0.39285714285714235,10,0.9
1,1,1,9147,1,1,116.0,1,19,19,5,8,127.9,0,0,1,0,0,1,20,0,0,5,12,2,13.0,1,0,5,13,2,11.5,0,9.4,-0.8,-3.12,12.25,4,-1.5,10,0.4
1,17,3,9500,1,1,133.0,1,1,1,9,9,128.5,1,0,0,1,0,1,18,0,0,7,7,7,14.868571428571428,0,0,8,9,8,15.11111111111111,0,11.1,0.6,2.02,14.98984126984127,15,0.2425396825396824,15,1.0
2,39,1,9500,1,1,110.0,1,37,37,9,6,114.3,0,0,0,1,0,0,41,0,0,7,0,0,0.0,0,0,8,0,0,0.0,0,10.8,1.4,1.74,0.0,0,0.0,15,0.0
1,1,1,9238,1,1,167.0,1,19,19,9,7,156.2,0,0,0,1,0,1,18,0,0,6,6,6,14.333333333333334,0,0,6,7,6,14.142857142857142,0,15.5,2.8,-4.06,14.238095238095237,12,-0.19047619047619158,12,1.0
1,43,1,9670,1,1,134.0,1,1,38,4,4,120.7,0,0,1,0,0,0,19,0,0,6,13,3,10.666666666666666,0,0,6,6,4,12.25,0,15.5,2.8,-4.06,11.458333333333332,7,1.583333333333334,12,0.5833333333333334
2,43,1,8014,0,1,120.0,1,37,37,5,5,161.1,0,0,0,1,1,0,47,0,0,6,9,6,12.142857142857142,0,0,6,6,0,0.0,0,16.2,0.3,-0.92,6.071428571428571,6,-12.142857142857142,12,0.5
2,39,1,8014,0,1,140.0,1,37,37,9,9,128.0,0,0,0,1,0,1,43,0,0,6,7,6,12.333333333333334,0,0,6,8,6,11.5,0,8.9,1.4,3.51,11.916666666666668,12,-0.8333333333333339,12,1.0
2,39,1,9991,0,3,140.0,1,19,19,9,7,152.4,0,0,0,1,0,0,26,0,0,5,5,5,12.0,0,0,5,6,5,14.833333333333334,0,10.8,1.4,1.74,13.416666666666668,10,2.833333333333334,10,1.0
1,43,1,171,1,39,140.0,1,38,37,9,7,140.0,0,0,0,0,1,0,25,0,0,0,0,0,0.0,0,0,0,0,0,0.0,0,15.5,2.8,-4.06,0.0,0,0.0,0,0.0
1,17,1,9147,1,1,136.0,1,1,1,9,3,122.7,1,0,0,1,1,0,18,0,0,5,6,5,12.0,0,0,5,7,4,12.5,0,15.5,2.8,-4.06,12.25,9,0.5,10,0.9
1,42,1,9853,1,12,133.1,1,1,3,3,2,133.7,0,0,0,1,0,0,28,0,14,18,23,14,12.785714285714286,2,16,17,18,16,13.875,0,16.2,0.3,-0.92,13.330357142857142,30,1.0892857142857135,35,0.8571428571428571
1,1,6,9500,1,1,136.0,1,37,1,5,4,120.8,1,0,0,1,0,0,19,0,6,14,22,7,12.192307692307692,5,6,14,22,7,12.192307692307692,5,7.6,2.6,0.32,12.192307692307692,14,0.0,28,0.5
1,43,2,9500,1,6,119.1,1,1,19,4,10,119.1,0,0,0,1,1,0,22,0,0,7,7,6,12.733333333333334,0,0,7,7,6,12.733333333333334,0,7.6,2.6,0.32,12.733333333333334,12,0.0,14,0.8571428571428571
1,18,1,9853,1,1,117.0,1,19,38,4,0,113.5,1,0,0,1,0,0,19,0,0,7,10,6,12.166666666666666,0,0,7,9,6,13.166666666666666,0,12.4,0.5,1.79,12.666666666666666,12,1.0,14,0.8571428571428571
1,17,1,9773,1,1,121.0,1,38,38,9,8,120.4,1,0,0,1,0,1,18,0,0,6,6,6,12.833333333333334,0,0,6,7,6,12.285714285714286,0,15.5,2.8,-4.06,12.55952380952381,12,-0.5476190476190474,12,1.0
1,17,1,9119,1,1,132.0,1,37,37,9,6,119.4,1,0,0,1,1,0,21,0,0,5,8,0,0.0,0,0,5,5,0,0.0,0,7.6,2.6,0.32,0.0,0,0.0,10,0.0
2,43,1,9991,0,1,114.0,1,37,37,7,8,116.7,0,0,0,1,1,0,49,0,0,5,7,4,13.333333333333334,0,0,5,9,4,11.6,1,16.2,0.3,-0.92,12.466666666666667,8,-1.7333333333333343,10,0.8
2,39,1,9991,0,1,120.0,1,37,37,9,9,120.7,0,0,0,1,0,0,39,0,0,5,6,5,11.0,0,0,5,5,5,13.2,0,7.6,2.6,0.32,12.1,10,2.1999999999999993,10,1.0
1,43,1,171,1,2,140.0,1,37,37,9,9,140.0,1,0,0,1,0,0,34,0,0,0,0,0,0.0,0,0,0,0,0,0.0,0,10.8,1.4,1.74,0.0,0,0.0,0,0.0
1,17,1,9670,1,1,133.1,1,34,3,7,2,130.6,1,0,1,0,1,0,23,0,0,5,5,0,0.0,0,0,5,5,0,0.0,0,7.6,2.6,0.32,0.0,0,0.0,10,0.0
2,1,4,9500,1,1,140.0,1,1,37,4,9,128.0,0,0,0,1,0,1,18,0,0,7,7,6,14.066666666666668,0,0,7,7,6,14.066666666666668,0,7.6,2.6,0.32,14.066666666666668,12,0.0,14,0.8571428571428571
1,1,1,9085,1,1,119.0,1,2,1,4,3,113.1,1,0,0,1,0,0,21,0,0,5,6,5,12.2,0,0,5,5,5,13.2,0,10.8,1.4,1.74,12.7,10,1.0,10,1.0
2,39,2,9991,0,1,150.0,1,37,37,9,9,120.0,0,0,0,1,0,0,43,0,0,5,11,3,10.666666666666666,0,1,5,10,4,12.5,0,9.4,-0.8,-3.12,11.583333333333332,7,1.833333333333334,10,0.7
1,43,1,9254,1,6,138.6,1,34,34,0,0,138.6,1,0,0,1,1,0,20,0,0,6,10,4,11.5,0,0,6,11,3,11.666666666666666,0,7.6,2.6,0.32,11.583333333333332,7,0.16666666666666607,12,0.5833333333333334
1,42,1,9147,1,1,139.0,1,3,38,2,5,112.3,1,0,0,1,0,0,19,0,0,5,8,2,11.5,0,0,5,10,3,10.857142857142858,0,10.8,1.4,1.74,11.178571428571429,5,-0.6428571428571423,10,0.5
1,1,2,9500,1,1,142.0,1,37,37,9,7,132.7,1,0,0,1,0,1,19,0,0,7,8,7,14.7875,0,0,8,8,8,15.8625,0,13.9,-0.3,0.79,15.325,15,1.075000000000001,15,1.0
1,17,3,9119,1,1,115.0,1,3,1,3,3,116.1,1,0,0,0,1,0,18,0,0,5,8,5,12.5,0,0,5,7,5,13.571428571428571,0,12.4,0.5,1.79,13.035714285714285,10,1.0714285714285712,10,1.0
1,1,1,9147,1,1,124.0,1,19,19,9,3,115.6,1,0,0,0,1,0,20,0,0,5,9,3,12.0,1,0,5,7,3,11.0,0,9.4,-0.8,-3.12,11.5,6,-1.0,10,0.6
1,1,5,9773,1,1,135.0,1,37,1,5,5,124.9,1,0,0,1,0,0,18,0,0,6,6,6,13.666666666666666,0,0,6,6,6,13.333333333333334,0,8.9,1.4,3.51,13.5,12,-0.33333333333333215,12,1.0
1,1,2,9147,1,1,121.0,1,19,19,9,9,126.3,1,0,0,1,0,0,20,0,0,5,12,1,10.0,2,0,5,5,0,0.0,0,12.7,3.7,-1.7,5.0,1,-10.0,10,0.1
2,39,1,9147,1,1,130.0,1,1,19,9,9,109.9,0,0,0,0,0,0,29,0,0,4,4,0,0.0,0,0,5,0,0,0.0,0,12.7,3.7,-1.7,0.0,0,0.0,9,0.0
1,39,1,9085,1,1,150.0,1,19,19,4,10,100.0,0,0,0,1,0,0,24,0,1,6,11,5,13.0,0,1,6,12,1,12.0,0,13.9,-0.3,0.79,12.5,6,-1.0,12,0.5
1,17,3,9500,1,1,136.0,1,37,38,4,5,126.0,1,0,0,1,0,0,19,0,0,8,8,7,15.11,0,0,8,8,7,15.11,0,10.8,1.4,1.74,15.11,14,0.0,16,0.875
1,1,1,9670,1,1,141.0,1,19,38,9,9,130.5,0,0,0,1,1,0,19,0,0,6,8,6,14.25,0,0,6,7,6,13.857142857142858,0,11.1,0.6,2.02,14.053571428571429,12,-0.39285714285714235,12,1.0
1,17,6,9556,1,1,115.0,1,19,2,5,3,112.2,1,0,0,1,0,0,20,0,0,7,7,7,13.785714285714286,0,0,8,8,8,14.1,0,12.4,0.5,1.79,13.942857142857143,15,0.31428571428571317,15,1.0
1,17,2,9147,1,1,125.0,1,19,38,9,7,116.3,1,0,0,1,1,0,19,0,0,5,8,5,13.25,0,0,5,8,5,11.0,0,13.9,-0.3,0.79,12.125,10,-2.25,10,1.0
1,39,1,171,1,1,133.1,1,37,37,9,7,100.0,0,0,1,1,1,1,33,0,0,0,0,0,0.0,0,0,0,0,0,0.0,0,15.5,2.8,-4.06,0.0,0,0.0,0,0.0
1,1,6,9500,1,1,149.0,1,1,1,4,9,133.0,1,0,0,1,0,1,18,0,0,8,8,7,14.0,0,0,8,8,7,14.0,0,12.7,3.7,-1.7,14.0,14,0.0,16,0.875
2,39,1,9773,1,1,110.0,1,37,37,9,10,140.0,0,0,1,0,1,0,43,0,0,6,16,2,10.0,0,0,6,12,4,12.25,0,10.8,1.4,1.74,11.125,6,2.25,12,0.5
1,17,2,9773,1,1,132.0,1,19,1,9,9,141.8,1,0,0,1,1,0,20,0,0,6,6,6,11.833333333333334,0,0,6,6,6,12.166666666666666,0,12.7,3.7,-1.7,12.0,12,0.33333333333333215,12,1.0
1,1,1,9147,1,1,131.0,1,3,19,3,10,123.3,0,0,0,1,1,0,19,0,0,5,7,5,11.8,0,0,5,8,4,12.4,2,16.2,0.3,-0.92,12.100000000000001,9,0.5999999999999996,10,0.9
1,16,3,9853,1,1,134.0,1,19,37,9,9,121.1,1,0,0,1,0,0,19,0,0,6,8,5,12.2,0,0,6,8,5,11.8,0,10.8,1.4,1.74,12.0,10,-0.3999999999999986,12,0.8333333333333334
1,17,1,9500,1,1,130.0,1,3,3,2,2,131.1,0,0,0,1,1,0,19,0,0,7,8,7,12.12142857142857,0,0,9,12,8,11.50625,0,12.4,0.5,1.79,11.813839285714284,15,-0.6151785714285705,16,0.9375
1,17,1,171,1,1,133.0,1,1,1,6,7,134.8,1,0,0,1,0,0,18,0,0,0,0,0,0.0,0,0,0,0,0,0.0,0,12.4,0.5,1.79,0.0,0,0.0,0,0.0
1,39,1,9238,1,9,133.1,1,34,34,0,0,118.0,0,0,0,1,0,0,47,0,0,6,12,0,0.0,0,0,5,10,0,0.0,0,7.6,2.6,0.32,0.0,0,0.0,11,0.0
1,1,3,9500,1,1,128.0,1,1,1,4,10,118.9,1,0,0,1,0,0,20,0,0,7,8,7,11.5875,0,0,8,9,7,14.071428571428571,0,13.9,-0.3,0.79,12.829464285714286,14,2.483928571428571,15,0.9333333333333333
1,39,1,9003,1,1,160.0,1,1,37,191,193,140.0,0,0,0,1,1,0,27,0,0,6,6,0,0.0,0,0,6,6,0,0.0,0,11.1,0.6,2.02,0.0,0,0.0,12,0.0
1,1,2,9670,1,1,117.0,1,37,37,9,9,111.8,0,0,0,1,0,0,22,0,0,5,8,3,12.0,0,0,5,9,2,11.0,1,7.6,2.6,0.32,11.5,5,-1.0,10,0.5
1,17,1,9147,1,1,130.0,1,37,37,9,7,119.9,0,0,0,1,0,1,19,0,0,5,8,5,12.875,0,0,5,6,5,11.833333333333334,0,13.9,-0.3,0.79,12.354166666666668,10,-1.041666666666666,10,1.0
1,51,1,9991,0,1,141.0,1,19,38,5,7,100.0,0,0,0,1,0,0,21,0,1,5,9,4,11.5,0,1,5,5,5,11.4,0,8.9,1.4,3.51,11.45,9,-0.09999999999999964,10,0.9
1,1,3,9254,1,1,115.0,1,1,1,3,3,117.5,1,0,0,1,0,0,18,0,0,6,9,4,11.25,0,0,6,13,2,12.5,0,9.4,-0.8,-3.12,11.875,6,1.25,12,0.5
1,44,1,9003,1,39,140.0,1,4,4,4,2,120.0,1,0,0,1,1,0,22,0,0,6,13,5,13.0,0,0,6,13,2,11.5,0,12.4,0.5,1.79,12.25,7,-1.5,12,0.5833333333333334
1,1,1,8014,0,1,133.1,1,3,1,1,7,100.0,0,0,0,1,0,0,26,0,2,8,11,7,12.75,0,2,7,7,7,12.285714285714286,0,16.2,0.3,-0.92,12.517857142857142,14,-0.4642857142857135,15,0.9333333333333333
1,7,1,9500,1,3,130.0,1,37,37,9,5,130.0,0,0,0,1,0,0,36,0,0,7,7,0,0.0,7,0,7,7,0,0.0,7,16.2,0.3,-0.92,0.0,0,0.0,14,0.0
1,1,6,9500,1,1,122.0,1,1,1,4,4,119.6,1,0,0,1,0,0,21,0,0,7,8,6,13.25,0,0,8,8,8,13.8375,0,13.9,-0.3,0.79,13.54375,14,0.5875000000000004,15,0.9333333333333333
1,17,5,9853,1,1,117.0,1,38,38,9,7,114.6,1,0,0,1,0,0,19,0,0,6,11,4,13.25,0,0,6,10,4,10.25,0,9.4,-0.8,-3.12,11.75,8,-3.0,12,0.6666666666666666
1,7,1,9991,0,3,130.0,1,37,37,9,9,130.0,0,0,0,1,1,0,31,0,9,9,9,9,14.22222222222222,0,5,5,5,5,12.8,0,12.7,3.7,-1.7,13.51111111111111,14,-1.422222222222219,14,1.0
1,43,5,8014,0,1,110.0,1,34,34,0,0,110.0,0,0,0,1,1,0,37,0,0,6,12,0,0.0,0,0,5,10,0,0.0,0,7.6,2.6,0.32,0.0,0,0.0,11,0.0
1,39,1,9238,1,12,100.0,1,37,37,9,9,124.3,0,0,0,1,1,0,47,0,3,9,9,9,13.11111111111111,0,3,7,7,7,14.857142857142858,0,10.8,1.4,1.74,13.984126984126984,16,1.746031746031747,16,1.0
1,7,1,9500,1,3,140.0,1,3,1,4,4,140.0,0,0,0,1,0,0,26,0,0,7,0,0,0.0,0,0,8,0,0,0.0,0,13.9,-0.3,0.79,0.0,0,0.0,15,0.0
2,39,1,8014,0,1,140.0,1,37,37,5,6,128.5,0,0,0,1,0,1,38,0,0,6,6,5,12.4,0,0,6,7,6,12.666666666666666,0,9.4,-0.8,-3.12,12.533333333333333,11,0.2666666666666657,12,0.9166666666666666
1,17,1,9773,1,1,138.0,1,1,19,9,9,124.0,0,0,0,1,0,1,19,0,0,6,6,6,13.166666666666666,0,0,6,6,6,13.833333333333334,0,11.1,0.6,2.02,13.5,12,0.6666666666666679,12,1.0
4,39,1,9500,1,1,133.1,1,1,19,3,3,154.3,0,0,0,1,0,0,32,0,0,7,0,0,0.0,0,0,8,0,0,0.0,0,12.4,0.5,1.79,0.0,0,0.0,15,0.0
1,43,3,9500,1,1,126.0,1,38,37,6,5,124.3,1,0,0,1,0,1,18,0,0,7,8,5,11.98,0,0,7,8,5,11.98,0,7.6,2.6,0.32,11.98,10,0.0,14,0.7142857142857143
1,17,2,9853,1,1,150.0,1,38,19,5,5,142.0,1,0,0,1,0,1,19,0,0,6,8,6,12.333333333333334,0,0,6,7,5,12.4,0,10.8,1.4,1.74,12.366666666666667,11,0.06666666666666643,12,0.9166666666666666
4,39,2,9556,1,1,133.1,1,38,37,7,7,101.5,1,0,0,1,0,0,24,0,0,7,0,0,0.0,0,0,7,0,0,0.0,0,10.8,1.4,1.74,0.0,0,0.0,14,0.0
1,1,1,9238,1,1,115.0,1,19,38,7,7,108.7,0,0,0,1,0,1,19,0,0,6,9,5,10.8,0,0,6,8,6,10.714285714285714,0,15.5,2.8,-4.06,10.757142857142856,11,-0.08571428571428719,12,0.9166666666666666
1,44,1,9130,1,39,130.0,1,3,1,3,6,130.0,1,0,1,1,1,0,20,0,2,6,9,4,11.0,0,1,6,13,3,10.666666666666666,0,12.4,0.5,1.79,10.833333333333332,7,-0.3333333333333339,12,0.5833333333333334
1,1,1,9147,1,1,166.0,1,19,37,4,8,146.4,0,0,0,1,1,0,27,0,0,5,12,3,10.0,0,0,5,12,1,13.0,0,7.6,2.6,0.32,11.5,4,3.0,10,0.4
1,1,1,9085,1,1,140.0,1,12,1,1,90,141.8,0,0,0,1,0,0,21,0,0,5,7,5,14.4,0,0,5,5,5,13.8,0,7.6,2.6,0.32,14.100000000000001,10,-0.5999999999999996,10,1.0
1,51,1,8014,0,2,110.0,1,19,38,9,10,110.0,0,0,0,1,1,0,42,0,8,12,12,11,14.454545454545457,0,7,11,11,10,14.2,0,11.1,0.6,2.02,14.327272727272728,21,-0.2545454545454575,23,0.9130434782608695
1,1,1,9085,1,1,135.0,1,19,38,9,5,136.8,1,0,0,1,0,0,18,0,0,5,11,5,14.0,3,0,5,7,5,11.6,0,9.4,-0.8,-3.12,12.8,10,-2.4000000000000004,10,1.0
1,17,1,9254,1,1,128.0,1,19,38,9,9,118.2,0,0,0,1,0,0,19,0,0,5,5,0,0.0,0,0,6,0,0,0.0,0,8.9,1.4,3.51,0.0,0,0.0,11,0.0
1,43,1,9991,0,1,120.0,1,37,19,9,9,107.0,0,0,0,0,1,0,47,0,0,5,5,0,0.0,0,0,5,5,0,0.0,0,12.7,3.7,-1.7,0.0,0,0.0,10,0.0
1,17,5,9238,1,1,122.0,1,37,37,7,5,112.9,1,0,0,1,0,1,19,0,0,6,8,6,12.125,0,0,6,7,6,12.714285714285714,0,16.2,0.3,-0.92,12.419642857142858,12,0.5892857142857135,12,1.0
1,16,2,9238,1,1,133.0,1,19,38,4,5,133.7,1,0,0,1,0,0,18,0,0,6,6,6,13.5,0,0,6,6,6,12.166666666666666,0,10.8,1.4,1.74,12.833333333333332,12,-1.333333333333334,12,1.0
1,1,1,171,1,1,143.0,1,12,12,4,1,155.3,1,1,0,1,0,0,18,0,0,0,0,0,0.0,0,0,0,0,0,0.0,0,11.1,0.6,2.02,0.0,0,0.0,0,0.0
1,17,1,9238,1,1,140.0,1,1,44,4,2,124.6,1,0,1,0,1,0,20,0,3,9,9,3,13.333333333333334,0,2,6,6,2,12.5,0,8.9,1.4,3.51,12.916666666666668,5,-0.8333333333333339,15,0.3333333333333333
4,39,1,9085,1,1,133.1,1,34,34,0,0,128.2,0,0,0,1,0,0,25,0,0,5,5,0,0.0,0,0,5,5,0,0.0,0,7.6,2.6,0.32,0.0,0,0.0,10,0.0
1,39,1,9085,1,1,110.0,1,40,1,5,6,142.5,0,0,1,0,1,0,37,0,5,7,7,5,12.0,0,3,7,7,3,11.666666666666666,0,8.9,1.4,3.51,11.833333333333332,8,-0.3333333333333339,14,0.5714285714285714
2,39,1,9254,1,19,133.1,1,34,34,0,0,120.0,0,0,1,0,1,0,45,0,0,6,12,0,0.0,0,0,6,12,0,0.0,0,9.4,-0.8,-3.12,0.0,0,0.0,12,0.0
1,17,1,9773,1,1,133.1,1,19,37,7,7,126.0,0,0,0,1,0,1,19,0,0,6,6,6,12.5,0,0,6,7,6,13.0,0,15.5,2.8,-4.06,12.75,12,0.5,12,1.0
1,1,6,9500,1,1,141.0,1,2,1,4,4,136.3,1,0,0,1,0,0,19,0,0,8,8,7,14.1,0,0,8,8,7,14.1,0,10.8,1.4,1.74,14.1,14,0.0,16,0.875
1,1,1,9853,1,1,133.1,1,19,19,9,9,97.0,1,0,0,1,0,0,23,0,0,6,9,5,11.6,0,0,6,9,3,11.0,0,12.7,3.7,-1.7,11.3,8,-0.5999999999999996,12,0.6666666666666666
1,17,1,9147,1,1,129.0,1,38,37,3,5,132.9,1,0,0,1,0,0,19,0,0,5,5,3,11.666666666666666,0,0,5,10,4,10.8,0,9.4,-0.8,-3.12,11.233333333333334,7,-0.8666666666666654,10,0.7
1,1,1,9238,1,1,136.0,1,19,1,4,3,125.2,1,0,0,1,0,0,20,0,0,6,7,6,11.666666666666666,0,0,6,10,6,11.333333333333334,0,7.6,2.6,0.32,11.5,12,-0.33333333333333215,12,1.0
1,39,1,8014,0,1,130.0,1,37,37,9,8,103.5,0,0,0,1,0,1,33,0,0,6,6,6,14.166666666666666,0,0,6,6,6,14.333333333333334,0,12.7,3.7,-1.7,14.25,12,0.16666666666666785,12,1.0
1,1,2,9254,1,1,111.0,1,1,19,5,7,109.3,1,0,0,1,0,1,20,0,0,6,6,6,13.833333333333334,0,0,6,6,6,15.0,0,11.1,0.6,2.02,14.416666666666668,12,1.166666666666666,12,1.0
1,1,1,9238,1,1,116.0,1,38,38,9,6,116.4,1,0,0,1,0,0,18,0,0,6,6,6,13.166666666666666,0,0,6,6,6,13.166666666666666,0,8.9,1.4,3.51,13.166666666666666,12,0.0,12,1.0
1,39,1,8014,0,19,133.1,1,19,19,144,141,131.5,0,0,1,1,0,1,39,0,0,6,9,6,11.833333333333334,0,0,6,9,4,13.75,0,11.1,0.6,2.02,12.791666666666668,10,1.916666666666666,12,0.8333333333333334
1,1,1,9773,1,1,125.0,1,38,38,9,9,133.4,1,0,0,1,1,1,20,0,0,6,8,6,12.0,0,0,6,8,6,11.5,0,13.9,-0.3,0.79,11.75,12,-0.5,12,1.0
1,17,2,9147,1,1,122.0,1,19,19,7,7,116.1,1,0,0,1,0,1,19,0,0,5,8,5,11.2,0,0,5,5,3,11.0,0,12.4,0.5,1.79,11.1,8,-0.1999999999999993,10,0.8
1,1,2,9085,1,1,157.0,1,3,3,5,2,153.9,1,0,0,1,0,0,18,0,0,6,7,6,16.571428571428573,0,0,6,6,6,15.666666666666666,0,13.9,-0.3,0.79,16.11904761904762,12,-0.9047619047619069,12,1.0
1,1,1,9556,1,1,135.0,1,37,38,7,9,125.8,0,0,0,1,0,1,20,0,0,7,14,7,10.642857142857142,0,0,8,8,8,11.55,0,12.7,3.7,-1.7,11.096428571428572,15,0.9071428571428584,15,1.0
1,1,1,9773,1,1,140.0,1,19,37,9,6,135.8,1,0,0,1,0,1,19,0,0,6,6,6,13.0,0,0,6,7,6,13.0,0,10.8,1.4,1.74,13.0,12,0.0,12,1.0
1,44,1,8014,0,39,130.0,1,37,38,6,6,130.0,1,0,0,1,0,0,23,0,5,9,10,9,10.88888888888889,0,3,8,10,6,11.333333333333334,0,11.1,0.6,2.02,11.11111111111111,15,0.44444444444444464,17,0.8823529411764706
1,1,1,9670,1,1,125.0,1,37,37,5,5,124.0,0,0,0,1,0,0,19,0,0,6,7,6,14.857142857142858,0,0,6,6,6,13.333333333333334,0,12.4,0.5,1.79,14.095238095238095,12,-1.5238095238095237,12,1.0
1,1,1,171,1,1,138.0,1,1,3,4,4,147.5,1,0,0,1,0,1,19,0,6,12,12,12,13.666666666666666,0,4,11,12,11,14.166666666666666,0,8.9,1.4,3.51,13.916666666666666,23,0.5,23,1.0
1,51,1,9085,1,1,127.0,1,3,3,2,8,138.8,1,0,0,1,0,0,22,0,4,12,19,11,14.153846153846152,0,5,12,20,12,15.428571428571429,0,8.9,1.4,3.51,14.79120879120879,23,1.2747252747252773,24,0.9583333333333334
1,39,1,9130,1,10,133.1,1,12,36,90,90,128.2,0,0,0,0,1,1,30,0,0,5,13,0,0.0,3,0,5,5,0,0.0,5,9.4,-0.8,-3.12,0.0,0,0.0,10,0.0
1,1,1,8014,0,1,128.0,1,38,38,0,0,122.1,0,0,0,1,0,0,21,0,0,6,8,5,12.8,0,0,6,10,6,11.857142857142858,0,7.6,2.6,0.32,12.32857142857143,11,-0.9428571428571431,12,0.9166666666666666
1,1,2,9773,1,1,122.0,1,37,37,9,9,126.9,1,0,0,1,0,1,19,0,0,6,11,4,11.0,0,0,6,11,3,11.666666666666666,0,9.4,-0.8,-3.12,11.333333333333332,7,0.6666666666666661,12,0.5833333333333334
1,7,1,33,1,40,120.0,1,38,37,5,6,120.0,1,0,1,0,1,0,25,0,18,21,26,21,12.363636363636363,0,12,16,21,12,12.25,1,11.1,0.6,2.02,12.306818181818182,33,-0.11363636363636331,37,0.8918918918918919
1,1,5,9085,1,1,121.0,1,38,37,9,8,114.0,1,0,0,0,0,0,19,0,0,5,12,0,0.0,4,0,5,8,0,0.0,1,9.4,-0.8,-3.12,0.0,0,0.0,10,0.0
1,17,4,9500,1,1,140.0,1,1,1,3,3,127.6,1,0,0,1,0,0,23,0,0,7,7,6,13.796666666666669,0,0,8,11,7,13.775,0,12.4,0.5,1.79,13.785833333333334,13,-0.021666666666668277,15,0.8666666666666667
2,39,1,9003,1,1,168.0,1,1,41,9,3,153.9,0,0,1,0,1,0,34,0,0,6,7,0,0.0,0,0,6,0,0,0.0,0,12.4,0.5,1.79,0.0,0,0.0,12,0.0
1,1,1,9130,1,1,132.0,1,3,1,4,9,121.9,1,0,0,1,0,0,18,0,0,6,8,6,14.5,0,0,6,9,6,12.857142857142858,0,13.9,-0.3,0.79,13.678571428571429,12,-1.6428571428571423,12,1.0
1,1,1,171,1,1,131.0,1,1,1,7,4,127.2,1,0,1,1,1,0,23,0,13,17,19,13,12.153846153846152,0,10,17,28,11,11.909090909090908,1,11.1,0.6,2.02,12.03146853146853,24,-0.24475524475524324,34,0.7058823529411765
1,1,1,9070,1,1,143.0,1,38,19,151,193,134.3,1,1,0,1,0,0,19,0,0,6,6,6,14.666666666666666,0,0,6,7,6,15.142857142857142,0,8.9,1.4,3.51,14.904761904761905,12,0.4761904761904763,12,1.0
2,39,2,9254,1,19,133.1,1,19,19,9,5,123.5,0,0,0,1,1,0,39,0,0,6,6,6,13.5,0,0,6,6,6,13.333333333333334,0,12.4,0.5,1.79,13.416666666666668,12,-0.16666666666666607,12,1.0
1,1,2,9853,1,1,124.0,1,38,37,5,3,118.1,1,0,0,0,0,0,18,0,0,6,11,3,13.0,0,0,6,10,5,11.8,0,9.4,-0.8,-3.12,12.4,8,-1.1999999999999993,12,0.6666666666666666
1,42,3,9500,1,1,136.0,1,1,1,4,4,148.8,1,0,0,1,0,1,19,0,0,8,8,8,14.2525,0,0,8,8,8,14.2525,0,9.4,-0.8,-3.12,14.2525,16,0.0,16,1.0
2,39,1,8014,0,12,133.1,1,37,37,9,1,113.0,0,0,0,1,0,0,46,0,0,6,13,3,12.333333333333334,0,0,6,6,6,13.333333333333334,0,11.1,0.6,2.02,12.833333333333334,9,1.0,12,0.75
1,17,1,9773,1,1,161.0,1,1,19,4,7,148.4,0,0,0,1,0,1,19,0,0,6,6,6,13.833333333333334,0,0,6,7,6,14.428571428571429,0,15.5,2.8,-4.06,14.130952380952381,12,0.5952380952380949,12,1.0
1,1,1,9500,1,1,128.0,1,1,19,4,7,125.6,1,0,0,1,1,0,18,0,0,7,7,7,12.444285714285714,0,0,8,11,7,11.347142857142858,0,12.4,0.5,1.79,11.895714285714286,14,-1.097142857142856,15,0.9333333333333333
1,1,1,9070,1,1,132.0,1,4,39,2,2,136.6,1,0,0,1,0,0,18,0,1,6,10,6,11.714285714285714,1,0,6,15,6,10.375,0,13.9,-0.3,0.79,11.044642857142858,12,-1.3392857142857135,12,1.0
1,1,1,9500,1,1,138.0,1,38,19,9,5,144.3,0,0,0,1,0,0,20,0,0,7,9,6,12.7,0,0,8,8,7,13.571428571428571,0,13.9,-0.3,0.79,13.135714285714286,13,0.8714285714285719,15,0.8666666666666667
2,39,1,9991,0,19,133.1,1,19,37,7,9,137.2,0,0,1,0,0,0,32,0,0,5,5,0,0.0,0,0,5,6,0,0.0,0,10.8,1.4,1.74,0.0,0,0.0,10,0.0
2,39,1,8014,0,12,133.1,1,34,34,0,0,135.0,0,0,0,1,0,0,51,0,0,6,12,0,0.0,0,1,6,11,0,0.0,1,7.6,2.6,0.32,0.0,0,0.0,12,0.0
1,44,1,9003,1,39,140.0,1,19,38,9,10,140.0,0,0,0,1,1,0,19,0,0,6,15,3,13.25,0,0,6,9,1,12.0,0,13.9,-0.3,0.79,12.625,4,-1.25,12,0.3333333333333333
1,1,2,9147,1,1,120.0,1,19,19,9,7,118.6,1,0,0,1,0,0,19,0,0,5,8,5,10.8,0,0,5,9,4,11.25,2,16.2,0.3,-0.92,11.025,9,0.4499999999999993,10,0.9
1,39,1,9500,1,1,120.0,1,37,37,9,8,108.5,0,0,0,1,1,0,36,0,0,7,18,0,0.0,0,0,7,7,0,0.0,0,13.9,-0.3,0.79,0.0,0,0.0,14,0.0
1,1,2,9500,1,1,125.0,1,19,19,9,9,114.9,0,0,0,1,0,0,18,0,0,7,8,6,13.133333333333333,0,0,8,12,7,12.221428571428572,0,16.2,0.3,-0.92,12.677380952380952,13,-0.9119047619047613,15,0.8666666666666667
1,1,1,9238,1,1,133.1,1,38,37,5,5,108.0,0,0,0,1,0,1,20,0,0,6,8,6,12.125,0,0,6,7,6,14.428571428571429,0,16.2,0.3,-0.92,13.276785714285715,12,2.303571428571429,12,1.0
2,39,1,8014,0,1,146.0,1,37,37,9,8,120.5,0,0,0,1,0,0,44,0,0,6,6,6,14.833333333333334,0,0,6,6,6,14.166666666666666,0,10.8,1.4,1.74,14.5,12,-0.6666666666666679,12,1.0
1,1,4,9500,1,1,128.0,1,1,37,4,3,117.9,1,0,0,1,0,1,19,0,0,7,9,7,12.1375,0,0,8,9,8,12.91111111111111,0,12.4,0.5,1.79,12.524305555555554,15,0.7736111111111104,15,1.0
1,43,1,9670,1,39,110.0,1,19,3,7,10,110.0,0,0,0,1,0,0,21,0,0,6,8,5,11.833333333333334,0,0,6,8,4,13.25,2,16.2,0.3,-0.92,12.541666666666668,9,1.416666666666666,12,0.75
2,39,1,9991,0,19,133.1,1,37,37,9,7,114.8,0,0,1,1,1,0,50,0,0,5,10,5,11.857142857142858,0,0,5,17,5,11.5,5,16.2,0.3,-0.92,11.678571428571429,10,-0.35714285714285765,10,1.0
1,17,4,9670,1,1,110.0,1,19,37,9,99,106.1,1,1,1,0,0,1,18,0,0,6,6,1,11.0,0,0,6,0,0,0.0,0,12.7,3.7,-1.7,5.5,1,-11.0,12,0.08333333333333333
1,7,1,9119,1,3,130.0,1,37,37,9,9,130.0,0,0,0,0,1,0,33,0,0,5,6,0,0.0,0,0,5,5,0,0.0,0,12.7,3.7,-1.7,0.0,0,0.0,10,0.0
1,17,4,9238,1,1,123.0,1,19,19,191,144,116.0,1,0,0,1,0,1,18,0,0,6,9,6,11.666666666666666,0,0,6,8,6,11.666666666666666,0,8.9,1.4,3.51,11.666666666666666,12,0.0,12,1.0
1,1,4,9500,1,1,126.0,1,19,19,9,9,125.0,1,0,0,1,0,0,19,0,0,7,8,6,11.658333333333331,0,0,8,11,6,12.416666666666666,0,12.4,0.5,1.79,12.037499999999998,12,0.7583333333333346,15,0.8
1,1,1,9147,1,1,140.0,1,19,19,9,9,124.3,1,0,0,1,0,1,18,0,0,5,8,4,10.75,0,0,5,5,5,13.0,0,12.4,0.5,1.79,11.875,9,2.25,10,0.9
1,1,4,9070,1,1,143.0,1,1,1,9,7,134.6,1,0,0,1,0,1,18,0,0,6,6,6,14.5,0,0,6,6,6,12.833333333333334,0,12.4,0.5,1.79,13.666666666666668,12,-1.666666666666666,12,1.0
1,1,4,171,1,1,131.0,1,19,19,4,4,119.8,1,1,0,1,0,0,22,0,0,0,0,0,0.0,0,0,0,0,0,0.0,0,16.2,0.3,-0.92,0.0,0,0.0,0,0.0
1,1,3,9254,1,1,128.0,1,19,1,7,9,121.7,1,0,0,1,0,1,18,0,0,6,6,6,12.666666666666666,0,0,6,6,6,12.5,0,12.4,0.5,1.79,12.583333333333332,12,-0.16666666666666607,12,1.0
1,17,1,8014,0,1,119.0,1,34,34,0,0,112.4,1,0,0,1,0,0,26,0,4,7,15,7,11.571428571428571,0,2,6,14,2,11.0,0,7.6,2.6,0.32,11.285714285714285,9,-0.5714285714285712,13,0.6923076923076923
1,1,1,171,1,1,142.0,1,19,19,7,7,142.0,1,0,0,1,0,1,18,0,0,0,0,0,0.0,0,0,0,0,0,0.0,0,13.9,-0.3,0.79,0.0,0,0.0,0,0.0
1,1,1,9500,1,1,136.0,1,1,19,9,9,131.5,0,0,0,1,0,1,20,0,0,7,8,6,13.863333333333337,0,0,8,9,7,14.178571428571429,0,11.1,0.6,2.02,14.020952380952384,13,0.315238095238092,15,0.8666666666666667
1,39,1,9147,1,1,120.0,1,1,19,4,7,110.0,0,0,0,1,1,0,27,0,0,5,13,3,10.75,0,0,5,9,3,10.333333333333334,0,15.5,2.8,-4.06,10.541666666666668,6,-0.4166666666666661,10,0.6
1,1,1,9085,1,1,142.0,1,1,1,9,9,127.7,1,0,0,1,1,0,19,0,0,5,9,5,12.6,1,0,5,8,4,12.0,0,12.7,3.7,-1.7,12.3,9,-0.5999999999999996,10,0.9
1,7,1,9254,1,40,130.0,1,1,1,3,6,130.0,0,0,0,1,0,0,39,0,12,13,14,13,13.76923076923077,0,9,12,16,12,14.583333333333334,0,13.9,-0.3,0.79,14.176282051282051,25,0.8141025641025639,25,1.0
1,5,3,9085,1,1,141.0,1,1,19,7,5,128.8,1,0,0,1,0,0,19,0,0,5,9,3,10.333333333333334,1,0,5,8,3,13.0,0,7.6,2.6,0.32,11.666666666666668,6,2.666666666666666,10,0.6
1,17,3,9500,1,1,144.0,1,1,37,9,9,126.5,1,0,0,1,0,1,20,0,0,8,8,7,13.487142857142857,0,0,8,8,7,13.487142857142857,0,10.8,1.4,1.74,13.487142857142857,14,0.0,16,0.875
1,17,1,9003,1,1,133.0,1,38,37,9,9,125.3,1,0,0,1,0,0,21,0,12,18,22,18,11.88888888888889,1,11,13,13,13,11.461538461538462,0,15.5,2.8,-4.06,11.675213675213676,31,-0.4273504273504276,31,1.0
1,51,1,9147,1,1,130.0,1,19,38,9,8,115.7,0,0,0,1,1,0,20,0,0,5,7,5,11.0,0,0,5,7,3,10.0,0,8.9,1.4,3.51,10.5,8,-1.0,10,0.8
2,39,1,9991,0,1,110.0,1,37,37,5,1,120.0,1,0,0,1,0,0,38,0,0,5,11,3,11.333333333333334,0,0,5,9,4,12.0,0,9.4,-0.8,-3.12,11.666666666666668,7,0.6666666666666661,10,0.7
4,39,1,8014,0,1,160.0,1,37,37,3,4,97.0,0,0,0,1,0,1,35,0,0,6,9,6,11.333333333333334,0,0,6,6,6,11.333333333333334,0,15.5,2.8,-4.06,11.333333333333334,12,0.0,12,1.0
1,43,1,9085,1,1,170.0,1,19,19,5,1,170.0,1,0,0,1,0,0,19,0,0,5,5,0,0.0,5,0,5,7,4,14.75,1,12.7,3.7,-1.7,7.375,4,14.75,10,0.4
1,39,1,9991,0,1,140.0,1,38,19,9,5,130.0,0,0,1,1,0,0,25,0,0,5,10,4,11.25,0,0,5,9,4,12.0,0,12.7,3.7,-1.7,11.625,8,0.75,10,0.8
1,1,3,9773,1,1,142.0,1,34,1,5,10,136.1,1,0,0,0,1,0,19,0,0,4,8,0,0.0,1,0,6,0,0,0.0,0,9.4,-0.8,-3.12,0.0,0,0.0,10,0.0
4,43,1,9500,1,1,130.0,1,37,37,9,9,103.7,0,0,0,1,0,0,38,0,1,8,12,5,13.126,1,1,8,12,5,13.126,1,10.8,1.4,1.74,13.126,10,0.0,16,0.625
1,39,1,9670,1,1,120.0,1,34,34,0,0,104.0,1,0,0,1,0,0,24,0,0,5,10,3,13.0,0,0,5,11,3,11.333333333333334,0,7.6,2.6,0.32,12.166666666666668,6,-1.666666666666666,10,0.6
1,39,1,9500,1,19,133.1,1,1,3,2,2,100.0,0,0,1,1,1,0,24,0,0,7,21,0,0.0,3,0,7,7,0,0.0,0,16.2,0.3,-0.92,0.0,0,0.0,14,0.0
1,39,1,8014,0,1,120.0,1,37,1,7,4,95.0,1,0,0,1,0,0,24,0,0,6,8,5,11.4,0,0,6,8,5,11.8,0,15.5,2.8,-4.06,11.600000000000001,10,0.40000000000000036,12,0.8333333333333334
1,39,1,9500,1,19,133.1,1,37,37,9,6,120.0,0,0,0,0,0,1,39,0,0,7,14,3,11.5,0,0,7,9,2,10.5,0,16.2,0.3,-0.92,11.0,5,-1.0,14,0.35714285714285715
1,1,4,9500,1,1,147.0,1,1,1,4,9,124.5,1,0,0,1,0,1,19,0,0,8,11,7,12.86,0,0,8,11,7,12.86,0,10.8,1.4,1.74,12.86,14,0.0,16,0.875
1,17,1,9238,1,1,120.0,1,19,19,4,5,114.8,1,0,1,0,0,0,19,0,0,6,10,5,11.714285714285714,0,0,6,13,2,10.666666666666666,0,16.2,0.3,-0.92,11.19047619047619,7,-1.0476190476190474,12,0.5833333333333334
1,18,1,171,1,1,121.0,1,1,1,4,3,116.8,1,0,0,1,0,0,23,0,15,17,18,17,11.5,0,16,17,17,17,12.176470588235292,0,12.4,0.5,1.79,11.838235294117645,34,0.6764705882352917,34,1.0
1,42,1,9500,1,1,100.0,1,37,37,7,9,100.0,1,0,0,1,0,1,19,0,0,8,8,7,13.058571428571428,0,0,8,8,7,13.058571428571428,0,10.8,1.4,1.74,13.058571428571428,14,0.0,16,0.875
1,1,1,9130,1,1,160.0,1,3,3,3,2,155.1,1,0,0,1,0,0,20,0,0,5,5,5,16.4,0,0,5,5,5,14.6,0,12.7,3.7,-1.7,15.5,10,-1.799999999999999,10,1.0
1,17,1,9147,1,1,133.1,1,19,19,9,7,100.0,0,0,0,1,1,0,21,0,0,5,7,4,10.75,0,0,5,10,2,11.0,3,16.2,0.3,-0.92,10.875,6,0.25,10,0.6
1,1,2,9070,1,1,129.0,1,1,1,4,9,132.9,1,0,0,1,1,1,20,0,0,6,9,6,11.375,0,0,6,6,5,13.8,0,7.6,2.6,0.32,12.5875,11,2.4250000000000007,12,0.9166666666666666
1,43,1,9070,1,1,108.0,1,38,38,7,7,105.2,1,0,0,1,1,0,25,0,11,17,18,13,11.538461538461538,0,10,15,15,10,12.4,0,12.7,3.7,-1.7,11.96923076923077,23,0.861538461538462,32,0.71875
2,7,1,8014,0,3,120.0,1,38,1,9,9,120.0,0,0,0,0,0,0,35,0,0,6,0,0,0.0,0,0,6,0,0,0.0,0,10.8,1.4,1.74,0.0,0,0.0,12,0.0
1,1,1,9238,1,1,157.0,1,38,37,9,5,137.8,0,0,0,1,0,1,18,0,0,6,6,6,13.833333333333334,0,0,6,7,0,0.0,0,15.5,2.8,-4.06,6.916666666666667,6,-13.833333333333334,12,0.5
1,17,1,9070,1,1,108.0,1,19,1,4,3,111.9,0,0,0,1,0,0,19,0,0,6,0,0,0.0,0,0,6,0,0,0.0,0,8.9,1.4,3.51,0.0,0,0.0,12,0.0
2,39,1,9991,0,19,133.1,1,37,37,9,9,150.3,0,0,0,1,0,0,47,0,0,5,5,5,14.8,0,0,5,5,5,14.4,0,7.6,2.6,0.32,14.600000000000001,10,-0.40000000000000036,10,1.0
1,17,1,9147,1,1,137.0,1,1,37,5,9,131.4,1,0,0,1,1,0,22,0,0,5,8,2,10.0,0,0,5,7,1,10.0,0,7.6,2.6,0.32,10.0,3,0.0,10,0.3
1,44,1,9003,1,39,130.0,1,2,3,9,6,130.0,0,0,0,1,1,0,20,0,0,6,12,4,10.8,0,0,6,13,4,12.0,0,12.4,0.5,1.79,11.4,8,1.1999999999999993,12,0.6666666666666666
1,17,2,9500,1,1,145.0,1,19,37,5,9,130.5,1,0,0,1,0,0,18,0,0,8,8,7,14.24,0,0,8,8,7,14.24,0,10.8,1.4,1.74,14.24,14,0.0,16,0.875
1,1,1,9853,1,1,121.0,1,19,19,7,7,113.0,1,0,0,1,0,0,21,0,0,6,9,5,12.4,0,0,6,11,1,11.0,0,12.7,3.7,-1.7,11.7,6,-1.4000000000000004,12,0.5
1,39,1,9254,1,9,133.1,1,34,34,0,0,110.0,1,0,0,0,0,0,28,0,0,5,10,0,0.0,0,0,5,10,0,0.0,0,7.6,2.6,0.32,0.0,0,0.0,10,0.0
1,1,3,9500,1,1,129.0,1,19,19,4,8,127.3,1,0,0,1,0,1,20,0,0,7,7,6,12.633333333333333,0,0,7,7,6,12.633333333333333,0,7.6,2.6,0.32,12.633333333333333,12,0.0,14,0.8571428571428571
1,44,1,9003,1,39,130.0,1,5,3,2,2,130.0,0,0,0,1,1,0,20,0,1,7,13,3,10.666666666666666,0,0,6,14,2,11.5,0,15.5,2.8,-4.06,11.083333333333332,5,0.8333333333333339,13,0.38461538461538464
1,1,1,9147,1,1,133.0,1,19,37,9,9,129.9,0,0,0,1,1,0,18,0,0,5,5,5,11.6,0,0,5,5,5,13.2,0,12.4,0.5,1.79,12.399999999999999,10,1.5999999999999996,10,1.0
1,42,1,8014,0,1,150.0,1,19,2,4,6,148.0,0,0,0,1,0,0,26,0,0,6,10,3,11.666666666666666,0,0,6,8,5,12.0,0,9.4,-0.8,-3.12,11.833333333333332,8,0.3333333333333339,12,0.6666666666666666
1,1,2,9085,1,1,141.0,1,1,38,9,8,128.9,1,0,0,1,0,1,18,0,0,6,7,6,13.833333333333334,0,0,6,10,6,13.714285714285714,0,8.9,1.4,3.51,13.773809523809524,12,-0.1190476190476204,12,1.0
1,1,3,9670,1,1,111.0,1,1,1,5,5,105.4,0,0,0,1,0,0,20,0,0,5,6,5,13.333333333333334,0,0,5,6,5,13.2,0,7.6,2.6,0.32,13.266666666666666,10,-0.13333333333333464,10,1.0
1,44,1,9254,1,39,130.0,1,39,39,194,193,130.0,1,0,1,1,1,0,23,0,0,6,12,3,11.5,0,0,6,12,3,10.666666666666666,0,8.9,1.4,3.51,11.083333333333332,6,-0.8333333333333339,12,0.5
1,17,3,9853,1,1,118.0,1,38,38,7,7,121.2,1,0,0,1,0,0,18,0,0,6,8,5,13.4,0,0,6,7,5,12.0,0,7.6,2.6,0.32,12.7,10,-1.4000000000000004,12,0.8333333333333334
1,42,1,9085,1,39,150.0,1,1,1,4,7,150.0,1,0,0,1,0,0,26,0,11,18,45,18,11.833333333333334,10,9,13,27,13,12.461538461538462,5,15.5,2.8,-4.06,12.147435897435898,31,0.6282051282051277,31,1.0
1,1,4,9773,1,1,137.0,1,37,37,0,90,134.2,1,0,0,1,0,0,18,0,0,6,6,6,13.166666666666666,0,0,6,8,5,14.2,0,10.8,1.4,1.74,13.683333333333334,11,1.0333333333333332,12,0.9166666666666666
1,44,1,9130,1,39,130.0,1,3,1,4,1,130.0,1,0,0,0,0,0,21,0,1,6,12,5,13.285714285714286,0,0,6,10,4,12.0,0,16.2,0.3,-0.92,12.642857142857142,9,-1.2857142857142865,12,0.75
1,17,1,9003,1,1,170.0,1,1,4,9,5,144.1,1,0,1,0,1,0,26,0,0,6,8,0,0.0,0,0,6,10,0,0.0,0,16.2,0.3,-0.92,0.0,0,0.0,12,0.0
1,1,3,9853,1,1,122.0,1,1,3,5,3,113.6,0,0,0,1,0,0,19,0,0,7,7,7,13.857142857142858,0,0,7,7,7,14.285714285714286,0,11.1,0.6,2.02,14.071428571428573,14,0.4285714285714288,14,1.0
1,51,1,9070,1,1,122.0,1,38,38,9,9,128.8,1,0,0,1,1,0,21,0,4,12,13,5,13.2,0,4,12,12,4,13.5,0,8.9,1.4,3.51,13.35,9,0.3000000000000007,24,0.375
1,5,3,9085,1,1,143.0,1,37,37,0,90,159.1,0,0,1,1,0,1,18,0,0,5,5,5,14.4,0,0,5,5,5,14.0,0,7.6,2.6,0.32,14.2,10,-0.40000000000000036,10,1.0
1,1,3,9853,1,1,122.0,1,3,3,2,2,112.6,1,0,0,1,0,0,23,0,0,6,8,5,13.6,0,0,6,8,5,11.6,0,7.6,2.6,0.32,12.6,10,-2.0,12,0.8333333333333334
1,39,1,9130,1,39,150.0,1,1,3,4,1,150.0,0,0,0,1,1,0,28,0,0,6,9,0,0.0,0,0,6,8,1,10.0,1,16.2,0.3,-0.92,5.0,1,10.0,12,0.08333333333333333
2,39,1,9500,1,19,133.1,1,19,19,4,4,100.0,0,0,0,1,1,0,33,0,0,7,7,5,13.06,0,0,7,9,0,0.0,0,16.2,0.3,-0.92,6.53,5,-13.06,14,0.35714285714285715
2,39,1,8014,0,19,133.1,1,37,37,6,6,139.0,0,0,0,1,1,0,49,0,0,6,8,6,12.166666666666666,0,0,6,8,6,14.428571428571429,0,12.4,0.5,1.79,13.297619047619047,12,2.2619047619047628,12,1.0
1,39,1,9991,0,1,133.1,1,38,37,9,9,154.4,0,0,0,1,1,0,27,0,0,5,0,0,0.0,0,0,5,0,0,0.0,0,10.8,1.4,1.74,0.0,0,0.0,10,0.0
1,17,1,171,1,1,125.0,1,37,37,7,9,134.1,1,0,0,1,1,0,24,0,12,17,19,13,11.642857142857142,0,12,17,25,12,11.25,0,11.1,0.6,2.02,11.446428571428571,25,-0.39285714285714235,34,0.7352941176470589
1,17,3,9500,1,1,141.0,1,38,1,9,4,129.0,1,0,0,1,0,1,18,0,0,7,7,6,13.05,0,0,7,7,6,13.05,0,7.6,2.6,0.32,13.05,12,0.0,14,0.8571428571428571
1,17,1,9147,1,1,135.0,1,37,38,9,9,128.0,1,0,1,1,0,1,18,0,0,5,5,5,12.8,0,0,5,5,5,13.0,0,11.1,0.6,2.02,12.9,10,0.1999999999999993,10,1.0
1,1,1,9238,1,1,143.0,1,38,34,9,9,133.6,1,0,0,1,0,0,18,0,0,6,9,5,11.4,0,0,6,8,5,10.8,0,9.4,-0.8,-3.12,11.100000000000001,10,-0.5999999999999996,12,0.8333333333333334
1,43,1,9991,0,3,120.0,1,37,37,9,9,120.0,0,0,0,1,0,0,37,0,7,14,21,12,11.833333333333334,0,11,12,15,11,11.363636363636363,0,12.7,3.7,-1.7,11.598484848484848,23,-0.4696969696969706,26,0.8846153846153846
1,39,1,9254,1,19,133.1,1,19,19,3,1,101.5,0,0,1,0,1,0,34,0,0,6,6,0,0.0,0,0,6,6,0,0.0,0,15.5,2.8,-4.06,0.0,0,0.0,12,0.0
2,39,1,9556,1,19,133.1,1,38,37,7,7,99.5,1,0,1,0,0,1,37,0,0,7,13,1,16.0,0,0,7,12,0,0.0,0,8.9,1.4,3.51,8.0,1,-16.0,14,0.07142857142857142
2,39,1,9773,1,1,133.1,1,37,37,7,4,132.0,0,0,0,1,1,0,43,0,0,6,10,4,11.75,0,0,6,7,0,0.0,0,15.5,2.8,-4.06,5.875,4,-11.75,12,0.3333333333333333
1,17,3,9773,1,1,123.0,1,1,19,5,5,117.4,1,0,0,1,0,1,18,0,0,6,6,6,12.5,0,0,6,6,6,13.833333333333334,0,16.2,0.3,-0.92,13.166666666666668,12,1.333333333333334,12,1.0
1,43,1,9853,1,1,140.0,1,37,19,9,8,122.3,0,0,0,1,0,0,22,0,0,6,9,5,13.6,0,0,6,8,5,12.0,0,12.7,3.7,-1.7,12.8,10,-1.5999999999999996,12,0.8333333333333334
1,1,1,9147,1,1,136.0,1,1,3,9,5,137.1,0,0,0,1,1,0,20,0,0,5,5,0,0.0,0,0,5,5,0,0.0,0,12.7,3.7,-1.7,0.0,0,0.0,10,0.0
1,1,1,9147,1,1,148.0,1,37,38,9,8,133.0,1,0,0,1,0,0,18,0,0,5,10,4,12.0,0,0,5,9,4,12.8,0,13.9,-0.3,0.79,12.4,8,0.8000000000000007,10,0.8
2,39,1,9500,1,19,133.1,1,38,38,7,8,170.0,0,0,0,1,1,0,36,0,0,7,9,6,12.783333333333331,0,0,8,11,0,0.0,0,16.2,0.3,-0.92,6.391666666666666,6,-12.783333333333331,15,0.4
1,43,1,9254,1,1,130.0,1,1,19,5,7,130.0,0,0,0,1,0,1,19,0,0,6,11,4,12.0,0,0,6,14,3,11.0,0,10.8,1.4,1.74,11.5,7,-1.0,12,0.5833333333333334
1,17,2,9853,1,1,145.0,1,38,19,4,9,127.9,1,0,0,1,0,0,19,0,0,6,0,0,0.0,0,0,6,0,0,0.0,0,10.8,1.4,1.74,0.0,0,0.0,12,0.0
1,1,2,9500,1,1,131.0,1,1,37,4,4,126.1,1,0,0,1,0,1,19,0,0,7,7,7,12.495714285714286,0,0,8,9,7,12.242857142857144,0,11.1,0.6,2.02,12.369285714285715,14,-0.2528571428571418,15,0.9333333333333333
1,51,1,9670,1,1,136.0,1,19,19,5,5,122.0,0,0,1,0,0,0,18,0,0,5,6,2,12.5,0,0,5,6,4,10.25,0,9.4,-0.8,-3.12,11.375,6,-2.25,10,0.6
1,43,1,9130,1,1,133.1,6,37,37,9,6,100.0,0,0,0,1,0,0,37,1,0,6,0,0,0.0,0,0,6,0,0,0.0,0,13.9,-0.3,0.79,0.0,0,0.0,12,0.0
2,44,1,8014,0,39,150.0,1,1,1,5,5,154.0,0,0,0,1,1,0,37,0,12,16,17,16,14.125,0,6,11,14,10,13.0,0,12.4,0.5,1.79,13.5625,26,-1.125,27,0.9629629629629629
1,1,2,9500,1,1,130.0,1,1,38,9,9,125.1,1,0,0,1,0,1,18,0,0,7,9,6,12.816666666666668,0,0,8,11,6,12.875,0,11.1,0.6,2.02,12.845833333333335,12,0.058333333333331794,15,0.8
1,39,1,9003,1,1,130.0,1,1,3,2,6,110.0,0,0,0,1,1,0,32,0,8,18,27,13,13.714285714285714,1,7,12,18,12,12.083333333333334,0,15.5,2.8,-4.06,12.898809523809524,25,-1.6309523809523796,30,0.8333333333333334
1,44,1,9003,1,39,170.0,1,19,19,5,5,170.0,1,0,0,1,1,0,20,0,0,6,8,6,14.5,0,0,6,10,6,15.3,0,16.2,0.3,-0.92,14.9,12,0.8000000000000007,12,1.0
1,1,2,171,1,1,165.0,1,3,3,2,2,163.6,1,0,0,1,0,0,18,0,0,0,0,0,0.0,0,0,0,0,0,0.0,0,12.4,0.5,1.79,0.0,0,0.0,0,0.0
1,1,1,171,1,1,124.0,1,1,19,123,103,113.9,1,1,0,1,0,0,19,0,0,0,0,0,0.0,0,0,0,0,0,0.0,0,13.9,-0.3,0.79,0.0,0,0.0,0,0.0
1,1,1,9853,1,1,133.1,1,19,19,9,8,132.0,1,0,0,1,0,0,21,0,0,6,8,5,12.0,0,0,6,9,5,10.8,0,12.7,3.7,-1.7,11.4,10,-1.1999999999999993,12,0.8333333333333334
1,1,6,9500,1,1,103.0,1,1,3,2,2,100.6,1,1,0,1,0,0,22,0,0,7,9,5,13.928,0,0,8,9,7,14.342857142857142,0,11.1,0.6,2.02,14.135428571428571,12,0.4148571428571408,15,0.8
1,43,1,9991,0,2,110.0,1,37,37,9,9,112.9,0,0,0,1,0,0,38,0,14,15,16,14,10.928571428571429,0,12,14,16,12,11.833333333333334,0,9.4,-0.8,-3.12,11.380952380952381,26,0.9047619047619051,29,0.896551724137931
1,1,1,9853,1,1,145.0,1,37,37,9,5,146.8,0,0,0,1,0,0,18,0,0,6,6,6,13.166666666666666,0,0,6,6,6,13.333333333333334,0,7.6,2.6,0.32,13.25,12,0.16666666666666785,12,1.0
1,1,1,9670,1,1,126.0,1,1,3,4,3,122.5,1,0,0,1,0,0,19,0,0,6,6,6,13.333333333333334,0,0,6,8,5,12.8,0,8.9,1.4,3.51,13.066666666666666,11,-0.5333333333333332,12,0.9166666666666666
1,17,3,9147,1,1,137.0,1,1,1,4,7,124.4,1,0,0,1,0,0,18,0,0,5,5,5,12.6,0,0,5,5,4,11.0,0,11.1,0.6,2.02,11.8,9,-1.5999999999999996,10,0.9
1,1,2,9670,1,1,135.0,1,19,19,7,10,121.4,0,0,0,1,1,0,19,0,0,5,7,3,12.333333333333334,0,0,5,5,5,11.6,0,9.4,-0.8,-3.12,11.966666666666667,8,-0.7333333333333343,10,0.8
1,7,1,9500,1,3,120.0,1,19,3,4,2,120.0,1,0,0,1,0,0,29,0,0,8,8,6,12.25,1,0,8,8,6,12.25,1,12.7,3.7,-1.7,12.25,12,0.0,16,0.75
1,39,1,9003,1,1,133.1,1,1,37,4,7,110.0,0,0,0,1,1,0,31,0,0,6,15,3,14.4,0,0,6,20,0,0.0,0,16.2,0.3,-0.92,7.2,3,-14.4,12,0.25
1,17,6,9556,1,1,118.0,1,38,38,5,5,117.8,1,0,0,1,0,1,19,0,0,7,11,6,12.4,0,0,7,8,6,12.8,0,11.1,0.6,2.02,12.600000000000001,12,0.40000000000000036,14,0.8571428571428571
1,1,1,9130,1,1,133.0,1,2,37,9,7,125.7,1,0,0,1,1,1,18,0,0,6,7,6,13.5,0,0,6,8,6,12.5,0,12.4,0.5,1.79,13.0,12,-1.0,12,1.0
2,39,1,9991,0,1,100.0,1,37,37,9,9,125.3,1,0,0,1,1,0,41,0,0,5,8,4,11.25,0,0,5,8,3,11.0,1,7.6,2.6,0.32,11.125,7,-0.25,10,0.7
1,1,1,9238,1,1,133.1,1,1,1,3,3,102.0,1,0,0,1,0,1,20,0,0,6,7,6,13.666666666666666,0,0,6,7,6,14.571428571428571,0,11.1,0.6,2.02,14.119047619047619,12,0.9047619047619051,12,1.0
1,1,1,9147,1,1,122.0,1,37,37,9,7,120.6,1,0,0,1,0,1,19,0,0,5,5,5,12.8,0,0,5,8,5,11.6,0,9.4,-0.8,-3.12,12.2,10,-1.200000000000001,10,1.0
1,1,1,9773,1,1,127.0,1,19,37,9,9,126.3,0,0,0,1,1,0,19,0,0,6,8,6,12.833333333333334,0,0,6,8,6,13.333333333333334,0,15.5,2.8,-4.06,13.083333333333334,12,0.5,12,1.0
1,1,3,9500,1,1,130.0,1,37,38,9,5,130.5,1,0,0,1,0,0,19,0,0,7,7,6,12.45,0,0,7,7,6,12.45,0,7.6,2.6,0.32,12.45,12,0.0,14,0.8571428571428571
1,1,5,9147,1,1,133.0,1,19,3,9,9,123.2,1,0,0,1,1,0,18,0,0,5,14,4,11.0,0,0,5,9,5,10.5,0,13.9,-0.3,0.79,10.75,9,-0.5,10,0.9
1,1,6,9500,1,1,117.0,1,4,12,5,9,119.8,1,0,0,1,0,0,18,0,0,7,7,7,13.877142857142855,0,0,8,8,8,15.6625,0,12.4,0.5,1.79,14.769821428571428,15,1.7853571428571442,15,1.0
1,1,1,9773,1,1,121.0,1,19,1,7,9,117.9,1,0,0,1,0,0,19,0,0,6,7,6,12.833333333333334,0,0,6,7,6,11.666666666666666,0,11.1,0.6,2.02,12.25,12,-1.1666666666666679,12,1.0
1,44,1,9991,0,39,140.0,1,37,19,9,8,140.0,0,0,0,1,0,1,26,0,2,6,7,6,12.666666666666666,0,2,6,7,6,13.166666666666666,1,9.4,-0.8,-3.12,12.916666666666666,12,0.5,12,1.0
1,44,1,9991,0,39,130.0,1,37,37,5,5,130.0,1,0,0,1,1,0,32,0,2,6,9,4,12.5,0,3,7,7,4,11.0,0,9.4,-0.8,-3.12,11.75,8,-1.5,13,0.6153846153846154
2,17,3,8014,0,1,123.0,1,19,37,3,3,113.2,0,0,1,0,0,0,18,0,0,6,9,3,10.666666666666666,0,0,6,12,0,0.0,0,7.6,2.6,0.32,5.333333333333333,3,-10.666666666666666,12,0.25
1,1,1,9070,1,1,124.0,1,19,19,7,9,132.1,1,0,0,1,0,0,19,0,0,6,10,2,10.5,0,0,6,6,3,11.0,0,7.6,2.6,0.32,10.75,5,0.5,12,0.4166666666666667
1,1,1,9254,1,1,124.0,1,37,38,9,8,114.6,1,0,0,1,1,0,19,0,0,6,13,2,12.0,0,0,6,12,1,13.0,0,7.6,2.6,0.32,12.5,3,1.0,12,0.25
1,1,1,9773,1,1,109.0,1,2,3,3,3,111.8,1,0,1,1,1,0,25,0,0,6,8,6,11.571428571428571,0,0,6,9,6,11.571428571428571,0,15.5,2.8,-4.06,11.571428571428571,12,0.0,12,1.0
1,39,1,9003,1,1,130.0,1,19,1,9,6,126.1,1,0,0,0,1,0,27,0,0,6,6,0,0.0,0,0,6,8,0,0.0,0,15.5,2.8,-4.06,0.0,0,0.0,12,0.0
1,1,1,9853,1,1,113.0,1,38,38,3,7,112.3,0,0,0,1,0,1,20,0,0,7,7,7,12.142857142857142,0,0,7,7,7,12.857142857142858,0,11.1,0.6,2.02,12.5,14,0.7142857142857153,14,1.0
2,53,1,9147,1,42,130.0,1,19,19,175,152,132.4,0,0,0,1,0,0,30,0,6,11,20,9,12.22222222222222,0,3,9,16,9,11.6,0,8.9,1.4,3.51,11.91111111111111,18,-0.62222222222222,20,0.9
1,1,1,9147,1,1,133.1,1,37,37,191,154,95.0,0,0,0,1,0,0,20,0,0,5,10,4,11.75,0,0,5,8,5,11.8,0,11.1,0.6,2.02,11.775,9,0.05000000000000071,10,0.9
1,1,3,9500,1,1,145.0,1,19,37,7,7,141.5,1,0,0,1,0,1,18,0,0,8,8,8,13.05875,0,0,8,8,8,13.05875,0,9.4,-0.8,-3.12,13.05875,16,0.0,16,1.0
1,1,1,9085,1,1,125.0,1,1,19,4,9,114.5,1,0,0,1,0,0,24,0,0,5,6,5,13.0,1,0,5,9,4,13.25,0,12.7,3.7,-1.7,13.125,9,0.25,10,0.9
1,44,1,9003,1,39,140.0,1,1,19,4,8,140.0,0,0,0,1,1,0,20,0,0,6,7,6,13.571428571428571,0,0,6,6,6,12.666666666666666,0,12.4,0.5,1.79,13.119047619047619,12,-0.9047619047619051,12,1.0
1,39,1,9119,1,40,120.0,1,1,1,5,10,146.8,0,0,0,1,1,0,25,0,2,5,6,5,14.2,0,1,5,5,2,13.5,0,16.2,0.3,-0.92,13.85,7,-0.6999999999999993,10,0.7
1,1,1,171,1,1,162.0,1,37,37,9,9,142.8,1,0,0,1,1,0,21,0,0,0,0,0,0.0,0,0,0,0,0,0.0,0,12.7,3.7,-1.7,0.0,0,0.0,0,0.0
3,39,1,9991,0,1,120.0,1,37,1,9,2,170.0,0,0,0,1,1,0,43,0,0,5,5,5,11.8,0,0,5,6,5,14.0,0,9.4,-0.8,-3.12,12.9,10,2.1999999999999993,10,1.0
1,51,1,33,1,1,121.0,1,19,37,5,7,118.6,0,0,0,1,0,0,26,0,14,21,23,20,13.181818181818182,0,10,14,18,14,11.642857142857142,0,8.9,1.4,3.51,12.412337662337663,34,-1.5389610389610393,35,0.9714285714285714
1,39,1,9238,1,1,133.1,1,37,29,0,4,120.5,0,0,0,0,1,0,32,0,0,6,10,2,11.0,0,0,6,12,0,0.0,0,7.6,2.6,0.32,5.5,2,-11.0,12,0.16666666666666666
1,43,1,9853,1,1,140.0,1,3,1,3,3,128.3,1,0,0,1,0,0,35,0,19,21,21,21,12.61904761904762,0,13,19,19,19,12.789473684210526,0,12.4,0.5,1.79,12.704260651629074,40,0.17042606516290526,40,1.0
1,44,1,9254,1,39,170.0,1,19,2,9,3,170.0,0,0,0,0,1,0,26,0,2,8,14,8,15.125,0,1,6,12,6,13.666666666666666,0,11.1,0.6,2.02,14.395833333333332,14,-1.458333333333334,14,1.0
1,1,5,9254,1,1,120.0,1,3,19,3,9,114.8,1,0,0,0,1,0,19,0,0,6,0,0,0.0,0,0,6,0,0,0.0,0,8.9,1.4,3.51,0.0,0,0.0,12,0.0
2,39,1,8014,0,19,133.1,1,19,37,9,9,151.5,0,0,1,0,1,0,45,0,0,6,7,0,0.0,0,0,5,5,0,0.0,0,16.2,0.3,-0.92,0.0,0,0.0,11,0.0
1,17,3,9147,1,1,112.0,1,1,1,3,3,106.4,1,0,0,1,1,0,19,0,0,5,7,5,10.2,0,0,5,6,4,10.5,0,12.4,0.5,1.79,10.35,9,0.3000000000000007,10,0.9
1,17,1,9670,1,1,132.0,1,19,1,5,4,119.1,0,0,1,1,1,0,18,0,0,6,6,3,12.666666666666666,0,0,6,11,4,11.142857142857142,0,10.8,1.4,1.74,11.904761904761905,7,-1.5238095238095237,12,0.5833333333333334
1,1,1,9254,1,1,129.0,1,19,1,3,7,121.0,0,0,0,1,0,1,22,0,0,6,9,6,12.833333333333334,0,0,6,6,4,13.25,0,16.2,0.3,-0.92,13.041666666666668,10,0.4166666666666661,12,0.8333333333333334
1,7,1,9003,1,3,140.0,1,3,19,2,10,140.0,0,0,0,0,1,0,35,0,0,6,10,5,15.2,0,1,6,9,1,11.0,0,15.5,2.8,-4.06,13.1,6,-4.199999999999999,12,0.5
1,1,1,9130,1,1,132.0,1,19,38,9,9,130.4,1,0,0,1,1,0,18,0,0,6,6,6,13.5,0,0,6,9,5,13.2,0,8.9,1.4,3.51,13.35,11,-0.3000000000000007,12,0.9166666666666666
2,44,1,9085,1,39,160.0,1,37,37,192,192,160.0,0,0,0,1,0,0,27,0,0,5,12,3,14.0,2,0,5,8,5,12.0,1,9.4,-0.8,-3.12,13.0,8,-2.0,10,0.8
1,43,4,8014,0,1,116.0,1,34,34,0,0,116.2,0,0,0,1,1,0,21,0,9,11,11,11,12.454545454545457,0,3,11,17,8,12.75,0,9.4,-0.8,-3.12,12.602272727272728,19,0.2954545454545432,22,0.8636363636363636
1,1,1,9670,1,1,123.0,1,19,19,9,8,125.5,0,0,0,0,0,1,19,0,0,6,6,6,13.833333333333334,0,0,6,7,6,14.285714285714286,0,8.9,1.4,3.51,14.05952380952381,12,0.45238095238095255,12,1.0
2,39,1,9003,1,1,133.1,1,1,19,4,4,120.0,0,0,1,0,1,0,25,0,0,6,17,2,14.5,2,0,6,13,0,0.0,1,15.5,2.8,-4.06,7.25,2,-14.5,12,0.16666666666666666
1,1,1,171,1,1,149.0,1,3,2,2,5,151.1,1,0,0,1,1,0,19,0,0,0,0,0,0.0,0,0,0,0,0,0.0,0,9.4,-0.8,-3.12,0.0,0,0.0,0,0.0
1,1,1,9147,1,1,138.0,1,37,37,9,6,145.0,1,0,0,1,0,0,18,0,0,5,6,5,13.0,0,0,5,5,5,14.0,0,7.6,2.6,0.32,13.5,10,1.0,10,1.0
1,43,1,9147,1,1,123.0,1,3,19,9,9,113.2,0,0,0,1,0,0,21,0,3,10,18,6,11.166666666666666,2,4,10,16,7,10.571428571428571,0,7.6,2.6,0.32,10.869047619047619,13,-0.5952380952380949,20,0.65
1,1,2,9070,1,1,137.0,1,19,38,9,9,127.2,1,0,0,1,0,1,20,0,1,6,9,5,13.4,1,0,6,9,6,12.375,0,13.9,-0.3,0.79,12.8875,11,-1.0250000000000004,12,0.9166666666666666
1,1,1,9254,1,1,122.0,1,37,37,9,9,114.3,1,0,0,0,0,1,20,0,0,6,12,4,11.25,0,0,6,12,3,11.333333333333334,0,7.6,2.6,0.32,11.291666666666668,7,0.08333333333333393,12,0.5833333333333334
1,44,1,9085,1,1,140.0,1,4,4,2,6,140.0,0,0,0,1,0,0,22,0,2,6,9,6,13.333333333333334,0,1,6,9,4,11.5,0,13.9,-0.3,0.79,12.416666666666668,10,-1.833333333333334,12,0.8333333333333334
1,1,1,9147,1,1,117.0,1,37,37,9,9,120.2,1,0,0,1,0,0,20,0,0,5,9,2,10.0,0,0,5,10,2,11.0,0,7.6,2.6,0.32,10.5,4,1.0,10,0.4
1,39,1,8014,0,1,120.0,1,37,37,9,7,106.8,0,0,0,1,0,0,49,0,0,6,9,5,12.333333333333334,0,0,6,12,4,11.5,0,13.9,-0.3,0.79,11.916666666666668,9,-0.8333333333333339,12,0.75
1,1,1,171,1,1,172.0,1,1,1,4,9,167.1,0,0,0,1,1,1,18,0,0,0,0,0,0.0,0,0,0,0,0,0.0,0,16.2,0.3,-0.92,0.0,0,0.0,0,0.0
1,43,1,9238,1,1,149.0,1,37,37,9,6,130.5,1,0,0,1,0,0,28,0,8,11,11,9,11.666666666666666,0,8,11,13,9,12.555555555555555,0,10.8,1.4,1.74,12.11111111111111,18,0.8888888888888893,22,0.8181818181818182
2,39,1,9003,1,1,130.0,1,1,19,4,9,152.4,1,0,0,1,0,0,36,0,4,12,14,12,13.846153846153848,0,5,12,18,11,14.090909090909092,0,8.9,1.4,3.51,13.96853146853147,23,0.24475524475524324,24,0.9583333333333334
1,44,1,9238,1,39,130.0,1,38,38,5,10,126.7,0,0,1,1,0,0,21,0,3,6,6,6,12.166666666666666,0,2,6,7,6,11.714285714285714,0,13.9,-0.3,0.79,11.94047619047619,12,-0.45238095238095255,12,1.0
1,39,1,9670,1,19,133.1,1,1,1,4,7,100.0,0,0,1,0,0,0,25,0,0,5,5,5,11.2,0,0,5,5,5,12.6,0,9.4,-0.8,-3.12,11.899999999999999,10,1.4000000000000004,10,1.0
1,1,6,9500,1,1,146.0,1,2,19,3,9,130.3,1,0,0,1,1,0,18,0,0,8,8,8,13.74625,0,0,8,8,8,13.74625,0,9.4,-0.8,-3.12,13.74625,16,0.0,16,1.0
1,17,3,9119,1,1,135.0,1,1,19,141,193,121.7,1,0,0,1,1,0,18,0,0,5,7,5,11.8,0,0,5,9,3,12.0,0,8.9,1.4,3.51,11.9,8,0.1999999999999993,10,0.8
1,17,2,9556,1,1,136.0,1,1,1,9,9,128.3,0,0,0,1,0,1,18,0,0,7,7,7,13.428571428571429,0,0,8,8,8,14.75,0,15.5,2.8,-4.06,14.089285714285715,15,1.3214285714285712,15,1.0
2,39,1,9147,1,1,120.0,1,37,37,5,5,124.6,0,0,0,1,0,0,36,0,0,5,8,3,11.0,0,0,5,12,4,13.375,0,10.8,1.4,1.74,12.1875,7,2.375,10,0.7
1,1,3,9500,1,1,153.0,6,37,37,9,9,131.8,1,0,0,1,0,0,18,1,0,7,7,6,14.716666666666669,0,0,7,7,6,14.716666666666669,0,7.6,2.6,0.32,14.716666666666669,12,0.0,14,0.8571428571428571
1,17,2,9670,1,1,110.0,1,3,3,4,10,115.6,1,0,0,1,1,0,21,0,0,6,10,6,11.875,0,0,6,8,5,12.0,0,11.1,0.6,2.02,11.9375,11,0.125,12,0.9166666666666666
1,44,1,171,1,39,110.0,1,1,1,1,7,114.2,0,0,0,1,1,0,19,0,0,0,0,0,0.0,0,0,0,0,0,0.0,0,12.4,0.5,1.79,0.0,0,0.0,0,0.0
1,39,1,8014,0,15,170.0,1,34,1,90,2,101.0,0,0,0,1,0,0,32,0,0,6,9,4,12.0,0,0,6,12,4,11.5,0,7.6,2.6,0.32,11.75,8,-0.5,12,0.6666666666666666
1,1,2,9254,1,1,127.0,1,3,19,3,10,130.9,1,0,0,1,0,0,18,0,0,6,8,6,11.333333333333334,0,0,6,8,5,12.6,0,9.4,-0.8,-3.12,11.966666666666667,11,1.2666666666666657,12,0.9166666666666666
1,1,1,171,1,1,188.0,1,3,3,2,2,178.3,1,0,0,1,0,0,18,0,0,0,0,0,0.0,0,0,0,0,0,0.0,0,15.5,2.8,-4.06,0.0,0,0.0,0,0.0
1,39,1,9130,1,1,120.0,1,1,38,9,9,150.0,0,0,0,1,1,0,25,0,0,6,6,0,0.0,0,0,6,6,0,0.0,0,12.4,0.5,1.79,0.0,0,0.0,12,0.0
1,39,1,9991,0,1,160.0,41,37,19,9,9,160.0,0,0,0,1,0,1,31,1,0,5,13,4,10.5,0,0,5,10,4,10.5,0,15.5,2.8,-4.06,10.5,8,0.0,10,0.8
1,1,2,9147,1,1,125.0,1,1,19,4,9,124.0,1,0,0,1,0,0,19,0,0,5,5,5,11.2,0,0,5,11,4,11.75,0,10.8,1.4,1.74,11.475,9,0.5500000000000007,10,0.9
1,17,4,9238,1,1,129.0,1,37,37,9,8,117.1,1,0,0,1,1,0,21,0,0,6,6,6,12.333333333333334,0,0,6,7,6,13.666666666666666,0,8.9,1.4,3.51,13.0,12,1.3333333333333321,12,1.0
1,17,1,9147,1,1,147.0,1,37,37,9,6,142.8,1,0,1,0,0,1,19,0,0,5,5,5,12.8,0,0,5,5,4,12.0,0,11.1,0.6,2.02,12.4,9,-0.8000000000000007,10,0.9
1,43,1,9070,1,1,116.0,1,1,1,3,3,120.9,0,0,0,1,1,0,24,0,0,6,6,0,0.0,0,0,6,6,0,0.0,0,12.7,3.7,-1.7,0.0,0,0.0,12,0.0
1,17,1,9085,1,1,141.0,1,3,2,2,3,130.2,1,0,0,1,0,0,20,0,0,6,14,6,15.75,0,0,6,8,6,13.0,0,15.5,2.8,-4.06,14.375,12,-2.75,12,1.0
1,17,3,9070,1,1,120.0,1,3,1,4,4,116.9,1,0,0,1,0,0,19,0,0,6,6,6,13.5,0,0,6,7,6,13.428571428571429,0,8.9,1.4,3.51,13.464285714285715,12,-0.07142857142857117,12,1.0
1,1,1,9085,1,1,129.0,1,19,37,9,9,117.5,1,0,0,1,0,0,19,0,0,5,9,5,13.6,1,0,5,5,5,12.4,0,12.7,3.7,-1.7,13.0,10,-1.1999999999999993,10,1.0
1,1,1,9773,1,1,122.0,1,38,19,9,9,126.6,1,0,0,1,0,0,18,0,0,6,6,6,12.833333333333334,0,0,6,6,6,13.833333333333334,0,8.9,1.4,3.51,13.333333333333334,12,1.0,12,1.0
1,1,1,9238,1,1,133.0,1,38,1,2,4,126.0,0,0,0,1,0,0,20,0,0,6,11,1,12.0,0,0,5,10,0,0.0,0,9.4,-0.8,-3.12,6.0,1,-12.0,11,0.09090909090909091
1,1,3,9773,1,1,134.0,1,1,19,9,9,136.1,1,0,0,1,0,1,20,0,0,6,6,6,13.0,0,0,6,7,6,13.142857142857142,0,12.4,0.5,1.79,13.071428571428571,12,0.14285714285714235,12,1.0
1,17,3,9500,1,1,145.0,1,12,1,4,10,139.8,1,0,0,1,0,0,18,0,0,7,7,7,13.685714285714283,0,0,8,8,8,15.3875,0,13.9,-0.3,0.79,14.536607142857141,15,1.701785714285716,15,1.0
1,1,1,9670,1,1,115.0,1,1,1,5,4,108.0,1,0,0,1,0,1,20,0,0,6,9,5,13.0,0,0,6,6,5,13.8,0,12.4,0.5,1.79,13.4,10,0.8000000000000007,12,0.8333333333333334
2,39,1,9991,0,1,120.0,1,38,38,1,4,138.7,0,0,0,1,1,0,43,0,0,5,5,5,13.8,0,0,5,6,5,13.666666666666666,0,10.8,1.4,1.74,13.733333333333334,10,-0.13333333333333464,10,1.0
1,39,1,9003,1,1,133.1,1,19,19,9,9,100.0,0,0,0,1,0,0,30,0,0,6,6,0,0.0,0,0,6,6,0,0.0,0,11.1,0.6,2.02,0.0,0,0.0,12,0.0
1,1,2,9238,1,1,136.0,1,22,30,0,8,135.7,1,0,0,1,0,0,19,0,0,6,8,6,14.375,0,0,6,8,6,14.75,0,7.6,2.6,0.32,14.5625,12,0.375,12,1.0
2,42,1,9853,1,1,133.1,1,37,37,4,7,100.0,0,0,0,1,0,0,34,0,6,12,18,11,13.0,0,4,13,22,8,11.875,0,12.7,3.7,-1.7,12.4375,19,-1.125,25,0.76
1,43,1,9773,1,1,114.0,1,37,38,9,5,107.4,1,0,0,0,1,0,26,0,0,6,12,3,12.0,0,0,6,15,0,0.0,0,9.4,-0.8,-3.12,6.0,3,-12.0,12,0.25
1,17,1,9130,1,1,125.0,1,19,19,3,10,131.0,1,0,0,1,1,0,19,0,0,5,11,2,10.5,2,0,5,9,0,0.0,3,10.8,1.4,1.74,5.25,2,-10.5,10,0.2
1,17,1,9991,0,1,140.0,1,38,37,6,7,127.3,0,0,0,1,0,0,20,0,0,5,0,0,0.0,0,0,5,0,0,0.0,0,11.1,0.6,2.02,0.0,0,0.0,10,0.0
1,1,1,9853,1,1,142.0,1,12,12,9,4,132.6,1,0,0,1,0,0,18,0,0,6,8,5,15.4,0,0,6,7,5,12.2,0,7.6,2.6,0.32,13.8,10,-3.200000000000001,12,0.8333333333333334
1,18,5,9500,1,1,137.0,1,19,1,1,10,129.3,0,0,0,1,0,0,19,0,0,7,0,0,0.0,0,0,8,0,0,0.0,0,9.4,-0.8,-3.12,0.0,0,0.0,15,0.0
1,44,1,9085,1,39,120.0,1,37,37,9,9,120.0,1,0,1,1,0,0,32,0,0,6,14,4,11.5,0,0,6,14,3,11.0,0,16.2,0.3,-0.92,11.25,7,-0.5,12,0.5833333333333334
1,17,3,9773,1,1,134.0,1,2,1,3,3,129.5,1,0,0,1,1,0,18,0,0,6,7,6,13.166666666666666,0,0,6,7,6,12.666666666666666,0,16.2,0.3,-0.92,12.916666666666666,12,-0.5,12,1.0
1,51,1,9500,1,1,127.0,1,19,1,5,9,150.0,0,0,0,1,0,1,19,0,0,7,9,5,13.85,0,0,8,9,7,12.19285714285714,0,11.1,0.6,2.02,13.021428571428569,12,-1.6571428571428601,15,0.8
1,17,1,9147,1,1,123.0,1,1,19,3,4,122.0,0,0,0,1,1,0,19,0,0,5,7,3,12.333333333333334,0,0,5,5,0,0.0,0,8.9,1.4,3.51,6.166666666666667,3,-12.333333333333334,10,0.3
1,1,6,9500,1,1,142.0,1,1,37,7,7,123.5,1,0,0,1,0,0,19,0,0,7,0,0,0.0,0,0,8,0,0,0.0,0,12.7,3.7,-1.7,0.0,0,0.0,15,0.0
1,1,4,9070,1,1,139.0,1,3,19,1,5,138.3,1,0,0,1,0,0,19,0,0,6,6,6,14.666666666666666,0,0,6,6,6,13.166666666666666,0,9.4,-0.8,-3.12,13.916666666666666,12,-1.5,12,1.0
1,1,1,9254,1,1,132.0,1,1,38,9,9,120.1,1,0,0,1,1,1,20,0,0,6,7,6,13.571428571428571,0,0,6,8,6,13.166666666666666,0,8.9,1.4,3.51,13.369047619047619,12,-0.4047619047619051,12,1.0
1,1,3,171,1,1,129.0,1,38,37,9,3,127.3,1,0,1,0,1,1,19,0,0,0,0,0,0.0,0,0,0,0,0,0.0,0,9.4,-0.8,-3.12,0.0,0,0.0,0,0.0
1,1,1,171,1,1,170.0,1,38,19,9,2,160.6,1,0,0,1,1,1,18,0,0,0,0,0,0.0,0,0,0,0,0,0.0,0,12.7,3.7,-1.7,0.0,0,0.0,0,0.0
1,1,2,9670,1,1,140.0,1,3,1,2,6,137.6,1,0,0,1,1,1,21,0,0,6,8,6,15.166666666666666,0,0,6,7,6,14.428571428571429,0,8.9,1.4,3.51,14.797619047619047,12,-0.7380952380952372,12,1.0
1,1,1,9085,1,1,129.0,1,1,38,4,7,123.4,0,0,0,1,0,0,19,0,0,5,6,5,12.4,0,0,5,6,5,13.4,0,7.6,2.6,0.32,12.9,10,1.0,10,1.0
1,1,2,9500,1,1,113.0,1,38,19,9,7,106.7,1,0,0,1,0,1,20,0,0,7,10,5,12.62,0,0,7,8,6,12.5,0,11.1,0.6,2.02,12.559999999999999,11,-0.11999999999999922,14,0.7857142857142857
4,43,2,9991,0,38,133.1,1,3,1,2,9,125.4,0,0,0,1,1,0,39,0,0,2,5,0,0.0,0,0,4,4,0,0.0,0,10.8,1.4,1.74,0.0,0,0.0,6,0.0
1,17,4,9147,1,1,135.0,1,19,1,0,4,128.7,1,0,0,1,1,0,22,0,0,5,8,2,10.5,0,0,5,10,0,0.0,0,7.6,2.6,0.32,5.25,2,-10.5,10,0.2
1,1,1,9773,1,1,156.0,1,3,3,123,122,155.0,0,0,0,1,0,0,18,0,0,6,7,6,14.285714285714286,0,0,6,8,6,13.25,0,8.9,1.4,3.51,13.767857142857142,12,-1.0357142857142865,12,1.0
1,43,2,9238,1,1,118.0,1,38,38,5,5,110.0,0,0,0,1,0,1,19,0,0,6,8,6,11.428571428571429,0,0,6,11,5,11.2,0,10.8,1.4,1.74,11.314285714285713,11,-0.22857142857142954,12,0.9166666666666666
1,17,5,9670,1,1,125.0,1,19,30,7,7,118.4,1,0,0,1,0,1,19,0,0,5,8,3,10.5,0,0,5,6,4,11.75,1,7.6,2.6,0.32,11.125,7,1.25,10,0.7
1,1,1,9147,1,1,139.0,1,38,1,5,5,127.1,1,0,0,1,1,1,22,0,0,5,8,5,11.2,0,0,5,13,4,11.25,0,12.7,3.7,-1.7,11.225,9,0.05000000000000071,10,0.9
1,1,2,9254,1,1,130.0,1,1,38,4,9,122.7,1,0,0,1,0,0,18,0,0,6,10,4,11.75,0,0,6,13,4,10.0,0,7.6,2.6,0.32,10.875,8,-1.75,12,0.6666666666666666
1,18,1,9773,1,1,167.0,1,38,38,6,7,153.0,1,0,0,1,1,1,18,0,0,6,6,1,11.0,0,0,6,0,0,0.0,0,8.9,1.4,3.51,5.5,1,-11.0,12,0.08333333333333333
1,1,1,9238,1,1,133.0,41,19,19,9,9,119.7,1,0,1,1,0,1,19,1,0,6,8,6,12.666666666666666,0,0,6,7,6,12.666666666666666,0,8.9,1.4,3.51,12.666666666666666,12,0.0,12,1.0
1,1,5,9773,1,1,127.0,1,38,1,4,5,121.1,1,0,0,1,0,0,18,0,0,6,6,6,13.166666666666666,0,0,6,6,6,12.5,0,15.5,2.8,-4.06,12.833333333333332,12,-0.6666666666666661,12,1.0
4,7,1,9500,1,3,130.0,1,3,19,2,3,130.0,0,0,0,1,0,0,43,0,0,7,7,3,13.833333333333334,1,0,7,7,0,0.0,0,16.2,0.3,-0.92,6.916666666666667,3,-13.833333333333334,14,0.21428571428571427
1,18,4,9853,1,1,123.0,1,19,38,4,10,123.7,1,0,0,1,0,0,19,0,0,6,8,5,12.666666666666666,0,0,6,8,5,11.0,0,15.5,2.8,-4.06,11.833333333333332,10,-1.666666666666666,12,0.8333333333333334
1,1,1,9238,1,1,108.0,1,19,38,9,9,107.3,0,1,0,1,0,1,19,0,0,6,12,4,10.4,0,0,6,11,4,10.75,0,12.4,0.5,1.79,10.575,8,0.34999999999999964,12,0.6666666666666666
1,39,1,9991,0,12,133.1,1,37,37,9,9,121.5,0,0,0,1,1,0,38,0,0,5,11,2,10.5,0,0,5,9,3,11.333333333333334,1,7.6,2.6,0.32,10.916666666666668,5,0.8333333333333339,10,0.5
4,39,1,9773,1,19,133.1,1,37,37,9,1,117.5,0,0,0,1,0,0,39,0,0,6,10,4,11.25,0,0,6,6,6,11.333333333333334,0,10.8,1.4,1.74,11.291666666666668,10,0.08333333333333393,12,0.8333333333333334
1,17,1,9070,1,1,127.0,1,37,38,9,5,131.2,1,0,0,1,1,0,18,0,0,6,6,6,11.833333333333334,0,0,6,6,6,13.166666666666666,0,7.6,2.6,0.32,12.5,12,1.3333333333333321,12,1.0
1,17,5,9773,1,1,111.0,1,19,12,7,3,115.9,1,0,0,1,0,0,22,0,0,6,7,6,13.571428571428571,0,0,6,7,6,15.285714285714286,0,13.9,-0.3,0.79,14.428571428571429,12,1.7142857142857153,12,1.0
1,44,1,9130,1,39,150.0,1,1,37,4,8,150.0,1,0,0,0,0,0,22,0,1,6,10,3,12.666666666666666,0,0,6,7,0,0.0,0,15.5,2.8,-4.06,6.333333333333333,3,-12.666666666666666,12,0.25
1,39,1,9085,1,1,130.0,1,37,37,6,6,110.0,0,0,0,1,0,1,25,0,0,6,13,3,11.666666666666666,0,0,6,14,2,11.333333333333334,0,11.1,0.6,2.02,11.5,5,-0.33333333333333215,12,0.4166666666666667
1,1,1,9147,1,1,130.0,1,37,38,3,3,123.0,0,0,0,1,0,0,18,0,0,5,8,5,12.333333333333334,2,0,5,7,5,11.4,0,15.5,2.8,-4.06,11.866666666666667,10,-0.9333333333333336,10,1.0
1,43,1,9147,1,1,153.0,1,1,19,9,10,147.8,0,0,0,1,0,1,18,0,0,5,9,5,13.2,0,0,5,13,5,14.4,5,16.2,0.3,-0.92,13.8,10,1.200000000000001,10,1.0
2,39,2,9991,0,1,100.0,1,37,37,9,9,100.0,1,0,0,1,1,0,51,0,0,4,4,0,0.0,0,0,5,0,0,0.0,0,12.7,3.7,-1.7,0.0,0,0.0,9,0.0
1,39,1,9991,0,1,130.0,1,37,37,6,6,111.9,0,0,1,1,0,0,36,0,0,5,5,0,0.0,0,0,5,5,0,0.0,0,12.7,3.7,-1.7,0.0,0,0.0,10,0.0
1,51,1,9070,1,1,143.0,1,1,1,4,4,120.0,1,0,0,1,0,0,21,0,3,10,10,10,13.0,0,5,11,11,10,11.4,0,11.1,0.6,2.02,12.2,20,-1.5999999999999996,21,0.9523809523809523
1,1,2,9085,1,1,157.0,1,3,38,4,6,142.3,0,0,0,1,0,0,18,0,0,5,7,4,12.75,0,0,5,6,4,12.75,0,7.6,2.6,0.32,12.75,8,0.0,10,0.8
1,17,1,9670,1,1,140.0,1,1,1,4,3,133.4,0,0,0,1,1,0,24,0,0,6,6,4,11.25,0,0,6,9,4,10.428571428571429,0,10.8,1.4,1.74,10.839285714285715,8,-0.8214285714285712,12,0.6666666666666666
1,1,1,171,1,1,174.0,1,5,3,3,3,157.9,0,0,0,1,0,0,18,0,0,0,0,0,0.0,0,0,0,0,0,0.0,0,13.9,-0.3,0.79,0.0,0,0.0,0,0.0
1,17,1,171,1,1,143.0,1,19,37,5,9,156.3,1,0,0,1,1,1,19,0,0,0,0,0,0.0,0,0,0,0,0,0.0,0,11.1,0.6,2.02,0.0,0,0.0,0,0.0
1,39,1,9003,1,1,130.0,1,19,19,9,1,140.0,0,0,0,1,0,0,26,0,6,12,13,6,13.0,0,4,12,14,11,13.833333333333334,0,15.5,2.8,-4.06,13.416666666666668,17,0.8333333333333339,24,0.7083333333333334
1,1,4,9556,1,1,122.0,1,37,1,5,4,123.9,0,0,0,1,0,0,19,0,0,7,9,7,12.1625,0,0,8,8,8,13.825,0,13.9,-0.3,0.79,12.993749999999999,15,1.6624999999999996,15,1.0
1,39,1,9254,1,1,130.0,1,37,37,9,9,126.5,0,0,0,1,1,0,26,0,0,6,7,6,12.428571428571429,0,0,6,6,6,12.833333333333334,0,7.6,2.6,0.32,12.630952380952381,12,0.4047619047619051,12,1.0
1,1,3,9773,1,1,117.0,1,38,19,7,7,110.4,1,0,1,0,0,0,19,0,0,6,7,6,12.166666666666666,0,0,6,10,2,10.333333333333334,0,16.2,0.3,-0.92,11.25,8,-1.8333333333333321,12,0.6666666666666666
1,1,1,9670,1,1,115.0,1,19,37,9,9,114.3,0,0,0,1,1,0,18,0,0,6,7,4,12.6,0,0,6,6,4,13.0,0,12.4,0.5,1.79,12.8,8,0.40000000000000036,12,0.6666666666666666
1,17,1,9238,1,1,154.0,1,19,37,9,7,140.4,1,0,0,1,0,1,20,0,0,6,13,2,10.0,0,0,6,12,4,10.75,0,7.6,2.6,0.32,10.375,6,0.75,12,0.5
1,17,2,9085,1,1,166.0,1,1,19,4,3,158.7,0,0,0,1,0,0,18,0,0,6,7,6,14.857142857142858,0,0,6,7,6,14.0,0,11.1,0.6,2.02,14.428571428571429,12,-0.8571428571428577,12,1.0
1,43,1,9991,0,1,140.0,1,1,1,6,6,100.0,0,0,0,1,1,0,34,0,0,5,5,5,13.8,0,0,5,6,5,13.833333333333334,0,9.4,-0.8,-3.12,13.816666666666666,10,0.033333333333333215,10,1.0
2,39,1,9130,1,1,130.0,1,37,37,9,6,160.0,0,0,0,1,1,0,31,0,1,6,11,2,12.0,1,1,6,12,1,10.0,1,16.2,0.3,-0.92,11.0,3,-2.0,12,0.25
1,1,1,9500,1,1,156.0,1,5,4,2,1,140.8,0,0,0,1,0,0,18,0,0,8,8,7,15.7,0,0,8,8,7,15.7,0,12.7,3.7,-1.7,15.7,14,0.0,16,0.875
2,39,2,9003,1,19,133.1,1,38,19,4,1,110.0,0,0,0,0,1,0,32,0,2,8,12,2,11.5,2,0,7,9,0,0.0,0,15.5,2.8,-4.06,5.75,2,-11.5,15,0.13333333333333333
1,1,1,9670,1,1,127.0,1,3,19,3,9,127.0,1,0,0,1,1,0,18,0,0,6,9,6,13.571428571428571,0,0,6,11,4,14.0,0,12.4,0.5,1.79,13.785714285714285,10,0.4285714285714288,12,0.8333333333333334
1,17,5,9070,1,1,133.0,1,4,1,4,4,132.0,1,1,0,1,0,1,17,0,0,6,6,6,13.0,0,0,6,6,6,12.5,0,15.5,2.8,-4.06,12.75,12,-0.5,12,1.0
1,43,1,9147,1,1,122.0,1,1,38,1,7,118.9,0,0,0,1,1,0,21,0,0,5,11,2,10.5,0,0,5,13,0,0.0,0,12.7,3.7,-1.7,5.25,2,-10.5,10,0.2
1,51,1,8014,0,1,120.0,1,1,1,4,4,128.5,0,0,1,0,1,0,26,0,2,8,13,4,10.5,0,5,10,16,7,10.428571428571429,0,12.4,0.5,1.79,10.464285714285715,11,-0.07142857142857117,18,0.6111111111111112
1,17,1,9119,1,1,130.0,1,38,19,7,3,119.9,1,0,1,1,1,0,20,0,0,5,5,0,0.0,0,0,5,5,0,0.0,5,9.4,-0.8,-3.12,0.0,0,0.0,10,0.0
1,39,1,9085,1,43,160.0,1,3,39,2,3,172.0,0,0,0,1,0,0,26,0,0,6,0,0,0.0,0,0,6,0,0,0.0,0,8.9,1.4,3.51,0.0,0,0.0,12,0.0
1,17,3,9254,1,1,127.0,1,37,37,9,6,123.5,1,0,0,1,0,1,20,0,0,6,11,4,11.5,0,0,6,12,3,11.0,0,7.6,2.6,0.32,11.25,7,-0.5,12,0.5833333333333334
1,17,6,9238,1,1,131.0,1,1,3,4,2,131.7,1,0,0,1,0,0,18,0,0,6,8,4,11.75,0,0,6,8,4,12.25,0,9.4,-0.8,-3.12,12.0,8,0.5,12,0.6666666666666666
1,1,1,9070,1,1,124.0,1,19,19,9,7,113.9,1,0,0,1,1,0,18,0,0,6,0,0,0.0,0,0,6,0,0,0.0,0,12.4,0.5,1.79,0.0,0,0.0,12,0.0
1,1,2,9500,1,1,132.0,1,19,19,9,7,128.0,1,0,0,1,1,1,19,0,0,8,8,7,14.935714285714283,0,0,8,8,7,14.935714285714283,0,10.8,1.4,1.74,14.935714285714283,14,0.0,16,0.875
1,1,1,9119,1,1,136.0,1,38,38,9,9,121.7,1,0,0,1,1,0,18,0,0,5,10,0,0.0,0,0,5,11,1,12.0,3,7.6,2.6,0.32,6.0,1,12.0,10,0.1
1,17,1,9853,1,1,141.0,1,19,19,9,8,142.8,0,0,0,1,0,1,19,0,0,7,7,7,14.428571428571429,0,0,7,7,7,14.142857142857142,0,16.2,0.3,-0.92,14.285714285714285,14,-0.2857142857142865,14,1.0
1,44,1,9085,1,39,140.0,1,1,3,9,4,140.0,0,0,1,0,0,0,24,0,2,6,11,4,12.5,0,1,6,18,2,11.5,0,12.4,0.5,1.79,12.0,6,-1.0,12,0.5
1,1,1,8014,0,1,126.0,1,34,34,0,0,142.4,0,0,0,1,0,0,32,0,0,6,0,0,0.0,0,0,6,0,0,0.0,0,7.6,2.6,0.32,0.0,0,0.0,12,0.0
1,43,1,9085,1,1,130.0,1,19,38,7,7,120.2,1,0,0,1,0,0,20,0,0,5,9,4,12.0,0,0,5,10,5,13.428571428571429,1,10.8,1.4,1.74,12.714285714285715,9,1.4285714285714288,10,0.9
1,1,1,9773,1,1,143.0,1,1,3,3,3,149.0,1,0,0,1,0,0,18,0,0,6,8,6,11.428571428571429,0,0,6,7,6,11.0,0,11.1,0.6,2.02,11.214285714285715,12,-0.4285714285714288,12,1.0
1,1,1,9147,1,1,128.0,1,1,1,2,10,116.5,0,0,0,1,1,0,19,0,0,5,8,2,10.0,0,0,5,8,1,16.0,0,7.6,2.6,0.32,13.0,3,6.0,10,0.3
1,39,2,9147,1,12,133.1,1,19,38,9,9,120.0,1,0,1,0,1,0,28,0,0,5,5,0,0.0,0,0,5,5,0,0.0,0,9.4,-0.8,-3.12,0.0,0,0.0,10,0.0
1,1,1,9147,1,1,129.0,1,37,38,4,9,121.0,1,0,0,1,0,0,18,0,0,5,8,2,10.5,0,0,5,7,3,12.333333333333334,0,7.6,2.6,0.32,11.416666666666668,5,1.833333333333334,10,0.5
1,1,4,9500,1,1,144.0,1,3,39,2,3,129.0,1,0,0,1,0,0,18,0,0,7,8,7,12.65,0,0,8,9,8,13.411111111111111,0,16.2,0.3,-0.92,13.030555555555555,15,0.7611111111111111,15,1.0
1,17,1,9147,1,1,126.0,1,37,37,4,7,116.9,0,0,0,1,1,1,19,0,0,5,12,3,11.666666666666666,0,0,5,10,3,11.666666666666666,0,12.7,3.7,-1.7,11.666666666666666,6,0.0,10,0.6
1,17,2,9070,1,1,136.0,1,19,38,4,7,140.9,1,0,0,1,0,0,19,0,0,6,6,6,14.333333333333334,0,0,6,6,6,13.5,0,9.4,-0.8,-3.12,13.916666666666668,12,-0.8333333333333339,12,1.0
1,1,1,9238,1,1,138.0,1,1,19,4,7,123.0,1,0,1,0,0,0,18,0,0,6,9,5,11.4,0,0,6,14,2,13.5,0,8.9,1.4,3.51,12.45,7,2.0999999999999996,12,0.5833333333333334
1,43,1,9238,1,1,130.0,1,38,37,9,7,133.2,0,0,0,1,0,0,20,0,5,9,15,9,11.666666666666666,0,2,7,8,7,11.714285714285714,0,7.6,2.6,0.32,11.69047619047619,16,0.04761904761904745,16,1.0
1,39,1,9254,1,1,133.1,1,19,19,4,7,123.0,0,0,1,0,0,1,28,0,0,6,6,6,10.833333333333334,0,0,6,7,5,11.0,0,13.9,-0.3,0.79,10.916666666666668,11,0.16666666666666607,12,0.9166666666666666
1,1,1,9238,1,1,123.0,1,37,37,9,9,115.0,1,0,0,1,0,0,19,0,0,6,10,4,10.25,0,0,6,8,6,10.714285714285714,0,11.1,0.6,2.02,10.482142857142858,10,0.4642857142857135,12,0.8333333333333334
2,43,1,9991,0,3,130.0,1,37,37,9,9,130.0,0,0,0,1,0,0,41,0,5,10,11,10,14.3,0,5,10,10,10,14.2,0,12.7,3.7,-1.7,14.25,20,-0.10000000000000142,20,1.0
1,1,4,9147,1,1,117.0,1,1,38,8,9,117.0,1,0,0,1,1,0,19,0,0,5,5,4,10.75,0,0,5,6,4,12.25,0,12.4,0.5,1.79,11.5,8,1.5,10,0.8
1,1,1,9070,1,1,116.0,1,1,1,1,1,110.8,1,0,0,1,0,0,20,0,0,6,6,6,12.833333333333334,0,0,6,10,6,11.166666666666666,0,12.4,0.5,1.79,12.0,12,-1.6666666666666679,12,1.0
2,39,1,9991,0,19,133.1,1,38,38,90,90,121.7,1,0,0,1,1,0,45,0,0,5,5,0,0.0,0,0,5,5,0,0.0,0,7.6,2.6,0.32,0.0,0,0.0,10,0.0
1,39,9,9991,0,1,120.0,1,38,38,9,5,144.8,0,0,0,1,1,0,28,0,0,5,7,4,12.75,0,0,5,7,5,14.333333333333334,0,10.8,1.4,1.74,13.541666666666668,9,1.583333333333334,10,0.9
1,43,1,9003,1,1,120.0,1,3,3,1,2,115.0,0,0,0,1,1,0,22,0,0,6,12,0,0.0,0,0,6,10,0,0.0,0,16.2,0.3,-0.92,0.0,0,0.0,12,0.0
2,39,1,9853,1,1,133.1,1,37,37,5,5,116.5,0,0,0,1,0,0,34,0,0,7,11,1,10.0,0,0,7,7,1,13.0,0,16.2,0.3,-0.92,11.5,2,3.0,14,0.14285714285714285
1,1,1,9147,1,1,120.0,1,1,19,7,7,111.3,0,0,0,1,1,1,18,0,0,5,10,4,10.8,0,0,5,10,4,11.75,0,15.5,2.8,-4.06,11.275,8,0.9499999999999993,10,0.8
1,1,1,9991,0,1,122.0,1,37,37,9,3,113.6,0,0,0,1,1,0,26,0,0,5,11,2,11.5,0,0,5,10,3,12.0,0,7.6,2.6,0.32,11.75,5,0.5,10,0.5
1,51,1,9070,1,1,130.0,1,3,1,2,8,122.2,0,0,1,1,0,0,20,0,4,10,12,10,13.0,0,5,11,11,11,12.272727272727272,0,11.1,0.6,2.02,12.636363636363637,21,-0.7272727272727284,21,1.0
1,1,1,9254,1,1,111.0,1,1,1,3,3,112.4,1,0,0,1,1,0,20,0,0,6,10,6,12.333333333333334,0,0,6,9,4,13.0,0,12.4,0.5,1.79,12.666666666666668,10,0.6666666666666661,12,0.8333333333333334
1,17,4,9119,1,1,122.0,62,1,1,191,171,121.0,1,0,0,1,1,0,20,1,0,5,10,4,14.25,0,0,5,14,1,10.0,0,8.9,1.4,3.51,12.125,5,-4.25,10,0.5
1,42,1,9085,1,39,140.0,1,19,3,9,1,159.9,1,0,0,1,0,0,21,0,2,6,14,5,13.666666666666666,0,2,6,10,5,13.0,0,16.2,0.3,-0.92,13.333333333333332,10,-0.6666666666666661,12,0.8333333333333334
1,10,1,9773,1,1,152.0,22,38,37,5,9,152.0,1,0,0,1,0,0,22,1,0,6,8,6,11.666666666666666,0,0,6,6,6,13.0,0,12.7,3.7,-1.7,12.333333333333332,12,1.333333333333334,12,1.0
2,39,1,9773,1,12,100.0,1,1,1,4,4,100.0,0,0,0,1,0,0,24,0,0,6,6,6,12.166666666666666,0,0,6,6,6,13.833333333333334,0,7.6,2.6,0.32,13.0,12,1.6666666666666679,12,1.0
1,17,1,9119,1,1,127.0,1,19,1,4,5,115.8,0,0,0,1,1,0,20,0,0,5,10,4,11.5,0,0,5,11,0,0.0,0,13.9,-0.3,0.79,5.75,4,-11.5,10,0.4
1,44,1,9238,1,39,140.0,1,1,1,3,5,141.7,0,0,0,1,0,1,20,0,3,6,6,6,12.833333333333334,0,2,6,6,6,12.833333333333334,0,13.9,-0.3,0.79,12.833333333333334,12,0.0,12,1.0
1,1,4,9500,1,1,126.0,1,19,19,7,9,121.3,1,0,0,1,0,1,18,0,0,7,9,6,13.533333333333331,0,0,7,7,7,12.228571428571428,0,12.4,0.5,1.79,12.88095238095238,13,-1.3047619047619037,14,0.9285714285714286
2,39,1,9130,1,19,133.1,1,37,38,9,9,120.0,0,0,0,1,1,0,53,0,0,5,9,4,12.25,2,0,5,8,4,11.75,0,9.4,-0.8,-3.12,12.0,8,-0.5,10,0.8
1,1,1,9238,1,1,106.0,1,1,1,3,3,105.0,0,0,0,1,1,0,20,0,0,6,9,5,11.0,0,0,6,9,5,12.166666666666666,0,11.1,0.6,2.02,11.583333333333332,10,1.166666666666666,12,0.8333333333333334
4,17,5,8014,0,1,100.0,1,19,19,90,90,107.0,0,0,0,1,0,0,38,0,0,5,12,1,10.0,0,0,5,10,0,0.0,0,10.8,1.4,1.74,5.0,1,-10.0,10,0.1
1,1,6,9500,1,1,133.0,1,38,38,9,9,128.8,1,0,0,1,0,1,18,0,0,7,11,6,11.994444444444444,0,0,8,11,7,12.43142857142857,0,15.5,2.8,-4.06,12.212936507936508,13,0.43698412698412703,15,0.8666666666666667
1,17,4,9500,1,1,121.0,1,37,37,5,5,118.9,1,0,0,1,0,0,21,0,0,7,7,7,14.428571428571429,0,0,8,9,8,14.511111111111113,0,16.2,0.3,-0.92,14.469841269841272,15,0.08253968253968402,15,1.0
2,39,1,9085,1,19,110.0,1,37,37,90,90,110.0,0,0,0,0,1,0,29,0,0,5,5,0,0.0,0,0,5,5,0,0.0,0,12.7,3.7,-1.7,0.0,0,0.0,10,0.0
1,17,2,9147,1,1,131.0,1,1,19,4,5,120.2,1,0,0,1,0,0,21,0,0,5,10,4,11.75,0,0,5,6,5,11.6,0,12.4,0.5,1.79,11.675,9,-0.15000000000000036,10,0.9
1,17,3,9085,1,1,128.0,1,1,19,4,90,124.2,0,0,0,0,0,0,21,0,0,5,8,2,11.5,0,0,5,7,2,10.5,0,7.6,2.6,0.32,11.0,4,-1.0,10,0.4
1,39,1,9556,1,1,133.1,1,38,19,9,6,100.0,1,0,0,1,0,1,25,0,0,7,11,5,12.58,0,0,7,9,6,12.157142857142857,0,8.9,1.4,3.51,12.368571428571428,11,-0.4228571428571435,14,0.7857142857142857
1,39,1,9991,0,1,110.0,1,37,37,9,9,139.0,0,0,0,1,1,0,40,0,0,5,0,0,0.0,0,0,5,0,0,0.0,0,12.7,3.7,-1.7,0.0,0,0.0,10,0.0
1,39,1,9991,0,3,120.0,1,19,1,9,5,134.0,0,0,0,1,0,0,25,0,0,5,14,1,11.0,0,0,5,11,2,12.666666666666666,4,16.2,0.3,-0.92,11.833333333333332,3,1.666666666666666,10,0.3
1,1,1,171,1,1,136.0,1,19,19,4,8,150.4,1,0,0,1,1,1,21,0,0,0,0,0,0.0,0,0,0,0,0,0.0,0,12.4,0.5,1.79,0.0,0,0.0,0,0.0
1,1,1,9085,1,1,146.0,1,1,1,9,7,126.0,0,0,0,1,0,0,19,0,0,5,7,3,12.333333333333334,0,0,5,7,4,10.25,0,7.6,2.6,0.32,11.291666666666668,7,-2.083333333333334,10,0.7
1,1,2,9147,1,1,128.0,1,1,1,9,6,120.3,0,0,0,1,1,0,19,0,0,5,9,5,10.8,0,0,5,13,2,13.5,0,8.9,1.4,3.51,12.15,7,2.6999999999999993,10,0.7
1,1,1,9773,1,1,158.0,1,38,38,9,7,144.7,1,0,0,1,0,1,19,0,0,6,6,6,14.833333333333334,0,0,6,6,6,14.666666666666666,0,12.7,3.7,-1.7,14.75,12,-0.16666666666666785,12,1.0
1,1,4,9254,1,1,131.0,1,38,36,9,9,124.0,1,0,0,1,0,1,18,0,0,6,7,6,11.333333333333334,0,0,6,9,6,10.833333333333334,0,9.4,-0.8,-3.12,11.083333333333334,12,-0.5,12,1.0
1,1,1,9238,1,1,133.1,1,19,1,1,3,101.0,0,0,0,1,0,0,21,0,0,6,0,0,0.0,0,0,6,0,0,0.0,0,15.5,2.8,-4.06,0.0,0,0.0,12,0.0
1,43,1,9773,1,1,132.0,1,38,19,9,9,125.0,1,0,0,1,1,1,20,0,0,6,6,6,12.333333333333334,0,0,6,7,6,14.0,0,12.4,0.5,1.79,13.166666666666668,12,1.666666666666666,12,1.0
1,17,2,9254,1,1,143.0,1,1,19,4,6,135.0,0,0,0,1,0,0,20,0,0,6,0,0,0.0,0,0,6,0,0,0.0,0,11.1,0.6,2.02,0.0,0,0.0,12,0.0
1,43,3,9254,1,1,135.0,1,3,3,2,2,122.1,0,0,0,1,1,0,19,0,0,6,14,3,12.5,0,0,6,9,4,11.0,0,12.7,3.7,-1.7,11.75,7,-1.5,12,0.5833333333333334
1,1,1,9500,1,1,148.0,1,19,19,9,9,138.7,0,0,0,1,0,1,19,0,0,7,10,7,15.114999999999998,0,0,8,10,8,15.092,0,15.5,2.8,-4.06,15.1035,15,-0.02299999999999791,15,1.0
1,51,1,9147,1,1,160.0,1,1,37,9,10,118.0,0,0,0,1,0,0,53,0,14,15,15,15,11.8,0,12,13,13,12,11.666666666666666,1,8.9,1.4,3.51,11.733333333333334,27,-0.13333333333333464,28,0.9642857142857143
1,5,2,9238,1,1,123.0,1,40,38,2,9,118.1,1,0,0,1,0,0,19,0,0,6,6,6,14.0,0,0,6,6,6,13.333333333333334,0,8.9,1.4,3.51,13.666666666666668,12,-0.6666666666666661,12,1.0
1,53,1,9085,1,42,130.0,1,38,38,9,9,128.8,0,0,0,1,0,0,21,0,7,10,12,8,12.875,0,4,9,14,5,13.4,0,8.9,1.4,3.51,13.1375,13,0.5250000000000004,19,0.6842105263157895
1,1,2,171,1,1,117.0,1,38,38,4,9,120.2,1,0,0,1,1,0,19,0,0,0,0,0,0.0,0,0,0,0,0,0.0,0,7.6,2.6,0.32,0.0,0,0.0,0,0.0
1,1,3,9500,1,1,150.0,1,19,19,5,5,132.8,1,0,0,1,0,1,18,0,0,8,8,8,13.01125,0,0,8,8,8,13.01125,0,9.4,-0.8,-3.12,13.01125,16,0.0,16,1.0
1,42,1,9070,1,1,120.0,1,3,2,3,1,116.9,0,0,0,1,1,0,20,0,6,7,13,7,12.375,0,4,7,8,4,11.25,0,13.9,-0.3,0.79,11.8125,11,-1.125,14,0.7857142857142857
1,17,1,171,1,1,158.0,1,3,3,3,3,151.4,1,0,0,0,0,0,19,0,6,12,12,12,13.0,0,4,11,14,11,13.25,0,8.9,1.4,3.51,13.125,23,0.25,23,1.0
1,1,2,9500,1,1,144.0,1,38,37,9,9,128.8,1,0,0,1,1,0,19,0,0,7,7,6,13.2,0,0,7,7,6,13.2,0,7.6,2.6,0.32,13.2,12,0.0,14,0.8571428571428571
1,17,1,9147,1,1,130.0,1,19,1,7,4,117.8,1,0,0,1,1,0,20,0,0,5,8,3,11.0,0,0,5,11,3,12.0,0,10.8,1.4,1.74,11.5,6,1.0,10,0.6
4,39,1,8014,0,19,133.1,1,37,37,9,9,95.0,0,0,1,0,0,0,50,0,0,6,11,0,0.0,0,0,5,6,0,0.0,0,8.9,1.4,3.51,0.0,0,0.0,11,0.0
2,39,1,9991,0,1,100.0,1,37,37,1,1,161.9,0,0,0,1,1,0,59,0,0,5,7,0,0.0,0,0,5,7,0,0.0,0,16.2,0.3,-0.92,0.0,0,0.0,10,0.0
1,1,3,9556,1,1,132.0,1,38,37,7,7,119.0,1,0,0,1,0,0,19,0,0,7,9,7,11.677777777777775,0,0,8,8,8,13.8,0,12.7,3.7,-1.7,12.738888888888887,15,2.1222222222222253,15,1.0
1,1,1,171,1,1,133.1,1,1,37,9,9,117.0,0,0,1,1,1,0,19,0,0,0,0,0,0.0,0,0,0,0,0,0.0,0,15.5,2.8,-4.06,0.0,0,0.0,0,0.0
1,43,1,9130,1,1,140.0,1,1,3,9,2,140.0,1,0,0,1,0,1,20,0,0,6,8,6,15.625,0,0,6,8,6,15.857142857142858,0,13.9,-0.3,0.79,15.741071428571429,12,0.23214285714285765,12,1.0
1,1,1,9500,1,1,138.0,1,19,37,4,9,141.0,0,0,0,1,1,0,19,0,0,7,7,6,13.7,0,0,7,7,6,13.7,0,7.6,2.6,0.32,13.7,12,0.0,14,0.8571428571428571
1,1,2,9500,1,1,131.0,1,1,1,5,9,129.5,1,0,0,1,0,1,19,0,0,8,8,8,13.9475,0,0,8,8,8,13.9475,0,9.4,-0.8,-3.12,13.9475,16,0.0,16,1.0
4,39,2,9147,1,19,133.1,1,37,37,9,7,116.4,0,0,1,0,1,0,70,0,0,5,5,0,0.0,0,0,5,9,0,0.0,0,10.8,1.4,1.74,0.0,0,0.0,10,0.0
1,17,1,9556,1,1,133.0,1,1,38,4,9,119.0,0,0,0,1,0,0,19,0,0,7,10,6,11.15,0,0,7,7,7,12.814285714285717,0,12.7,3.7,-1.7,11.982142857142858,13,1.6642857142857164,14,0.9285714285714286
1,17,4,9254,1,1,125.0,1,38,38,5,5,115.6,1,0,0,1,0,0,20,0,0,6,6,6,11.0,0,0,6,8,4,12.75,0,9.4,-0.8,-3.12,11.875,10,1.75,12,0.8333333333333334
1,39,1,9003,1,1,150.0,1,37,19,6,4,137.0,0,0,0,1,1,0,35,0,1,6,7,5,12.8,0,1,6,11,5,13.833333333333334,0,15.5,2.8,-4.06,13.316666666666666,10,1.0333333333333332,12,0.8333333333333334
2,7,1,9238,1,3,130.0,1,37,19,4,5,130.0,0,0,0,1,0,0,38,0,0,6,17,4,13.75,0,0,6,15,6,14.5,0,16.2,0.3,-0.92,14.125,10,0.75,12,0.8333333333333334
2,1,1,9147,1,1,133.1,1,34,34,0,0,131.8,0,0,0,1,0,0,24,0,14,15,17,14,11.357142857142858,0,13,14,15,13,12.846153846153848,0,7.6,2.6,0.32,12.101648351648354,27,1.4890109890109908,29,0.9310344827586207
1,39,1,9119,1,1,110.0,1,1,1,4,4,125.9,0,0,0,1,1,0,34,0,0,5,7,0,0.0,0,0,5,8,1,11.0,0,10.8,1.4,1.74,5.5,1,11.0,10,0.1
1,17,1,9238,1,1,131.0,1,37,37,9,7,121.9,0,0,0,1,0,1,19,0,0,6,8,6,13.75,0,0,6,7,6,11.857142857142858,0,16.2,0.3,-0.92,12.803571428571429,12,-1.8928571428571423,12,1.0
2,39,1,9003,1,1,130.0,1,1,37,9,1,122.0,0,0,1,0,1,0,25,0,3,10,23,6,11.428571428571429,0,2,7,15,4,12.0,1,15.5,2.8,-4.06,11.714285714285715,10,0.5714285714285712,17,0.5882352941176471
1,1,1,9500,1,1,130.0,1,19,37,9,9,117.8,1,0,0,1,0,1,19,0,0,8,8,7,12.357142857142858,0,0,8,8,7,12.357142857142858,0,12.7,3.7,-1.7,12.357142857142858,14,0.0,16,0.875
1,39,1,8014,0,1,100.0,1,37,37,99,99,100.0,0,0,0,1,0,0,34,0,0,6,0,0,0.0,0,0,6,0,0,0.0,0,12.7,3.7,-1.7,0.0,0,0.0,12,0.0
1,1,1,9085,1,1,150.0,1,37,37,4,9,132.1,1,0,1,1,0,0,29,0,4,5,11,4,12.5,2,1,5,11,2,12.5,0,12.7,3.7,-1.7,12.5,6,0.0,10,0.6
1,1,1,9773,1,1,117.0,1,1,19,4,4,109.3,0,0,0,1,1,0,19,0,0,6,11,4,12.25,0,0,6,10,3,12.666666666666666,0,7.6,2.6,0.32,12.458333333333332,7,0.4166666666666661,12,0.5833333333333334
1,1,1,9500,1,1,140.0,1,1,19,9,9,128.8,0,0,0,1,1,0,18,0,0,7,7,6,13.391666666666666,0,0,8,8,8,12.4875,0,12.4,0.5,1.79,12.939583333333333,14,-0.904166666666665,15,0.9333333333333333
1,43,1,9556,1,1,149.0,1,1,1,4,8,140.2,1,1,0,1,0,0,20,0,1,7,9,7,12.333333333333334,0,0,8,8,8,12.625,0,12.7,3.7,-1.7,12.479166666666668,15,0.2916666666666661,15,1.0
1,44,1,9003,1,39,140.0,1,38,38,6,3,140.0,0,0,0,1,0,0,19,0,0,6,18,3,11.666666666666666,0,0,6,14,4,11.5,0,15.5,2.8,-4.06,11.583333333333332,7,-0.16666666666666607,12,0.5833333333333334
1,17,1,171,1,1,142.0,1,37,37,9,9,132.9,0,0,0,1,1,0,22,0,0,0,0,0,0.0,0,0,0,0,0,0.0,0,12.7,3.7,-1.7,0.0,0,0.0,0,0.0
1,44,1,9003,1,39,160.0,1,38,38,6,6,160.0,1,0,0,1,0,0,21,0,0,6,11,6,13.428571428571429,0,0,6,12,6,12.857142857142858,0,15.5,2.8,-4.06,13.142857142857142,12,-0.5714285714285712,12,1.0
1,16,5,9085,1,1,134.0,1,19,37,8,8,123.9,1,0,0,1,1,0,18,0,0,5,11,5,13.0,2,0,5,7,5,12.4,0,9.4,-0.8,-3.12,12.7,10,-0.5999999999999996,10,1.0
2,39,1,9991,0,1,160.0,1,1,1,194,131,128.4,0,0,0,1,0,0,34,0,0,5,12,5,10.4,0,0,5,11,5,12.0,0,12.4,0.5,1.79,11.2,10,1.5999999999999996,10,1.0
1,39,1,9500,1,1,120.0,1,37,37,9,9,100.0,0,0,0,1,1,0,34,0,0,7,15,6,11.333333333333334,0,0,7,16,4,12.6,0,16.2,0.3,-0.92,11.966666666666667,10,1.2666666666666657,14,0.7142857142857143
1,1,1,9773,1,1,120.0,1,36,37,0,0,126.7,1,0,0,1,1,0,20,0,0,6,9,5,12.6,0,0,6,11,4,11.5,0,7.6,2.6,0.32,12.05,9,-1.0999999999999996,12,0.75
1,7,1,9500,1,40,170.0,1,1,1,9,4,170.0,0,0,0,1,0,0,24,0,4,7,7,7,16.885714285714283,0,3,8,9,8,15.744444444444444,0,16.2,0.3,-0.92,16.315079365079363,15,-1.141269841269839,15,1.0
1,1,1,9500,1,1,118.0,1,12,1,4,10,115.7,0,0,0,1,1,0,20,0,0,7,9,5,12.7,0,0,8,9,7,13.475,0,13.9,-0.3,0.79,13.087499999999999,12,0.7750000000000004,15,0.8
1,17,1,9853,1,1,125.0,1,19,19,4,7,128.5,1,0,0,1,0,0,18,0,0,7,9,6,11.5,0,0,7,8,7,12.714285714285714,0,13.9,-0.3,0.79,12.107142857142858,13,1.2142857142857135,14,0.9285714285714286
2,39,1,9500,1,3,130.0,1,1,1,4,6,126.0,0,0,0,1,1,0,32,0,0,7,7,7,13.62857142857143,0,0,8,8,8,13.9125,0,13.9,-0.3,0.79,13.770535714285714,15,0.28392857142856975,15,1.0
1,44,1,9238,1,39,130.0,1,19,1,9,9,131.9,0,0,0,1,0,1,21,0,3,6,7,6,12.0,0,2,6,7,6,12.0,0,13.9,-0.3,0.79,12.0,12,0.0,12,1.0
1,1,3,9773,1,1,143.0,11,19,19,4,9,133.9,1,0,0,1,1,1,18,1,0,6,7,6,13.5,0,0,6,7,6,13.0,0,16.2,0.3,-0.92,13.25,12,-0.5,12,1.0
1,1,1,9500,1,1,117.0,1,3,1,3,3,113.2,0,1,0,1,0,0,18,0,0,7,10,6,11.98,0,0,8,11,7,13.225,0,16.2,0.3,-0.92,12.6025,13,1.2449999999999992,15,0.8666666666666667
1,1,1,9500,1,1,131.0,1,19,19,4,4,122.0,1,0,0,1,0,0,20,0,0,8,8,7,14.014285714285714,0,0,8,8,7,14.014285714285714,0,12.7,3.7,-1.7,14.014285714285714,14,0.0,16,0.875
1,44,1,9085,1,39,110.0,1,3,5,2,2,110.0,0,0,0,1,1,0,23,0,0,6,19,0,0.0,0,0,6,6,0,0.0,0,13.9,-0.3,0.79,0.0,0,0.0,12,0.0
1,17,1,9773,1,1,177.0,1,2,1,123,135,155.7,0,0,1,1,0,1,18,0,0,6,6,6,15.666666666666666,0,0,6,6,6,13.833333333333334,0,8.9,1.4,3.51,14.75,12,-1.8333333333333321,12,1.0
1,1,1,9147,1,1,153.0,1,1,38,4,3,146.7,0,0,0,1,0,0,18,0,0,5,5,5,16.2,0,0,5,5,5,16.4,0,11.1,0.6,2.02,16.299999999999997,10,0.1999999999999993,10,1.0
1,17,1,9238,1,1,137.0,1,38,19,152,171,131.1,1,0,0,1,0,1,18,0,0,6,8,6,12.833333333333334,0,0,6,6,6,12.166666666666666,0,8.9,1.4,3.51,12.5,12,-0.6666666666666679,12,1.0
1,39,1,9254,1,1,133.1,1,37,37,9,6,121.5,0,0,0,1,1,0,54,0,0,6,9,6,13.714285714285714,0,0,6,13,5,14.333333333333334,0,16.2,0.3,-0.92,14.023809523809524,11,0.6190476190476204,12,0.9166666666666666
1,5,4,9853,1,1,116.0,1,3,38,3,8,110.4,1,0,0,1,0,0,21,0,0,6,9,5,12.6,0,0,6,9,3,11.666666666666666,0,9.4,-0.8,-3.12,12.133333333333333,8,-0.9333333333333336,12,0.6666666666666666
1,18,1,9147,1,1,147.0,1,19,1,9,7,139.3,1,0,0,1,1,0,20,0,0,5,0,0,0.0,0,0,5,0,0,0.0,0,12.4,0.5,1.79,0.0,0,0.0,10,0.0
1,17,5,9853,1,1,134.0,1,19,38,4,8,122.1,1,0,0,1,0,1,18,0,0,6,8,6,11.666666666666666,0,0,6,9,4,12.0,0,10.8,1.4,1.74,11.833333333333332,10,0.3333333333333339,12,0.8333333333333334
1,1,1,9130,1,1,130.0,1,2,3,9,1,117.6,0,0,0,1,1,0,19,0,0,5,14,2,11.5,2,0,5,8,5,11.4,3,9.4,-0.8,-3.12,11.45,7,-0.09999999999999964,10,0.7
1,1,6,9147,1,1,121.0,1,3,19,4,5,116.8,0,0,0,1,1,0,20,0,0,5,14,3,12.4,0,0,5,8,5,10.833333333333334,0,13.9,-0.3,0.79,11.616666666666667,8,-1.5666666666666664,10,0.8
1,1,1,9130,1,1,137.0,1,40,19,2,9,130.7,1,0,0,1,0,0,18,0,0,6,8,5,14.4,0,0,6,11,4,14.6,0,8.9,1.4,3.51,14.5,9,0.1999999999999993,12,0.75
1,1,2,9670,1,1,123.0,1,1,38,7,7,120.6,1,0,0,1,1,0,19,0,0,6,6,6,13.333333333333334,0,0,6,8,5,14.0,0,8.9,1.4,3.51,13.666666666666668,11,0.6666666666666661,12,0.9166666666666666
1,1,1,9500,1,1,137.0,1,1,19,4,4,125.3,0,0,0,1,1,0,19,0,0,7,7,7,12.2,0,0,7,7,7,12.2,0,7.6,2.6,0.32,12.2,14,0.0,14,1.0
1,17,5,9500,1,1,130.0,1,19,1,9,4,128.8,1,0,0,1,0,0,18,0,0,7,8,6,13.39,0,0,8,10,7,12.757142857142856,0,11.1,0.6,2.02,13.073571428571428,13,-0.6328571428571443,15,0.8666666666666667
1,1,1,9085,1,1,147.0,1,37,19,9,5,133.7,1,0,0,1,0,1,19,0,0,5,10,2,13.5,0,0,5,11,5,11.4,1,10.8,1.4,1.74,12.45,7,-2.0999999999999996,10,0.7
1,17,1,9238,1,1,122.0,1,3,1,9,10,114.7,0,0,0,1,0,0,19,0,0,6,9,5,12.166666666666666,0,0,6,8,6,12.428571428571429,0,13.9,-0.3,0.79,12.297619047619047,11,0.26190476190476275,12,0.9166666666666666
2,39,2,9670,1,19,133.1,1,37,37,9,9,135.6,0,0,0,1,0,0,46,0,0,6,10,5,11.4,0,0,6,9,4,13.75,0,12.4,0.5,1.79,12.575,9,2.3499999999999996,12,0.75
5,7,1,9130,1,3,160.0,1,19,38,9,6,160.0,0,0,0,0,0,0,27,0,1,5,8,3,14.666666666666666,2,0,5,7,2,13.0,2,10.8,1.4,1.74,13.833333333333332,5,-1.666666666666666,10,0.5
1,1,1,9853,1,1,140.0,1,19,19,7,7,124.6,1,0,0,1,0,0,18,0,0,7,7,6,11.666666666666666,0,0,7,8,6,13.5,0,16.2,0.3,-0.92,12.583333333333332,12,1.833333333333334,14,0.8571428571428571
1,17,2,9238,1,1,111.0,1,19,38,9,9,110.7,1,0,0,1,0,0,19,0,0,6,9,6,12.166666666666666,0,0,6,9,6,11.0,0,8.9,1.4,3.51,11.583333333333332,12,-1.166666666666666,12,1.0
1,1,3,9070,1,1,127.0,1,19,38,5,7,141.0,1,0,0,1,1,1,19,0,0,6,6,6,15.166666666666666,0,0,6,6,6,12.333333333333334,0,12.4,0.5,1.79,13.75,12,-2.833333333333332,12,1.0
1,1,1,9238,1,1,133.1,1,38,38,191,192,118.0,0,0,1,1,0,1,20,0,0,6,7,5,11.4,0,0,6,9,6,11.5,0,8.9,1.4,3.51,11.45,11,0.09999999999999964,12,0.9166666666666666
1,18,6,9500,1,1,126.0,1,37,37,5,5,122.8,1,0,0,1,0,0,18,0,0,8,8,8,12.93375,0,0,8,8,8,12.93375,0,9.4,-0.8,-3.12,12.93375,16,0.0,16,1.0
1,1,1,9773,1,1,121.0,1,3,3,2,2,112.3,1,0,1,0,0,0,18,0,0,6,7,5,12.2,0,0,6,11,4,11.5,0,11.1,0.6,2.02,11.85,9,-0.6999999999999993,12,0.75
1,1,1,9773,1,1,121.0,1,1,3,3,7,113.0,1,0,0,1,1,1,18,0,0,6,7,6,11.666666666666666,0,0,6,12,5,10.2,0,12.4,0.5,1.79,10.933333333333334,11,-1.4666666666666668,12,0.9166666666666666
1,43,1,9500,1,6,134.0,1,1,37,9,9,120.4,1,0,0,1,0,0,19,0,0,7,7,6,13.333333333333334,0,0,7,7,6,13.333333333333334,0,7.6,2.6,0.32,13.333333333333334,12,0.0,14,0.8571428571428571
1,1,1,9085,1,1,145.0,1,38,38,9,10,139.8,1,0,0,1,0,0,20,0,0,5,6,5,14.8,1,0,5,6,5,14.0,0,12.7,3.7,-1.7,14.4,10,-0.8000000000000007,10,1.0
1,39,1,9500,1,1,150.0,1,1,19,5,3,140.0,0,1,0,1,0,0,26,0,0,7,11,5,11.2,0,0,8,13,5,12.14,0,16.2,0.3,-0.92,11.67,10,0.9400000000000013,15,0.6666666666666666
1,17,5,9238,1,1,134.0,1,38,37,9,9,126.0,0,0,1,0,0,0,21,0,0,6,10,5,11.833333333333334,0,0,6,10,5,13.2,0,13.9,-0.3,0.79,12.516666666666666,10,1.3666666666666654,12,0.8333333333333334
1,17,3,9070,1,1,128.0,1,37,37,5,5,124.5,1,0,0,1,1,0,18,0,0,6,6,6,14.166666666666666,0,0,6,8,5,13.0,0,10.8,1.4,1.74,13.583333333333332,11,-1.166666666666666,12,0.9166666666666666
1,1,4,9500,1,1,123.0,1,19,38,9,10,116.7,1,0,0,1,0,0,20,0,0,7,7,7,12.485714285714286,0,0,8,12,8,12.9375,0,16.2,0.3,-0.92,12.711607142857144,15,0.45178571428571423,15,1.0
1,16,4,9500,1,1,145.0,1,1,1,4,4,127.5,1,0,0,1,0,0,18,0,0,8,8,8,13.11,0,0,8,8,8,13.11,0,9.4,-0.8,-3.12,13.11,16,0.0,16,1.0
1,18,3,9085,1,1,149.0,103,1,1,9,9,132.2,1,0,0,1,0,1,18,1,0,5,9,4,12.0,0,0,5,8,5,13.0,0,10.8,1.4,1.74,12.5,9,1.0,10,0.9
1,39,2,9147,1,19,133.1,1,38,19,4,10,116.3,0,0,0,0,1,0,32,0,0,5,5,0,0.0,0,0,5,9,0,0.0,0,10.8,1.4,1.74,0.0,0,0.0,10,0.0
2,39,1,8014,0,1,133.1,1,34,34,90,90,116.0,0,0,0,0,0,0,51,0,0,6,13,4,11.25,0,0,6,12,0,0.0,1,10.8,1.4,1.74,5.625,4,-11.25,12,0.3333333333333333
1,1,1,171,1,1,140.0,1,37,37,7,9,126.8,1,0,0,0,0,1,18,0,0,0,0,0,0.0,0,0,0,0,0,0.0,0,12.7,3.7,-1.7,0.0,0,0.0,0,0.0
1,39,1,9991,0,19,133.1,1,19,37,9,9,149.4,0,0,0,0,1,0,29,0,0,5,11,2,11.333333333333334,0,0,5,9,1,12.0,0,11.1,0.6,2.02,11.666666666666668,3,0.6666666666666661,10,0.3
1,7,1,9991,0,3,130.0,1,3,19,2,3,133.9,0,0,0,1,0,0,28,0,0,5,7,5,13.714285714285714,0,0,5,7,5,13.142857142857142,0,16.2,0.3,-0.92,13.428571428571427,10,-0.5714285714285712,10,1.0
1,16,2,9070,1,1,133.0,1,1,3,4,2,122.5,1,0,0,1,0,0,18,0,0,6,11,1,11.0,1,0,6,11,4,11.0,4,7.6,2.6,0.32,11.0,5,0.0,12,0.4166666666666667
1,42,4,9500,1,6,133.0,1,1,19,2,9,127.8,1,0,0,1,0,1,18,0,0,7,7,6,14.35,0,0,7,7,6,14.35,0,7.6,2.6,0.32,14.35,12,0.0,14,0.8571428571428571
1,39,1,9773,1,19,100.0,1,37,37,0,0,128.0,1,0,0,1,1,0,28,0,0,6,7,6,13.166666666666666,0,0,6,6,6,13.666666666666666,0,7.6,2.6,0.32,13.416666666666666,12,0.5,12,1.0
1,1,1,9556,1,1,180.0,103,5,3,1,1,183.5,1,0,0,1,0,0,18,1,0,7,8,4,12.0,0,0,8,8,0,0.0,0,16.2,0.3,-0.92,6.0,4,-12.0,15,0.26666666666666666
1,17,2,9238,1,1,133.0,1,37,37,9,4,123.6,0,0,0,1,0,1,19,0,0,6,7,6,14.142857142857142,0,0,6,6,6,15.0,0,13.9,-0.3,0.79,14.571428571428571,12,0.8571428571428577,12,1.0
1,18,3,9254,1,1,121.0,1,19,19,9,6,125.9,1,0,0,1,1,0,18,0,0,6,0,0,0.0,0,0,6,0,0,0.0,0,13.9,-0.3,0.79,0.0,0,0.0,12,0.0
1,1,6,9147,1,1,143.0,1,38,37,9,9,128.7,1,0,0,1,1,0,23,0,0,5,6,4,14.0,0,0,5,5,5,13.8,0,11.1,0.6,2.02,13.9,9,-0.1999999999999993,10,0.9
1,17,1,9070,1,1,124.0,1,19,38,4,0,117.6,1,0,0,1,1,0,20,0,0,6,9,6,10.666666666666666,1,0,6,6,5,11.2,0,7.6,2.6,0.32,10.933333333333334,11,0.5333333333333332,12,0.9166666666666666
1,1,1,9991,0,1,131.0,1,19,37,9,9,118.4,1,0,0,1,0,0,20,0,0,5,10,0,0.0,0,0,5,10,0,0.0,3,7.6,2.6,0.32,0.0,0,0.0,10,0.0
1,17,2,9085,1,1,133.1,1,19,38,9,1,100.0,1,0,1,0,1,0,19,0,0,6,10,5,12.5,0,0,6,19,2,13.5,0,12.4,0.5,1.79,13.0,7,1.0,12,0.5833333333333334
1,1,4,9500,1,1,133.0,1,38,19,8,7,127.3,1,0,0,1,0,0,18,0,0,8,8,7,12.628571428571428,0,0,8,8,7,12.628571428571428,0,12.7,3.7,-1.7,12.628571428571428,14,0.0,16,0.875
1,1,6,9500,1,1,143.0,1,19,19,9,9,127.0,1,0,0,1,0,1,18,0,0,8,8,7,13.585714285714284,0,0,8,8,7,13.585714285714284,0,12.7,3.7,-1.7,13.585714285714284,14,0.0,16,0.875
1,1,1,9238,1,1,134.0,1,1,1,9,6,130.9,0,0,1,1,0,0,18,0,0,6,10,6,11.857142857142858,0,0,6,9,5,11.0,0,13.9,-0.3,0.79,11.428571428571429,11,-0.8571428571428577,12,0.9166666666666666
1,17,1,9853,1,1,133.0,1,38,38,9,9,127.4,0,0,1,1,0,1,18,0,0,7,7,7,12.714285714285714,0,0,7,7,7,12.285714285714286,0,16.2,0.3,-0.92,12.5,14,-0.42857142857142705,14,1.0
1,1,2,9500,1,1,140.0,1,1,1,4,10,128.3,1,0,0,1,0,0,19,0,0,8,8,7,12.764285714285714,0,0,8,8,7,12.764285714285714,0,10.8,1.4,1.74,12.764285714285714,14,0.0,16,0.875
1,5,5,9254,1,1,122.0,1,1,37,9,7,119.6,1,0,0,1,0,1,19,0,0,6,6,6,12.333333333333334,0,0,6,6,6,12.833333333333334,0,12.4,0.5,1.79,12.583333333333334,12,0.5,12,1.0
1,39,1,9003,1,1,100.0,1,1,3,9,10,120.0,0,0,1,0,1,0,44,0,2,7,14,4,12.0,2,0,6,16,0,0.0,1,15.5,2.8,-4.06,6.0,4,-12.0,13,0.3076923076923077
6,39,1,9500,1,1,133.1,1,37,37,9,9,110.0,0,0,0,1,0,0,36,0,0,7,12,4,11.5,0,0,7,14,3,12.333333333333334,0,16.2,0.3,-0.92,11.916666666666668,7,0.8333333333333339,14,0.5
1,17,1,9085,1,1,128.0,1,38,19,8,8,117.2,0,0,0,1,1,0,20,0,0,5,7,5,14.6,1,0,5,5,5,14.2,0,12.7,3.7,-1.7,14.399999999999999,10,-0.40000000000000036,10,1.0
1,1,4,9773,1,1,137.0,1,3,19,2,3,139.8,1,1,0,1,0,0,18,0,0,6,10,6,12.571428571428571,0,0,6,11,6,12.571428571428571,0,10.8,1.4,1.74,12.571428571428571,12,0.0,12,1.0
4,27,1,9070,1,2,130.0,1,34,34,0,0,130.0,0,0,0,1,0,0,53,0,15,18,18,17,13.176470588235292,0,13,18,18,16,13.0,0,7.6,2.6,0.32,13.088235294117645,33,-0.17647058823529171,36,0.9166666666666666
1,1,3,9238,1,1,137.0,1,1,1,3,3,131.4,1,0,0,1,0,0,20,0,0,6,9,5,11.8,0,0,6,7,6,11.5,0,7.6,2.6,0.32,11.65,11,-0.3000000000000007,12,0.9166666666666666
1,1,1,9773,1,1,127.0,1,19,37,9,3,120.7,1,0,0,1,0,0,20,0,0,6,6,5,13.2,0,0,6,7,0,0.0,0,15.5,2.8,-4.06,6.6,5,-13.2,12,0.4166666666666667
1,17,2,9500,1,1,132.0,1,19,37,3,5,125.4,1,0,0,0,0,1,20,0,0,7,7,7,13.462857142857144,0,0,8,10,7,13.164285714285716,0,11.1,0.6,2.02,13.31357142857143,14,-0.29857142857142804,15,0.9333333333333333
2,51,1,9853,1,1,130.0,1,37,37,7,8,120.3,0,0,0,1,0,0,35,0,0,7,7,0,0.0,0,0,6,0,0,0.0,0,8.9,1.4,3.51,0.0,0,0.0,13,0.0
1,1,1,9070,1,1,153.0,1,3,3,1,2,146.7,1,0,0,1,0,0,18,0,0,6,6,6,13.666666666666666,0,0,6,6,5,14.0,0,12.7,3.7,-1.7,13.833333333333332,11,0.3333333333333339,12,0.9166666666666666
1,7,1,9130,1,3,140.0,1,2,38,2,3,140.0,1,0,0,0,1,0,18,0,2,5,7,2,13.0,0,0,5,5,0,0.0,0,12.7,3.7,-1.7,6.5,2,-13.0,10,0.2
1,17,6,9500,1,1,136.0,1,19,38,9,3,132.5,1,0,0,1,0,0,19,0,0,8,9,7,12.3,0,0,8,9,7,12.3,0,12.7,3.7,-1.7,12.3,14,0.0,16,0.875
1,1,4,9500,1,1,142.0,1,38,38,9,8,129.8,1,0,0,1,0,0,18,0,0,8,8,7,12.242857142857144,0,0,8,8,7,12.242857142857144,0,12.7,3.7,-1.7,12.242857142857144,14,0.0,16,0.875
1,1,1,9238,1,1,138.0,1,19,38,5,8,133.5,0,0,0,1,0,1,19,0,0,6,6,6,15.0,0,0,6,6,6,13.333333333333334,0,8.9,1.4,3.51,14.166666666666668,12,-1.666666666666666,12,1.0
1,1,6,9500,1,1,126.0,1,12,37,5,9,121.8,1,0,0,1,0,0,19,0,0,7,8,6,13.731666666666667,0,0,8,10,7,13.771428571428572,0,12.4,0.5,1.79,13.75154761904762,13,0.03976190476190489,15,0.8666666666666667
1,1,1,9070,1,1,130.0,1,38,37,3,6,135.6,1,0,0,1,0,1,19,0,0,6,9,5,12.0,0,0,6,10,2,11.333333333333334,0,8.9,1.4,3.51,11.666666666666668,7,-0.6666666666666661,12,0.5833333333333334
1,17,3,9853,1,1,133.1,1,34,34,0,0,115.0,0,0,0,1,0,0,18,0,0,6,10,2,10.5,0,0,6,13,0,0.0,0,7.6,2.6,0.32,5.25,2,-10.5,12,0.16666666666666666
1,1,2,9238,1,1,117.0,1,19,1,9,8,110.0,1,0,1,0,0,0,18,0,0,6,0,0,0.0,0,0,6,0,0,0.0,0,11.1,0.6,2.02,0.0,0,0.0,12,0.0
1,43,1,9991,0,1,130.0,1,37,37,9,9,119.5,1,0,0,1,0,0,22,0,9,15,17,15,11.2,0,9,14,15,14,12.428571428571429,0,7.6,2.6,0.32,11.814285714285713,29,1.2285714285714295,29,1.0
1,1,1,9500,1,1,149.0,1,37,37,9,9,138.0,0,0,0,1,1,0,18,0,0,8,11,6,13.496666666666668,1,0,8,11,6,13.496666666666668,1,9.4,-0.8,-3.12,13.496666666666668,12,0.0,16,0.75
1,18,1,9500,1,1,140.0,1,37,38,5,7,126.0,1,0,0,1,0,0,18,0,0,8,8,7,13.314285714285717,0,0,8,8,7,13.314285714285717,0,12.7,3.7,-1.7,13.314285714285717,14,0.0,16,0.875
1,18,1,9500,1,1,178.0,1,19,1,4,8,174.7,0,0,0,1,0,0,18,0,0,7,8,7,17.125,0,0,8,8,8,17.5875,0,13.9,-0.3,0.79,17.35625,15,0.4624999999999986,15,1.0
1,18,3,9853,1,1,128.0,1,38,37,5,9,116.8,1,0,0,0,1,0,19,0,0,6,10,4,12.0,0,0,6,12,0,0.0,0,10.8,1.4,1.74,6.0,4,-12.0,12,0.3333333333333333
1,1,1,9500,1,1,129.0,1,19,19,5,5,119.6,1,0,0,1,0,1,20,0,0,7,8,7,14.00375,0,0,8,11,7,13.812857142857142,0,15.5,2.8,-4.06,13.908303571428572,14,-0.19089285714285786,15,0.9333333333333333
1,39,1,9070,1,1,130.0,1,1,1,5,3,112.0,1,0,0,1,1,1,24,0,0,6,6,6,15.0,0,0,6,6,2,16.0,0,15.5,2.8,-4.06,15.5,8,1.0,12,0.6666666666666666
1,39,1,9070,1,1,130.0,1,1,19,4,4,110.0,1,0,0,1,0,0,24,0,0,6,6,6,15.166666666666666,0,0,6,6,2,15.5,0,15.5,2.8,-4.06,15.333333333333332,8,0.3333333333333339,12,0.6666666666666666
1,1,2,9254,1,1,131.0,1,4,3,7,4,126.1,1,0,0,1,0,0,18,0,0,6,8,6,12.142857142857142,0,0,6,6,6,11.166666666666666,0,8.9,1.4,3.51,11.654761904761905,12,-0.9761904761904763,12,1.0
1,1,1,171,1,1,151.0,1,37,37,9,7,147.5,1,0,0,1,0,0,18,0,0,0,0,0,0.0,0,0,0,0,0,0.0,0,7.6,2.6,0.32,0.0,0,0.0,0,0.0
1,1,4,9500,1,1,139.0,1,37,38,9,9,124.0,1,0,0,1,1,1,18,0,0,8,8,7,13.331428571428573,0,0,8,8,7,13.331428571428573,0,10.8,1.4,1.74,13.331428571428573,14,0.0,16,0.875
4,39,1,9003,1,19,133.1,1,37,37,9,9,110.0,0,0,0,1,1,0,49,0,6,12,17,7,12.0,0,3,12,19,9,11.22222222222222,0,15.5,2.8,-4.06,11.61111111111111,16,-0.7777777777777803,24,0.6666666666666666
1,1,6,9147,1,1,127.0,1,1,19,1,6,120.0,1,0,0,1,1,0,19,0,0,5,6,5,12.6,0,0,5,8,3,12.666666666666666,0,8.9,1.4,3.51,12.633333333333333,8,0.06666666666666643,10,0.8
1,39,1,9500,1,1,133.1,1,37,37,7,7,124.5,0,0,0,0,1,0,38,0,0,7,11,5,12.18,0,0,7,11,4,11.8125,0,11.1,0.6,2.02,11.99625,9,-0.3674999999999997,14,0.6428571428571429
1,1,1,9003,1,1,140.0,1,38,1,9,4,138.3,0,0,0,1,1,0,18,0,0,6,7,6,16.0,0,0,6,6,6,15.166666666666666,0,12.4,0.5,1.79,15.583333333333332,12,-0.8333333333333339,12,1.0
1,39,1,8014,0,2,130.0,1,37,37,5,7,147.5,0,0,0,1,0,0,39,0,7,11,13,11,14.454545454545457,0,6,8,8,8,13.5,0,12.7,3.7,-1.7,13.977272727272728,19,-0.9545454545454568,19,1.0
1,39,1,9991,0,1,133.1,1,37,37,90,8,128.2,0,0,0,1,0,0,33,0,0,5,0,0,0.0,0,0,5,0,0,0.0,0,12.7,3.7,-1.7,0.0,0,0.0,10,0.0
1,43,1,9070,1,1,117.0,1,1,1,4,7,112.5,1,0,0,1,1,0,19,0,3,6,7,3,11.666666666666666,0,1,6,13,4,10.333333333333334,0,13.9,-0.3,0.79,11.0,7,-1.3333333333333321,12,0.5833333333333334
1,1,1,9670,1,1,136.0,1,19,1,9,8,123.4,1,0,0,1,0,1,18,0,0,6,10,6,13.25,0,0,6,13,5,14.142857142857142,0,11.1,0.6,2.02,13.696428571428571,11,0.8928571428571423,12,0.9166666666666666
1,17,3,9500,1,1,143.0,1,38,1,9,5,133.8,1,0,0,1,0,0,18,0,0,7,7,6,13.033333333333331,0,0,7,7,6,13.033333333333331,0,7.6,2.6,0.32,13.033333333333331,12,0.0,14,0.8571428571428571
1,44,1,9003,1,39,130.0,1,1,37,6,6,130.0,1,0,0,1,1,0,20,0,0,6,14,5,11.714285714285714,0,0,6,15,5,12.0,0,16.2,0.3,-0.92,11.857142857142858,10,0.2857142857142865,12,0.8333333333333334
1,43,1,9991,0,1,100.0,1,37,19,9,4,130.0,0,0,0,1,1,0,40,0,1,5,6,4,10.25,0,3,8,18,5,11.2,5,15.5,2.8,-4.06,10.725,9,0.9499999999999993,13,0.6923076923076923
1,44,1,9130,1,39,150.0,1,37,37,9,3,150.0,1,0,0,1,1,0,21,0,1,6,8,6,12.5,0,0,6,11,3,13.333333333333334,0,13.9,-0.3,0.79,12.916666666666668,9,0.8333333333333339,12,0.75
1,1,1,9070,1,1,124.0,1,37,19,9,4,121.2,0,0,0,1,1,1,20,0,1,6,7,6,13.5,0,1,6,9,5,12.5,0,10.8,1.4,1.74,13.0,11,-1.0,12,0.9166666666666666
1,17,1,9254,1,1,119.0,1,37,37,5,4,118.0,1,0,0,1,1,0,19,0,0,6,13,2,10.5,0,0,6,11,1,12.0,0,10.8,1.4,1.74,11.25,3,1.5,12,0.25
1,39,1,9670,1,1,140.0,1,38,37,7,7,105.2,0,0,0,1,1,0,29,0,0,6,7,1,14.0,0,0,6,6,0,0.0,0,16.2,0.3,-0.92,7.0,1,-14.0,12,0.08333333333333333
1,17,1,9500,1,1,131.0,1,19,37,9,9,123.8,1,0,0,1,0,0,19,0,0,7,0,0,0.0,0,0,8,0,0,0.0,0,15.5,2.8,-4.06,0.0,0,0.0,15,0.0
1,44,1,9853,1,39,150.0,1,3,37,2,7,150.0,0,0,0,1,0,0,19,0,0,6,0,0,0.0,0,0,6,0,0,0.0,0,12.4,0.5,1.79,0.0,0,0.0,12,0.0
1,42,1,9238,1,1,133.1,1,1,19,4,9,134.0,0,0,0,1,0,0,21,0,10,13,21,11,13.272727272727272,0,6,11,13,9,13.0,0,7.6,2.6,0.32,13.136363636363637,20,-0.2727272727272716,24,0.8333333333333334
1,43,1,9670,1,1,141.0,1,3,2,2,2,133.3,1,0,0,1,1,0,18,0,0,6,13,4,13.75,0,0,6,8,5,11.2,0,13.9,-0.3,0.79,12.475,9,-2.5500000000000007,12,0.75
1,1,1,9500,1,1,132.0,1,19,2,9,3,126.0,1,0,0,1,0,0,19,0,0,7,7,6,12.183333333333332,0,0,7,7,6,12.183333333333332,0,7.6,2.6,0.32,12.183333333333332,12,0.0,14,0.8571428571428571
1,17,1,9500,1,1,130.0,1,1,3,9,2,128.6,1,0,0,1,0,0,18,0,0,7,7,7,14.728571428571428,0,0,8,11,8,16.327272727272728,0,16.2,0.3,-0.92,15.527922077922078,15,1.5987012987013003,15,1.0
1,17,1,171,1,1,130.0,1,3,1,9,9,126.9,1,0,0,1,0,0,20,0,0,0,0,0,0.0,0,0,0,0,0,0.0,0,12.7,3.7,-1.7,0.0,0,0.0,0,0.0
1,44,1,9003,1,39,170.0,1,19,19,9,7,170.0,1,0,1,1,1,0,21,0,0,6,7,6,15.285714285714286,0,0,6,6,6,15.166666666666666,0,12.4,0.5,1.79,15.226190476190476,12,-0.1190476190476204,12,1.0
1,1,1,9991,0,1,130.0,1,2,37,3,9,131.4,0,0,0,1,1,0,34,0,0,5,6,5,12.4,0,0,5,9,5,13.428571428571429,0,13.9,-0.3,0.79,12.914285714285715,10,1.0285714285714285,10,1.0
1,2,1,9147,1,1,150.0,1,37,37,9,9,122.0,1,0,0,1,0,0,29,0,13,15,19,13,11.76923076923077,0,12,14,17,14,11.928571428571429,0,9.4,-0.8,-3.12,11.848901098901099,27,0.15934065934065877,29,0.9310344827586207
1,1,3,9119,1,1,113.0,1,4,38,2,7,107.4,1,0,0,1,1,0,18,0,0,5,8,5,14.0,0,0,5,6,5,13.2,0,8.9,1.4,3.51,13.6,10,-0.8000000000000007,10,1.0
1,1,3,9500,1,1,137.0,1,38,38,5,7,122.7,1,0,0,1,0,1,18,0,0,7,8,7,13.778571428571428,0,0,8,10,8,13.122222222222222,0,16.2,0.3,-0.92,13.450396825396826,15,-0.6563492063492067,15,1.0
1,17,6,9147,1,1,120.0,1,37,38,9,9,115.5,1,0,1,0,1,0,19,0,0,5,8,4,12.5,0,0,5,9,5,10.5,0,8.9,1.4,3.51,11.5,9,-2.0,10,0.9
1,1,1,171,1,1,159.0,1,3,3,2,2,165.7,1,0,0,1,1,0,18,0,0,0,0,0,0.0,0,0,0,0,0,0.0,0,9.4,-0.8,-3.12,0.0,0,0.0,0,0.0
1,1,1,9085,1,1,132.0,1,1,12,4,5,124.3,0,0,0,1,0,0,20,0,0,6,10,6,13.428571428571429,0,0,6,11,5,12.666666666666666,0,13.9,-0.3,0.79,13.047619047619047,11,-0.7619047619047628,12,0.9166666666666666
1,1,5,9500,1,1,125.0,1,1,1,3,8,115.6,1,0,0,1,0,0,18,0,0,7,9,6,12.183333333333332,0,0,7,9,6,11.783333333333331,0,16.2,0.3,-0.92,11.98333333333333,12,-0.40000000000000036,14,0.8571428571428571
2,39,1,171,1,19,100.0,1,37,37,9,9,139.0,0,0,0,1,1,0,36,0,0,0,0,0,0.0,0,0,0,0,0,0.0,0,10.8,1.4,1.74,0.0,0,0.0,0,0.0
1,7,1,9119,1,3,150.0,1,3,2,2,2,150.0,0,0,0,1,0,0,35,0,0,5,0,0,0.0,0,0,5,0,0,0.0,0,13.9,-0.3,0.79,0.0,0,0.0,10,0.0
2,39,1,9991,0,1,133.1,1,37,37,5,8,133.2,0,0,0,0,1,0,43,0,0,5,13,2,11.5,0,0,5,12,3,10.8,0,13.9,-0.3,0.79,11.15,5,-0.6999999999999993,10,0.5
1,1,6,9500,1,1,119.0,1,1,1,4,4,115.0,1,0,0,1,1,1,20,0,0,7,14,1,13.0,0,0,7,15,0,0.0,0,11.1,0.6,2.02,6.5,1,-13.0,14,0.07142857142857142
1,7,1,9003,1,3,130.0,1,38,37,5,6,130.0,0,0,0,1,0,0,32,0,0,6,7,0,0.0,0,0,6,6,0,0.0,0,12.4,0.5,1.79,0.0,0,0.0,12,0.0
1,39,1,8014,0,1,120.0,1,1,1,4,4,150.5,0,0,0,1,0,0,27,0,0,6,6,6,12.5,0,1,6,6,6,12.333333333333334,0,15.5,2.8,-4.06,12.416666666666668,12,-0.16666666666666607,12,1.0
1,17,1,9070,1,1,126.0,1,19,38,9,7,118.7,0,0,0,1,0,0,18,0,0,6,7,5,11.8,0,0,6,6,6,12.666666666666666,0,16.2,0.3,-0.92,12.233333333333334,11,0.8666666666666654,12,0.9166666666666666
1,18,1,9556,1,1,133.1,1,3,19,2,8,106.0,1,0,0,1,1,0,21,0,0,7,8,7,12.375,0,0,7,11,5,12.583333333333334,0,8.9,1.4,3.51,12.479166666666668,12,0.20833333333333393,14,0.8571428571428571
1,39,1,8014,0,38,133.1,1,1,1,4,4,107.5,0,0,1,0,1,0,29,0,0,6,6,0,0.0,0,0,5,5,0,0.0,0,8.9,1.4,3.51,0.0,0,0.0,11,0.0
1,17,2,9254,1,1,108.0,1,37,37,9,7,108.0,1,0,0,1,0,1,20,0,0,6,10,4,11.6,0,0,6,10,4,11.75,0,12.7,3.7,-1.7,11.675,8,0.15000000000000036,12,0.6666666666666666
1,1,6,9500,1,1,145.0,1,38,37,5,6,127.5,1,0,0,1,0,1,19,0,0,7,7,6,13.416666666666666,0,0,7,7,6,13.416666666666666,0,7.6,2.6,0.32,13.416666666666666,12,0.0,14,0.8571428571428571
1,17,2,9670,1,1,123.0,1,3,1,3,1,116.7,0,0,0,1,0,0,19,0,0,5,5,5,13.4,0,0,5,5,5,14.0,0,9.4,-0.8,-3.12,13.7,10,0.5999999999999996,10,1.0
1,1,2,9991,0,1,123.0,1,1,3,4,2,113.2,0,0,0,0,1,0,22,0,0,5,7,3,11.666666666666666,0,0,5,8,2,10.5,2,7.6,2.6,0.32,11.083333333333332,5,-1.166666666666666,10,0.5
1,1,2,9773,1,1,122.0,1,37,37,9,9,130.8,1,0,0,1,0,0,18,0,0,6,14,4,11.25,0,0,6,9,5,13.0,0,9.4,-0.8,-3.12,12.125,9,1.75,12,0.75
1,17,6,9147,1,1,130.0,1,37,37,9,9,110.4,1,0,0,1,1,0,25,0,13,15,15,13,10.76923076923077,0,11,14,15,12,11.833333333333334,0,7.6,2.6,0.32,11.301282051282051,25,1.0641025641025639,29,0.8620689655172413
1,1,1,9853,1,1,133.1,1,34,34,0,0,142.8,0,0,0,1,1,0,20,0,0,6,12,0,0.0,0,0,6,12,0,0.0,0,7.6,2.6,0.32,0.0,0,0.0,12,0.0
1,39,1,9119,1,10,133.1,1,34,37,0,0,128.8,1,0,0,1,1,0,43,0,0,5,0,0,0.0,0,0,5,0,0,0.0,0,7.6,2.6,0.32,0.0,0,0.0,10,0.0
1,17,5,9085,1,1,118.0,1,1,38,4,7,122.2,1,0,0,1,0,1,20,0,0,6,7,6,15.428571428571429,0,0,6,7,6,13.5,0,13.9,-0.3,0.79,14.464285714285715,12,-1.9285714285714288,12,1.0
1,44,1,9085,1,1,130.0,1,1,1,4,3,130.0,1,0,0,1,0,0,20,0,0,6,13,5,11.8,0,0,6,19,4,12.0,0,12.4,0.5,1.79,11.9,9,0.1999999999999993,12,0.75
1,17,1,9119,1,1,122.0,1,19,19,9,9,114.7,0,0,0,1,1,0,20,0,0,5,6,5,15.8,0,0,5,8,5,13.714285714285714,0,11.1,0.6,2.02,14.757142857142856,10,-2.085714285714287,10,1.0
1,17,4,9670,1,1,120.0,1,1,19,5,5,117.2,1,0,0,1,0,0,18,0,0,6,8,6,11.875,0,0,6,11,4,14.6,0,11.1,0.6,2.02,13.2375,10,2.7249999999999996,12,0.8333333333333334
1,39,1,9500,1,1,100.0,1,3,1,2,5,121.3,1,0,0,1,0,0,34,0,0,8,11,7,11.705714285714285,0,0,8,11,7,11.705714285714285,0,10.8,1.4,1.74,11.705714285714285,14,0.0,16,0.875
1,1,1,9238,1,1,130.0,1,38,38,7,7,136.3,1,0,0,1,1,0,18,0,0,6,8,6,12.5,0,0,6,7,6,11.5,0,10.8,1.4,1.74,12.0,12,-1.0,12,1.0
2,39,1,9130,1,1,150.0,1,19,19,4,4,130.0,0,0,0,0,1,0,31,0,0,4,12,2,11.0,2,0,5,9,3,11.666666666666666,0,9.4,-0.8,-3.12,11.333333333333332,5,0.6666666666666661,9,0.5555555555555556
2,39,1,9991,0,1,110.0,1,34,34,0,0,114.6,1,0,0,1,0,0,46,0,0,5,5,0,0.0,0,0,5,5,0,0.0,0,7.6,2.6,0.32,0.0,0,0.0,10,0.0
1,44,1,9070,1,39,120.0,1,3,38,3,9,120.0,0,0,0,1,1,0,20,0,2,7,7,6,12.5,0,5,9,10,7,13.142857142857142,1,16.2,0.3,-0.92,12.821428571428571,13,0.6428571428571423,16,0.8125
1,1,1,9670,1,1,141.0,1,1,1,5,9,126.3,0,0,0,1,1,1,18,0,0,6,8,6,12.166666666666666,0,0,6,7,5,13.0,0,13.9,-0.3,0.79,12.583333333333332,11,0.8333333333333339,12,0.9166666666666666
1,39,1,8014,0,1,133.1,1,34,34,0,0,100.0,1,0,0,1,0,0,27,0,0,6,11,4,12.25,0,0,6,16,3,12.0,0,7.6,2.6,0.32,12.125,7,-0.25,12,0.5833333333333334
1,1,1,9085,1,1,120.0,1,37,37,9,1,123.2,0,0,0,1,0,0,20,0,0,5,8,5,14.166666666666666,2,0,5,6,4,11.75,2,9.4,-0.8,-3.12,12.958333333333332,9,-2.416666666666666,10,0.9
1,18,6,9500,1,1,140.0,1,3,19,3,8,129.0,1,0,0,1,0,0,21,0,0,8,8,7,12.414285714285716,0,0,8,8,7,12.414285714285716,0,12.7,3.7,-1.7,12.414285714285716,14,0.0,16,0.875
2,39,1,9991,0,9,133.1,1,34,34,0,0,118.4,0,0,0,0,0,0,39,0,0,5,5,0,0.0,0,0,5,5,0,0.0,0,7.6,2.6,0.32,0.0,0,0.0,10,0.0
1,1,2,9773,1,1,120.0,105,1,1,9,9,119.0,1,0,1,0,0,0,18,1,0,6,6,6,12.0,0,0,6,6,2,11.0,0,11.1,0.6,2.02,11.5,8,-1.0,12,0.6666666666666666
1,1,1,9147,1,1,160.0,1,9,19,4,3,151.3,0,0,0,1,0,0,23,0,0,5,8,3,10.666666666666666,0,0,5,8,5,11.6,0,7.6,2.6,0.32,11.133333333333333,8,0.9333333333333336,10,0.8
1,17,1,9773,1,1,144.0,1,19,19,4,4,130.7,1,0,0,1,0,0,20,0,0,6,9,6,11.666666666666666,0,0,6,8,5,11.6,0,7.6,2.6,0.32,11.633333333333333,11,-0.06666666666666643,12,0.9166666666666666
1,17,4,9853,1,1,122.0,1,38,37,9,9,118.9,1,0,0,1,0,0,20,0,0,6,7,6,12.666666666666666,0,0,6,7,5,13.0,0,7.6,2.6,0.32,12.833333333333332,11,0.3333333333333339,12,0.9166666666666666
1,1,3,9085,1,1,140.0,1,10,19,90,90,135.8,1,0,0,1,0,0,18,0,0,5,6,5,13.333333333333334,0,0,5,7,4,14.8,0,7.6,2.6,0.32,14.066666666666666,9,1.4666666666666668,10,0.9
1,17,4,9670,1,1,126.0,1,1,1,4,7,115.2,0,0,0,0,0,0,19,0,0,6,7,3,12.666666666666666,0,0,6,10,5,13.125,0,10.8,1.4,1.74,12.895833333333332,8,0.4583333333333339,12,0.6666666666666666
1,1,2,9773,1,1,144.0,1,3,3,3,2,140.2,1,0,0,1,0,0,20,0,0,6,0,0,0.0,0,0,6,0,0,0.0,0,16.2,0.3,-0.92,0.0,0,0.0,12,0.0
1,7,1,9070,1,3,133.1,1,3,5,2,2,120.0,1,0,0,1,0,0,32,0,0,3,3,2,16.0,0,0,3,3,1,16.0,0,7.6,2.6,0.32,16.0,3,0.0,6,0.5
1,1,4,9500,1,1,160.0,1,37,37,7,7,133.0,1,0,0,1,1,1,18,0,0,8,8,7,14.314285714285717,0,0,8,8,7,14.314285714285717,0,12.7,3.7,-1.7,14.314285714285717,14,0.0,16,0.875
1,18,3,9070,1,1,142.0,1,1,37,4,7,130.8,1,0,0,0,1,0,19,0,0,6,0,0,0.0,0,0,6,0,0,0.0,0,12.7,3.7,-1.7,0.0,0,0.0,12,0.0
2,7,1,9147,1,3,140.0,1,37,37,9,9,140.0,0,0,0,1,0,0,23,0,0,5,0,0,0.0,0,0,5,0,0,0.0,0,7.6,2.6,0.32,0.0,0,0.0,10,0.0
1,39,1,9670,1,1,133.1,1,1,1,4,4,112.9,0,0,0,1,0,0,24,0,0,6,12,2,11.666666666666666,0,0,6,20,2,10.5,6,16.2,0.3,-0.92,11.083333333333332,4,-1.166666666666666,12,0.3333333333333333
1,1,1,9773,1,1,137.0,1,1,1,5,5,129.3,1,0,0,1,1,0,18,0,0,6,6,6,13.666666666666666,0,0,6,6,6,14.5,0,12.7,3.7,-1.7,14.083333333333332,12,0.8333333333333339,12,1.0
2,39,1,9991,0,12,133.1,1,37,34,90,90,110.7,1,0,0,1,0,0,50,0,0,5,0,0,0.0,0,0,5,0,0,0.0,0,7.6,2.6,0.32,0.0,0,0.0,10,0.0
1,1,1,9500,1,1,162.0,1,3,4,3,3,154.1,0,0,0,1,0,0,18,0,0,7,7,7,14.45,0,0,8,9,8,14.144444444444444,0,11.1,0.6,2.02,14.29722222222222,15,-0.30555555555555536,15,1.0
2,1,1,9991,0,3,160.0,1,1,3,4,9,137.3,0,0,0,1,0,0,23,0,0,5,5,5,10.8,0,0,5,9,4,11.5,0,9.4,-0.8,-3.12,11.15,9,0.6999999999999993,10,0.9
1,17,1,8014,0,1,120.0,1,38,37,6,6,113.0,0,0,0,1,0,1,24,0,0,6,11,4,12.0,0,0,6,7,6,13.0,0,10.8,1.4,1.74,12.5,10,1.0,12,0.8333333333333334
1,18,1,9500,1,1,130.0,1,37,38,7,8,119.3,1,0,0,1,0,1,19,0,0,8,8,7,11.4,0,0,8,8,7,11.4,0,10.8,1.4,1.74,11.4,14,0.0,16,0.875
1,17,1,9147,1,1,116.0,1,38,2,9,2,112.2,1,0,0,1,0,0,20,0,0,5,8,3,11.333333333333334,0,0,5,12,2,10.666666666666666,0,10.8,1.4,1.74,11.0,5,-0.6666666666666679,10,0.5
1,7,1,9500,1,3,140.0,1,37,37,4,4,140.0,0,0,0,1,0,0,25,0,0,8,8,7,14.805714285714286,0,0,8,8,7,14.805714285714286,0,10.8,1.4,1.74,14.805714285714286,14,0.0,16,0.875
1,1,1,9853,1,1,162.0,1,37,19,9,8,142.8,0,0,1,1,0,0,18,0,0,6,10,5,13.0,0,0,6,10,4,11.5,0,12.7,3.7,-1.7,12.25,9,-1.5,12,0.75
1,39,1,33,1,1,100.0,41,38,37,9,8,100.0,0,0,1,0,1,0,35,1,0,7,18,3,11.25,0,0,7,7,0,0.0,0,16.2,0.3,-0.92,5.625,3,-11.25,14,0.21428571428571427
1,39,1,9119,1,1,160.0,1,38,37,7,7,129.0,0,0,0,1,1,0,24,0,0,5,9,0,0.0,0,0,5,8,2,14.5,2,7.6,2.6,0.32,7.25,2,14.5,10,0.2
1,39,1,9853,1,1,140.0,1,19,1,9,4,128.2,0,0,0,0,0,0,30,0,0,6,0,0,0.0,0,0,6,0,0,0.0,0,12.7,3.7,-1.7,0.0,0,0.0,12,0.0
1,1,1,9238,1,1,141.0,1,38,1,5,7,132.6,0,0,0,1,0,1,18,0,0,6,7,6,13.285714285714286,0,0,6,6,6,14.333333333333334,0,12.4,0.5,1.79,13.80952380952381,12,1.0476190476190474,12,1.0
1,1,5,9500,1,1,122.0,1,37,3,9,2,116.8,1,0,0,1,0,0,20,0,0,7,8,6,13.271428571428572,0,0,8,8,7,14.471428571428572,0,13.9,-0.3,0.79,13.871428571428572,13,1.1999999999999993,15,0.8666666666666667
1,1,1,9670,1,1,117.0,1,1,38,3,9,109.3,0,0,1,0,0,1,19,0,0,6,7,5,12.0,0,0,6,9,4,12.5,0,12.4,0.5,1.79,12.25,9,0.5,12,0.75
1,1,6,9500,1,1,151.0,1,3,1,2,1,129.8,1,0,0,1,1,0,18,0,0,8,10,8,13.05375,2,0,8,10,8,13.05375,2,9.4,-0.8,-3.12,13.05375,16,0.0,16,1.0
2,39,1,9238,1,42,170.0,1,19,38,8,8,159.5,0,0,0,1,1,0,33,0,0,6,6,0,0.0,0,0,5,5,0,0.0,0,8.9,1.4,3.51,0.0,0,0.0,11,0.0
1,43,2,9500,1,1,130.0,1,38,37,4,4,126.8,1,0,0,1,1,1,28,0,18,23,23,20,13.5,3,18,23,23,20,13.5,3,7.6,2.6,0.32,13.5,40,0.0,46,0.8695652173913043
1,17,5,9773,1,1,134.0,1,1,19,9,5,121.8,1,0,0,1,1,0,19,0,0,6,6,6,13.166666666666666,0,0,6,8,6,12.428571428571429,0,16.2,0.3,-0.92,12.797619047619047,12,-0.7380952380952372,12,1.0
1,1,1,9147,1,1,134.0,1,3,19,2,10,128.8,0,0,0,1,0,0,18,0,0,5,10,5,13.375,0,0,5,9,5,14.166666666666666,0,13.9,-0.3,0.79,13.770833333333332,10,0.7916666666666661,10,1.0
2,39,1,9991,0,1,120.0,1,37,37,9,9,119.9,0,0,0,1,0,0,50,0,0,5,9,2,10.5,0,0,5,7,3,11.0,0,12.7,3.7,-1.7,10.75,5,0.5,10,0.5
1,1,2,9556,1,1,133.1,1,19,19,9,9,104.5,1,0,0,1,0,0,21,0,0,2,2,2,12.5,0,0,7,0,0,0.0,0,12.4,0.5,1.79,6.25,2,-12.5,9,0.2222222222222222
1,1,1,9085,1,1,133.1,1,37,38,7,5,106.0,1,0,0,1,0,1,21,0,0,6,13,6,16.153846153846153,0,0,6,10,6,15.75,0,15.5,2.8,-4.06,15.951923076923077,12,-0.4038461538461533,12,1.0
1,17,1,9070,1,1,135.0,1,37,19,9,9,125.2,1,0,0,1,0,0,19,0,0,6,6,6,14.333333333333334,0,0,6,6,6,13.5,0,12.7,3.7,-1.7,13.916666666666668,12,-0.8333333333333339,12,1.0
1,43,1,9070,1,1,150.0,1,2,3,3,2,140.8,0,0,0,1,0,0,19,0,1,6,6,5,12.4,0,0,6,8,6,12.75,0,10.8,1.4,1.74,12.575,11,0.34999999999999964,12,0.9166666666666666
1,1,2,9773,1,1,108.0,1,38,38,7,7,115.0,1,0,1,0,0,0,20,0,0,6,0,0,0.0,0,0,6,0,0,0.0,0,8.9,1.4,3.51,0.0,0,0.0,12,0.0
1,1,2,9147,1,1,130.0,1,37,38,7,9,117.8,0,0,1,1,0,1,19,0,0,5,11,2,11.5,0,0,5,10,0,0.0,0,12.7,3.7,-1.7,5.75,2,-11.5,10,0.2
1,1,1,9670,1,1,131.0,1,37,37,9,6,127.2,0,0,0,1,0,1,18,0,0,5,7,3,12.666666666666666,0,0,5,5,4,12.5,0,9.4,-0.8,-3.12,12.583333333333332,7,-0.16666666666666607,10,0.7
1,43,1,9238,1,1,117.0,1,34,34,0,0,109.3,0,0,0,1,0,0,30,0,9,16,19,15,12.266666666666667,0,11,13,14,13,12.071428571428571,0,9.4,-0.8,-3.12,12.16904761904762,28,-0.19523809523809632,29,0.9655172413793104
1,1,2,9853,1,1,127.0,1,37,19,9,8,137.5,1,0,0,1,0,0,21,0,0,6,7,6,13.428571428571429,0,0,6,8,6,13.142857142857142,0,7.6,2.6,0.32,13.285714285714285,12,-0.2857142857142865,12,1.0
1,44,1,9085,1,39,140.0,1,1,1,4,7,140.0,1,0,1,1,0,0,22,0,2,6,9,6,12.0,0,1,6,12,3,12.0,0,13.9,-0.3,0.79,12.0,9,0.0,12,0.75
1,1,3,9238,1,1,137.0,62,1,1,9,9,129.3,0,0,0,1,0,1,21,1,0,6,8,6,13.875,0,0,6,7,6,14.142857142857142,0,16.2,0.3,-0.92,14.008928571428571,12,0.26785714285714235,12,1.0
1,1,1,9556,1,1,118.0,1,19,38,9,9,116.3,1,0,0,1,0,1,20,0,0,7,10,7,11.88888888888889,0,0,8,10,8,11.95625,0,12.7,3.7,-1.7,11.922569444444445,15,0.06736111111111143,15,1.0
1,1,1,171,1,1,136.0,1,3,3,1,2,152.5,1,0,0,1,0,0,20,0,0,0,0,0,0.0,0,0,0,0,0,0.0,0,13.9,-0.3,0.79,0.0,0,0.0,0,0.0
1,1,1,9238,1,1,121.0,1,1,1,1,1,115.1,1,0,0,1,0,0,19,0,0,6,10,6,10.833333333333334,0,0,6,7,6,12.142857142857142,0,11.1,0.6,2.02,11.488095238095237,12,1.3095238095238084,12,1.0
1,1,1,9853,1,1,153.0,1,19,37,9,9,153.7,0,0,0,1,0,1,18,0,0,6,8,6,13.142857142857142,0,0,6,6,6,12.833333333333334,0,15.5,2.8,-4.06,12.988095238095237,12,-0.3095238095238084,12,1.0
1,53,1,9670,1,42,110.0,1,1,19,9,9,114.2,0,0,0,1,1,1,23,0,0,6,7,5,13.0,0,0,6,7,6,12.857142857142858,0,8.9,1.4,3.51,12.928571428571429,11,-0.14285714285714235,12,0.9166666666666666
1,17,1,9130,1,1,123.0,1,19,3,3,2,121.6,1,0,1,1,0,1,19,0,0,5,7,0,0.0,0,0,5,5,0,0.0,0,7.6,2.6,0.32,0.0,0,0.0,10,0.0
1,1,1,9130,1,1,140.0,1,4,3,3,3,127.8,0,0,0,1,1,0,18,0,0,6,7,6,14.285714285714286,0,0,6,9,6,14.857142857142858,0,11.1,0.6,2.02,14.571428571428573,12,0.5714285714285712,12,1.0
1,1,6,9500,1,1,133.0,1,1,1,9,9,119.7,1,1,1,1,1,0,19,0,2,7,8,7,13.075,0,1,8,11,8,12.36111111111111,0,12.4,0.5,1.79,12.718055555555555,15,-0.7138888888888886,15,1.0
4,39,1,9254,1,1,140.0,1,38,37,9,9,112.0,0,0,1,1,0,0,45,0,4,10,12,5,12.166666666666666,4,2,8,8,0,0.0,2,12.7,3.7,-1.7,6.083333333333333,5,-12.166666666666666,18,0.2777777777777778
1,1,3,9670,1,1,126.0,1,37,37,0,0,136.5,1,0,0,1,0,0,18,0,0,5,7,3,12.0,0,0,5,7,4,13.25,1,7.6,2.6,0.32,12.625,7,1.25,10,0.7
1,44,1,9130,1,39,150.0,1,37,37,6,6,150.0,1,0,0,1,1,0,22,0,0,5,7,4,14.5,0,0,5,5,5,14.6,0,10.8,1.4,1.74,14.55,9,0.09999999999999964,10,0.9
1,53,1,9085,1,42,160.0,1,1,19,4,6,155.7,1,0,0,1,0,0,27,0,7,12,17,11,14.727272727272728,0,4,9,10,7,14.142857142857142,0,8.9,1.4,3.51,14.435064935064936,18,-0.584415584415586,21,0.8571428571428571
1,1,3,9500,1,1,132.0,1,38,38,9,9,119.3,1,0,0,1,0,0,19,0,0,8,8,7,11.98857142857143,0,0,8,8,7,11.98857142857143,0,10.8,1.4,1.74,11.98857142857143,14,0.0,16,0.875
1,39,1,9500,1,19,133.1,1,1,19,4,10,111.8,1,0,0,1,0,0,27,0,0,7,0,0,0.0,0,0,8,0,0,0.0,0,11.1,0.6,2.02,0.0,0,0.0,15,0.0
1,39,2,9147,1,1,143.0,1,19,5,4,1,100.0,1,0,0,1,1,0,24,0,0,5,8,3,10.666666666666666,1,0,5,5,1,14.0,0,9.4,-0.8,-3.12,12.333333333333332,4,3.333333333333334,10,0.4
1,1,5,9500,1,1,127.0,1,19,19,7,8,120.3,1,0,0,1,0,1,18,0,0,8,8,7,12.694285714285714,0,0,8,8,7,12.694285714285714,0,10.8,1.4,1.74,12.694285714285714,14,0.0,16,0.875
1,1,1,9500,1,1,135.0,1,38,19,194,193,135.4,1,0,0,1,1,0,21,0,0,7,9,6,12.565,0,0,8,12,5,12.16,0,11.1,0.6,2.02,12.3625,11,-0.40499999999999936,15,0.7333333333333333
1,39,1,9254,1,1,150.0,1,37,37,9,9,115.0,0,0,0,1,1,0,36,0,0,6,8,6,13.571428571428571,0,0,6,9,5,13.2,0,12.7,3.7,-1.7,13.385714285714286,11,-0.3714285714285719,12,0.9166666666666666
1,43,1,9991,0,1,130.0,1,37,37,9,9,124.0,0,0,0,1,1,0,31,0,1,5,6,5,13.833333333333334,0,0,5,7,5,15.4,0,9.4,-0.8,-3.12,14.616666666666667,10,1.5666666666666664,10,1.0
1,44,1,9119,1,39,160.0,1,3,38,2,3,160.0,0,0,1,0,1,0,24,0,2,6,6,2,16.0,0,2,7,7,2,16.0,0,8.9,1.4,3.51,16.0,4,0.0,13,0.3076923076923077
1,1,4,9670,1,1,125.0,1,4,19,2,5,118.0,1,0,0,1,0,0,19,0,0,6,7,6,14.428571428571429,0,0,6,8,6,15.0,2,16.2,0.3,-0.92,14.714285714285715,12,0.5714285714285712,12,1.0
1,17,1,9254,1,1,127.0,1,3,19,4,4,116.9,0,0,0,1,1,0,21,0,0,6,7,5,11.0,0,0,6,7,5,12.4,0,15.5,2.8,-4.06,11.7,10,1.4000000000000004,12,0.8333333333333334
1,1,1,9254,1,1,133.0,1,19,9,0,0,121.5,1,0,0,1,0,1,20,0,0,6,12,0,0.0,0,0,6,12,0,0.0,0,7.6,2.6,0.32,0.0,0,0.0,12,0.0
4,39,1,9238,1,1,120.0,1,37,37,9,9,125.5,1,0,0,1,0,1,39,0,0,6,7,6,14.0,0,0,6,7,5,14.8,0,12.7,3.7,-1.7,14.4,11,0.8000000000000007,12,0.9166666666666666
1,1,1,9670,1,1,132.0,1,1,19,7,5,129.9,1,0,0,1,1,0,20,0,0,6,10,6,12.714285714285714,0,0,6,8,4,13.0,0,12.4,0.5,1.79,12.857142857142858,10,0.2857142857142865,12,0.8333333333333334
1,17,1,9085,1,1,129.0,1,1,37,9,9,118.2,1,0,0,1,0,1,18,0,0,5,7,4,13.25,0,0,5,8,5,15.571428571428571,0,10.8,1.4,1.74,14.410714285714285,9,2.321428571428571,10,0.9
1,39,1,9991,0,19,133.1,1,2,1,2,4,100.0,0,0,0,1,1,0,24,0,0,5,7,0,0.0,0,0,5,7,0,0.0,0,16.2,0.3,-0.92,0.0,0,0.0,10,0.0
1,1,1,9254,1,1,128.0,1,19,38,9,9,127.0,0,0,0,1,0,0,19,0,0,6,6,6,12.0,0,0,6,7,4,12.75,0,12.4,0.5,1.79,12.375,10,0.75,12,0.8333333333333334
1,53,1,9085,1,42,150.0,1,1,19,3,8,150.3,1,0,0,1,1,1,21,0,7,11,15,9,14.22222222222222,0,4,9,15,7,13.75,0,8.9,1.4,3.51,13.98611111111111,16,-0.47222222222221966,20,0.8
1,39,1,9670,1,1,120.0,1,11,11,90,4,114.0,1,0,0,1,1,0,29,0,0,5,10,3,11.666666666666666,0,0,5,8,4,11.25,0,7.6,2.6,0.32,11.458333333333332,7,-0.4166666666666661,10,0.7
1,53,1,9147,1,42,130.0,1,1,19,143,172,133.8,1,0,0,1,0,0,21,0,6,11,17,11,11.545454545454543,0,3,9,13,8,12.88888888888889,0,8.9,1.4,3.51,12.217171717171716,19,1.343434343434346,20,0.95
1,1,1,9773,1,1,132.0,1,37,19,9,9,131.0,1,0,0,1,0,1,18,0,0,6,8,5,13.0,0,0,6,7,6,13.0,0,15.5,2.8,-4.06,13.0,11,0.0,12,0.9166666666666666
1,1,2,9085,1,1,120.0,1,38,1,9,3,118.3,1,0,0,1,0,0,20,0,0,5,11,5,12.333333333333334,2,0,5,7,5,12.6,0,9.4,-0.8,-3.12,12.466666666666667,10,0.2666666666666657,10,1.0
1,1,4,9254,1,1,105.0,1,1,19,9,6,106.1,1,0,0,1,0,0,20,0,0,6,8,5,11.0,0,0,6,9,5,11.4,0,13.9,-0.3,0.79,11.2,10,0.40000000000000036,12,0.8333333333333334
1,1,1,9130,1,1,160.0,1,3,3,1,2,149.2,0,0,0,1,1,0,18,0,0,5,7,4,14.0,0,0,5,5,5,14.2,0,7.6,2.6,0.32,14.1,9,0.1999999999999993,10,0.9
1,1,2,9070,1,1,152.0,101,2,1,9,1,168.5,1,0,0,1,1,0,21,1,0,6,7,5,14.6,0,0,6,6,5,14.2,0,16.2,0.3,-0.92,14.399999999999999,10,-0.40000000000000036,12,0.8333333333333334
1,5,1,171,1,1,137.0,1,3,19,1,10,144.7,1,0,0,1,1,0,20,0,0,0,0,0,0.0,0,0,0,0,0,0.0,0,16.2,0.3,-0.92,0.0,0,0.0,0,0.0
1,44,1,9003,1,39,120.0,1,38,19,3,5,120.0,0,0,0,1,1,0,23,0,0,6,6,0,0.0,0,0,6,8,0,0.0,0,15.5,2.8,-4.06,0.0,0,0.0,12,0.0
1,53,1,9003,1,42,130.0,1,1,38,9,6,128.5,0,0,0,1,1,0,21,0,7,12,20,10,12.7,0,5,12,14,11,12.181818181818182,0,8.9,1.4,3.51,12.440909090909091,21,-0.5181818181818176,24,0.875
1,1,6,9853,1,1,114.0,1,19,19,9,9,110.2,1,0,0,1,1,0,20,0,0,6,8,5,12.2,0,0,6,7,5,12.2,0,10.8,1.4,1.74,12.2,10,0.0,12,0.8333333333333334
1,18,2,9238,1,1,126.0,1,19,37,5,7,129.9,1,0,0,1,1,1,20,0,1,7,9,6,12.0,0,2,6,6,6,11.166666666666666,0,10.8,1.4,1.74,11.583333333333332,12,-0.8333333333333339,13,0.9230769230769231
1,17,3,9254,1,1,114.0,26,38,3,9,3,127.3,1,0,1,0,0,0,20,1,0,6,14,3,12.333333333333334,0,0,6,16,0,0.0,0,10.8,1.4,1.74,6.166666666666667,3,-12.333333333333334,12,0.25
1,39,1,9003,1,1,140.0,1,37,37,5,5,150.0,0,0,1,1,0,0,34,0,0,6,10,5,13.833333333333334,0,0,6,13,5,12.5,0,16.2,0.3,-0.92,13.166666666666668,10,-1.333333333333334,12,0.8333333333333334
1,1,1,9500,1,1,176.0,1,3,38,3,7,169.7,0,0,0,1,0,1,18,0,0,7,7,7,16.9,0,0,8,9,8,16.37777777777778,0,16.2,0.3,-0.92,16.63888888888889,15,-0.5222222222222186,15,1.0
1,1,1,9130,1,1,154.0,1,3,3,2,2,137.2,1,0,1,1,1,0,18,0,0,6,11,5,13.625,0,0,6,9,4,11.75,0,16.2,0.3,-0.92,12.6875,9,-1.875,12,0.75
1,1,2,9238,1,1,133.1,1,19,19,9,9,106.0,1,0,0,1,0,1,20,0,0,6,7,6,12.571428571428571,0,0,6,7,6,13.285714285714286,0,12.4,0.5,1.79,12.928571428571429,12,0.7142857142857153,12,1.0
1,18,1,9147,1,1,100.0,1,38,38,5,5,101.8,1,0,0,1,0,0,24,0,0,5,5,5,10.8,0,0,5,11,2,11.0,0,10.8,1.4,1.74,10.9,7,0.1999999999999993,10,0.7
1,17,1,9238,1,1,143.0,1,19,37,9,9,126.2,1,0,0,1,0,1,21,0,0,6,7,6,13.333333333333334,0,0,6,7,6,13.5,0,12.4,0.5,1.79,13.416666666666668,12,0.16666666666666607,12,1.0
1,1,2,9500,1,1,119.0,1,1,1,4,4,115.2,1,0,0,1,0,1,20,0,0,7,8,7,12.725,0,0,8,8,8,13.7125,0,13.9,-0.3,0.79,13.21875,15,0.9875000000000007,15,1.0
1,39,1,9085,1,1,140.0,1,37,19,191,163,129.3,1,0,1,1,0,0,28,0,0,6,17,0,0.0,0,0,6,6,0,0.0,0,8.9,1.4,3.51,0.0,0,0.0,12,0.0
1,18,1,9556,1,1,140.0,1,38,37,9,9,122.8,0,0,0,1,0,1,19,0,0,7,11,7,12.625,0,0,8,11,8,12.5125,0,12.7,3.7,-1.7,12.56875,15,-0.11250000000000071,15,1.0
1,39,1,9500,1,19,133.1,1,37,38,151,161,143.7,0,0,0,1,0,0,27,0,0,7,12,4,14.0,0,0,7,14,3,12.525,0,12.4,0.5,1.79,13.2625,7,-1.4749999999999996,14,0.5
1,1,1,9773,1,1,135.0,1,1,19,4,10,129.4,1,0,0,1,0,0,18,0,0,6,6,6,12.833333333333334,0,0,6,7,6,12.166666666666666,0,11.1,0.6,2.02,12.5,12,-0.6666666666666679,12,1.0
1,1,1,171,1,1,127.0,1,37,38,9,9,120.7,1,0,1,1,1,0,18,0,0,0,0,0,0.0,0,0,0,0,0,0.0,0,7.6,2.6,0.32,0.0,0,0.0,0,0.0
1,1,3,9254,1,1,118.0,1,1,19,9,9,111.7,1,0,0,1,0,0,19,0,0,6,6,6,12.5,0,0,6,6,6,12.166666666666666,0,12.4,0.5,1.79,12.333333333333332,12,-0.3333333333333339,12,1.0
1,17,2,9670,1,1,123.0,1,34,37,0,0,114.6,1,0,1,0,0,0,18,0,0,5,8,3,12.0,0,0,5,6,4,10.75,0,7.6,2.6,0.32,11.375,7,-1.25,10,0.7
1,18,3,9070,1,1,134.0,1,1,1,3,4,121.4,0,0,0,1,0,0,18,0,0,6,6,2,12.0,0,0,6,6,1,11.0,0,9.4,-0.8,-3.12,11.5,3,-1.0,12,0.25
1,1,1,9070,1,1,131.0,1,3,3,3,3,135.9,0,0,0,1,0,1,21,0,1,6,8,6,12.571428571428571,1,0,6,8,6,11.625,0,13.9,-0.3,0.79,12.098214285714285,12,-0.9464285714285712,12,1.0
2,39,1,9254,1,19,133.1,1,37,19,9,10,156.5,0,0,0,1,1,0,53,0,7,11,12,2,15.0,7,4,9,10,3,10.0,4,16.2,0.3,-0.92,12.5,5,-5.0,20,0.25
1,1,1,9147,1,1,124.0,1,38,38,9,9,115.6,0,0,0,1,1,1,20,0,0,5,8,5,12.375,0,0,5,7,5,11.666666666666666,0,13.9,-0.3,0.79,12.020833333333332,10,-0.7083333333333339,10,1.0
1,43,1,8014,0,10,100.0,1,34,34,0,0,113.0,1,0,0,1,0,0,30,0,3,9,11,9,12.666666666666666,0,2,7,7,7,12.142857142857142,0,7.6,2.6,0.32,12.404761904761905,16,-0.5238095238095237,16,1.0
1,1,1,9119,1,1,148.0,1,19,38,9,7,133.0,0,0,0,1,1,0,18,0,0,5,12,5,13.285714285714286,0,0,5,16,5,14.8,0,12.4,0.5,1.79,14.042857142857144,10,1.5142857142857142,10,1.0
1,17,2,9254,1,1,123.0,1,37,37,7,7,113.9,1,0,0,1,0,0,18,0,0,6,6,6,13.166666666666666,0,0,6,6,6,12.666666666666666,0,11.1,0.6,2.02,12.916666666666666,12,-0.5,12,1.0
1,42,1,9003,1,1,140.0,1,1,3,4,2,140.0,1,0,0,1,1,0,23,0,0,6,14,5,12.0,0,0,6,12,5,12.142857142857142,0,15.5,2.8,-4.06,12.071428571428571,10,0.14285714285714235,12,0.8333333333333334
1,39,1,9254,1,1,100.0,1,3,19,3,5,115.0,0,0,0,0,1,0,24,0,0,6,0,0,0.0,0,0,6,0,0,0.0,0,11.1,0.6,2.02,0.0,0,0.0,12,0.0
1,53,1,9085,1,42,140.0,1,1,3,4,2,142.8,1,0,0,0,0,1,20,0,7,12,15,11,13.384615384615383,0,4,9,13,7,14.285714285714286,0,8.9,1.4,3.51,13.835164835164836,18,0.9010989010989032,21,0.8571428571428571
1,1,1,9773,1,1,150.0,1,1,1,4,4,138.1,1,0,0,1,0,0,19,0,0,6,7,6,14.0,0,0,6,7,5,15.0,0,11.1,0.6,2.02,14.5,11,1.0,12,0.9166666666666666
1,1,1,9085,1,1,151.0,1,3,3,1,90,161.9,0,0,0,1,0,0,18,0,0,5,6,4,13.75,0,0,5,8,5,14.857142857142858,0,7.6,2.6,0.32,14.303571428571429,9,1.1071428571428577,10,0.9
1,17,1,9238,1,1,145.0,1,38,38,5,7,138.0,1,0,0,1,0,0,20,0,0,6,11,5,11.2,0,0,6,6,6,12.0,0,9.4,-0.8,-3.12,11.6,11,0.8000000000000007,12,0.9166666666666666
1,1,1,9853,1,1,132.0,1,2,19,4,4,125.0,1,0,0,1,0,0,18,0,0,6,9,5,12.6,0,0,6,8,5,11.4,0,9.4,-0.8,-3.12,12.0,10,-1.1999999999999993,12,0.8333333333333334
1,39,1,9991,0,1,150.0,1,37,38,175,103,127.0,0,0,0,1,1,0,34,0,0,5,5,5,15.8,0,0,5,5,5,16.8,0,8.9,1.4,3.51,16.3,10,1.0,10,1.0
1,43,1,9991,0,1,130.0,1,37,2,9,4,126.5,1,0,0,0,1,0,23,0,10,15,24,12,11.0,0,10,14,21,11,11.363636363636363,1,7.6,2.6,0.32,11.181818181818182,23,0.3636363636363633,29,0.7931034482758621
1,18,2,8014,0,1,117.0,1,3,1,3,4,111.8,1,0,0,1,0,1,19,0,0,6,8,6,10.833333333333334,0,0,6,9,6,11.5,0,10.8,1.4,1.74,11.166666666666668,12,0.6666666666666661,12,1.0
1,1,1,9773,1,1,142.0,1,1,19,9,9,136.1,0,0,1,1,1,1,19,0,0,6,6,6,12.666666666666666,0,0,6,6,6,14.0,0,16.2,0.3,-0.92,13.333333333333332,12,1.333333333333334,12,1.0
1,44,1,9130,1,39,150.0,1,2,1,3,6,150.0,1,0,0,1,1,0,22,0,11,18,32,12,12.857142857142858,1,8,12,15,10,14.3,0,16.2,0.3,-0.92,13.57857142857143,22,1.442857142857143,30,0.7333333333333333
1,39,1,9085,1,19,133.1,1,19,19,4,9,139.9,1,0,0,1,0,1,24,0,1,6,7,6,12.5,0,0,6,11,6,12.833333333333334,0,8.9,1.4,3.51,12.666666666666668,12,0.3333333333333339,12,1.0
1,1,1,9119,1,1,146.0,1,37,37,9,9,148.5,1,0,0,1,1,0,18,0,0,5,7,4,10.0,0,0,5,8,1,16.0,0,10.8,1.4,1.74,13.0,5,6.0,10,0.5
1,42,1,9500,1,1,124.0,1,19,19,4,9,124.0,0,0,0,1,0,0,23,0,0,8,8,8,12.88625,0,0,8,8,8,12.88625,0,9.4,-0.8,-3.12,12.88625,16,0.0,16,1.0
2,39,2,9670,1,1,100.0,1,37,37,9,9,110.0,0,0,0,1,1,1,36,0,0,5,5,5,11.4,0,0,5,7,5,11.6,0,9.4,-0.8,-3.12,11.5,10,0.1999999999999993,10,1.0
1,17,2,8014,0,1,120.0,1,19,1,5,10,114.8,1,0,0,1,0,0,19,0,0,6,8,4,10.5,0,0,6,8,4,11.25,0,10.8,1.4,1.74,10.875,8,0.75,12,0.6666666666666666
1,1,1,171,1,1,124.0,1,3,3,2,2,119.1,1,0,0,1,1,0,18,0,0,0,0,0,0.0,0,0,0,0,0,0.0,0,16.2,0.3,-0.92,0.0,0,0.0,0,0.0
2,39,1,9085,1,1,120.0,1,37,37,6,6,150.0,0,0,0,1,1,0,43,0,0,5,8,5,13.5,2,0,5,5,5,14.4,0,9.4,-0.8,-3.12,13.95,10,0.9000000000000004,10,1.0
1,1,1,171,1,1,133.1,1,19,38,5,5,131.8,1,0,1,1,0,0,20,0,6,12,12,12,13.25,0,4,11,16,10,13.090909090909092,0,8.9,1.4,3.51,13.170454545454547,22,-0.15909090909090828,23,0.9565217391304348
1,18,1,9773,1,1,125.0,1,19,37,9,5,122.2,0,0,0,0,0,0,18,0,0,6,7,5,12.6,0,0,6,6,5,11.8,0,11.1,0.6,2.02,12.2,10,-0.7999999999999989,12,0.8333333333333334
1,17,5,9254,1,1,121.0,1,1,19,4,7,116.5,1,0,0,0,1,0,18,0,0,6,12,0,0.0,0,0,6,0,0,0.0,0,9.4,-0.8,-3.12,0.0,0,0.0,12,0.0
1,17,3,9147,1,1,125.0,1,3,38,2,10,118.7,1,0,0,1,0,0,18,0,0,5,16,4,10.666666666666666,0,0,5,11,2,12.0,0,13.9,-0.3,0.79,11.333333333333332,6,1.333333333333334,10,0.6
1,42,1,171,1,1,132.0,1,1,1,1,4,132.0,1,0,0,1,0,0,19,0,0,0,0,0,0.0,0,0,0,0,0,0.0,0,12.7,3.7,-1.7,0.0,0,0.0,0,0.0
1,1,2,9085,1,1,117.0,1,38,37,9,9,113.5,1,0,0,1,0,1,21,0,0,5,7,4,12.0,0,0,5,5,5,12.2,0,10.8,1.4,1.74,12.1,9,0.1999999999999993,10,0.9
1,39,1,9130,1,1,150.0,1,1,1,4,10,110.0,0,0,1,1,1,0,24,0,0,5,13,2,12.5,2,0,5,8,3,12.333333333333334,0,9.4,-0.8,-3.12,12.416666666666668,5,-0.16666666666666607,10,0.5
1,1,1,9853,1,1,110.0,1,37,37,9,4,114.3,1,0,0,1,1,0,42,0,0,6,9,5,12.4,0,0,6,10,5,11.8,0,7.6,2.6,0.32,12.100000000000001,10,-0.5999999999999996,12,0.8333333333333334
1,1,1,9130,1,1,121.0,1,3,19,2,9,115.4,1,0,0,1,1,0,18,0,0,6,8,6,13.714285714285714,0,0,6,7,5,13.333333333333334,0,15.5,2.8,-4.06,13.523809523809524,11,-0.3809523809523796,12,0.9166666666666666
1,43,1,9147,1,1,131.0,1,3,19,2,9,126.1,0,0,0,1,0,0,18,0,0,5,5,0,0.0,0,0,5,9,4,13.25,2,16.2,0.3,-0.92,6.625,4,13.25,10,0.4
2,43,1,9147,1,2,120.0,1,37,37,9,9,122.8,0,0,1,0,0,0,42,0,13,13,13,13,11.923076923076923,0,12,12,12,12,12.5,0,15.5,2.8,-4.06,12.211538461538462,25,0.5769230769230766,25,1.0
1,1,1,9085,1,1,127.0,1,37,2,9,4,123.2,1,0,0,1,0,1,18,0,0,6,7,6,15.714285714285714,0,0,6,17,5,12.77777777777778,0,12.4,0.5,1.79,14.246031746031747,11,-2.936507936507933,12,0.9166666666666666
1,17,1,9853,1,1,140.0,1,38,19,4,10,122.3,1,0,0,1,0,0,19,0,0,6,9,4,13.0,0,0,6,9,4,12.25,0,12.7,3.7,-1.7,12.625,8,-0.75,12,0.6666666666666666
1,43,1,9130,1,1,125.0,1,39,3,3,2,125.0,1,0,0,1,0,0,21,0,0,5,6,0,0.0,5,0,5,6,4,13.75,1,10.8,1.4,1.74,6.875,4,13.75,10,0.4
1,51,1,9147,1,1,148.0,1,1,19,9,6,118.4,1,0,0,1,1,0,30,0,0,5,7,5,13.4,0,0,5,7,4,13.25,0,8.9,1.4,3.51,13.325,9,-0.15000000000000036,10,0.9
1,1,2,9070,1,1,135.0,1,1,1,4,7,129.8,1,0,0,1,0,0,19,0,0,6,6,6,11.833333333333334,0,0,6,7,6,13.0,0,9.4,-0.8,-3.12,12.416666666666668,12,1.166666666666666,12,1.0
1,17,1,9085,1,1,130.0,1,19,1,9,4,101.3,1,0,0,1,1,0,20,0,0,6,12,4,12.8,0,0,6,17,0,0.0,0,12.4,0.5,1.79,6.4,4,-12.8,12,0.3333333333333333
1,1,2,9238,1,1,145.0,1,1,19,4,8,121.4,0,0,0,1,0,0,20,0,0,6,13,0,0.0,0,0,5,11,0,0.0,0,9.4,-0.8,-3.12,0.0,0,0.0,11,0.0
1,1,1,9147,1,1,130.0,1,19,19,9,7,119.5,1,0,0,1,1,1,18,0,0,5,7,4,11.25,0,0,5,6,4,12.25,0,12.4,0.5,1.79,11.75,8,1.0,10,0.8
1,17,1,9991,0,1,154.0,1,38,38,4,5,134.1,0,0,0,1,0,0,24,0,0,5,9,2,11.5,0,0,5,11,3,14.333333333333334,1,7.6,2.6,0.32,12.916666666666668,5,2.833333333333334,10,0.5
4,39,1,9500,1,19,133.1,1,38,19,5,7,140.0,0,0,0,1,0,1,26,0,0,7,13,5,12.74,0,0,8,12,6,10.978571428571428,0,16.2,0.3,-0.92,11.859285714285715,11,-1.7614285714285725,15,0.7333333333333333
1,1,1,9500,1,1,118.0,1,38,38,7,7,115.2,1,0,0,1,0,0,19,0,0,7,9,6,12.97166666666667,0,0,8,9,7,12.321428571428571,0,11.1,0.6,2.02,12.64654761904762,13,-0.6502380952380982,15,0.8666666666666667
1,1,3,9085,1,1,130.0,1,1,19,9,9,121.3,1,0,0,1,0,1,19,0,0,5,6,5,14.6,0,0,5,5,5,13.8,0,10.8,1.4,1.74,14.2,10,-0.7999999999999989,10,1.0
1,1,3,9500,1,1,134.0,1,37,38,9,9,120.3,1,0,0,1,0,1,18,0,0,8,8,7,12.082857142857142,0,0,8,8,7,12.082857142857142,0,10.8,1.4,1.74,12.082857142857142,14,0.0,16,0.875
1,1,1,9500,1,1,126.0,1,19,19,3,7,123.9,0,0,0,1,0,0,19,0,0,7,8,6,13.296666666666669,0,0,8,9,7,14.114285714285714,0,11.1,0.6,2.02,13.70547619047619,13,0.8176190476190452,15,0.8666666666666667
1,1,1,9500,1,1,138.0,1,1,38,4,9,132.5,1,0,0,1,0,1,19,0,0,8,8,7,14.36,0,0,8,8,7,14.36,0,10.8,1.4,1.74,14.36,14,0.0,16,0.875
1,1,5,9500,1,1,118.0,1,3,1,5,10,113.5,1,0,0,1,0,0,20,0,0,7,7,7,14.30714285714286,0,0,8,8,8,15.0125,0,12.4,0.5,1.79,14.65982142857143,15,0.7053571428571388,15,1.0
1,1,1,9130,1,1,161.0,1,1,19,4,4,152.3,0,0,0,1,0,0,18,0,0,6,7,6,15.571428571428571,0,0,6,7,6,14.714285714285714,0,11.1,0.6,2.02,15.142857142857142,12,-0.8571428571428577,12,1.0
1,1,1,9500,1,1,136.0,1,2,2,3,3,120.0,1,0,0,1,1,0,18,0,0,7,8,6,11.833333333333334,0,0,7,8,6,11.833333333333334,0,7.6,2.6,0.32,11.833333333333334,12,0.0,14,0.8571428571428571
2,39,1,9991,0,1,160.0,1,34,34,99,99,114.3,0,0,0,1,1,0,40,0,0,5,9,3,11.0,0,0,5,8,4,12.5,1,7.6,2.6,0.32,11.75,7,1.5,10,0.7
1,1,1,9500,1,1,127.0,1,19,37,9,7,123.9,1,0,0,1,0,1,18,0,0,7,9,7,12.855555555555554,0,0,8,12,7,12.761111111111113,0,15.5,2.8,-4.06,12.808333333333334,14,-0.09444444444444144,15,0.9333333333333333
1,18,1,9853,1,1,133.1,1,1,19,141,182,106.0,1,0,1,1,0,0,21,0,0,7,7,7,13.0,0,0,7,8,6,12.5,0,8.9,1.4,3.51,12.75,13,-0.5,14,0.9285714285714286
1,44,1,9238,1,39,140.0,1,19,19,8,8,144.3,1,0,0,1,0,1,19,0,3,6,7,6,13.142857142857142,0,2,6,6,6,14.333333333333334,0,12.4,0.5,1.79,13.738095238095237,12,1.1904761904761916,12,1.0
1,17,3,9147,1,1,135.0,1,37,37,6,5,121.0,1,0,0,1,1,1,18,0,0,5,8,5,12.75,0,0,5,7,5,11.5,0,13.9,-0.3,0.79,12.125,10,-1.25,10,1.0
1,18,4,171,1,1,133.0,1,1,4,9,5,129.2,1,0,1,0,1,0,20,0,0,0,0,0,0.0,0,0,0,0,0,0.0,0,9.4,-0.8,-3.12,0.0,0,0.0,0,0.0
1,43,1,9773,1,1,121.0,1,1,1,4,5,121.0,1,0,0,1,1,0,23,0,0,6,15,1,13.0,0,0,6,8,4,11.25,0,9.4,-0.8,-3.12,12.125,5,-1.75,12,0.4166666666666667
5,39,1,9119,1,1,120.0,1,37,37,9,9,116.0,0,0,1,1,1,1,34,0,0,5,14,1,17.0,0,0,5,10,2,11.0,0,9.4,-0.8,-3.12,14.0,3,-6.0,10,0.3
1,1,1,9500,1,1,130.0,1,1,19,5,5,129.1,1,0,0,1,0,0,18,0,0,7,9,7,13.044444444444444,0,0,8,10,8,13.595,0,15.5,2.8,-4.06,13.319722222222222,15,0.5505555555555564,15,1.0
1,1,2,9500,1,1,126.0,1,1,38,4,7,124.3,1,0,0,1,0,1,20,0,0,8,8,8,12.98125,0,0,8,8,8,12.98125,0,9.4,-0.8,-3.12,12.98125,16,0.0,16,1.0
1,1,2,9500,1,1,123.0,1,19,19,7,7,120.8,1,0,0,1,0,0,19,0,0,8,11,7,12.545714285714286,0,0,8,11,7,12.545714285714286,0,10.8,1.4,1.74,12.545714285714286,14,0.0,16,0.875
1,1,1,9238,1,1,125.0,1,1,1,3,3,125.7,1,0,0,1,0,0,18,0,0,6,10,6,11.571428571428571,0,0,6,8,6,12.333333333333334,0,12.4,0.5,1.79,11.952380952380953,12,0.7619047619047628,12,1.0
1,17,2,9070,1,1,152.0,1,39,39,3,3,134.2,1,0,0,1,1,0,20,0,0,6,7,5,11.8,0,0,6,9,4,12.0,0,15.5,2.8,-4.06,11.9,9,0.1999999999999993,12,0.75
1,39,1,9991,0,1,133.1,1,1,1,4,2,127.7,0,0,0,1,0,0,25,0,0,5,12,4,12.5,0,0,5,10,4,11.0,0,13.9,-0.3,0.79,11.75,8,-1.5,10,0.8
1,1,1,9130,1,1,133.1,1,1,1,3,9,138.0,1,0,0,1,0,0,20,0,0,6,11,6,13.333333333333334,0,0,6,10,6,13.0,0,16.2,0.3,-0.92,13.166666666666668,12,-0.3333333333333339,12,1.0
1,1,6,9500,1,1,139.0,1,19,38,4,9,128.5,1,0,0,1,0,0,19,0,0,8,10,6,13.066666666666668,0,0,8,10,6,13.066666666666668,0,12.7,3.7,-1.7,13.066666666666668,12,0.0,16,0.75
1,17,6,9670,1,1,110.0,1,1,19,4,10,111.3,0,0,0,1,1,0,21,0,0,6,10,6,12.285714285714286,0,0,6,11,4,14.25,0,15.5,2.8,-4.06,13.267857142857142,10,1.9642857142857135,12,0.8333333333333334
1,44,1,9070,1,39,120.0,1,19,1,9,3,120.0,1,0,0,1,1,0,23,0,2,7,8,5,12.2,0,5,9,10,7,12.142857142857142,1,16.2,0.3,-0.92,12.17142857142857,12,-0.05714285714285694,16,0.75
1,1,3,9147,1,1,127.0,1,1,38,5,7,123.5,1,0,0,1,0,1,19,0,0,5,5,5,11.6,0,0,5,11,3,12.666666666666666,0,9.4,-0.8,-3.12,12.133333333333333,8,1.0666666666666664,10,0.8
4,39,1,9991,0,1,147.0,1,19,19,7,8,147.9,0,0,0,1,0,0,28,0,0,5,8,4,11.5,0,0,5,7,4,12.0,0,10.8,1.4,1.74,11.75,8,0.5,10,0.8
1,17,1,9238,1,1,132.0,1,1,19,4,9,127.1,1,0,0,1,0,0,19,0,0,6,7,6,12.857142857142858,0,0,6,7,6,13.666666666666666,0,13.9,-0.3,0.79,13.261904761904763,12,0.8095238095238084,12,1.0
1,15,1,9147,1,1,140.0,26,37,2,6,4,140.0,0,0,1,1,1,0,19,1,0,5,12,3,10.5,0,0,5,8,4,11.25,0,12.4,0.5,1.79,10.875,7,0.75,10,0.7
1,17,1,9773,1,1,128.0,1,19,38,5,7,125.6,1,0,0,1,1,0,19,0,0,6,6,0,0.0,0,0,6,0,0,0.0,0,8.9,1.4,3.51,0.0,0,0.0,12,0.0
1,17,2,9254,1,1,115.0,1,19,19,9,7,113.3,1,0,1,1,0,0,21,0,0,6,0,0,0.0,0,0,6,0,0,0.0,0,11.1,0.6,2.02,0.0,0,0.0,12,0.0
1,43,1,9670,1,1,139.0,1,3,19,3,5,120.8,0,0,0,1,0,0,19,0,0,6,0,0,0.0,0,0,6,0,0,0.0,0,15.5,2.8,-4.06,0.0,0,0.0,12,0.0
1,43,1,9991,0,1,140.0,1,37,38,9,8,135.5,0,0,1,0,0,0,29,0,0,5,15,2,13.25,0,0,5,12,3,12.6,3,16.2,0.3,-0.92,12.925,5,-0.6500000000000004,10,0.5
1,17,3,9670,1,1,110.0,1,19,1,4,4,107.5,1,0,0,1,0,1,18,0,0,6,11,4,12.25,0,0,6,10,4,11.0,0,12.7,3.7,-1.7,11.625,8,-1.25,12,0.6666666666666666
4,43,1,8014,0,1,140.0,1,38,37,9,9,126.0,0,0,0,1,0,1,39,0,3,9,9,9,13.11111111111111,0,2,7,10,7,11.714285714285714,0,12.7,3.7,-1.7,12.412698412698411,16,-1.3968253968253972,16,1.0
1,1,6,9500,1,1,118.0,1,38,38,5,5,114.2,1,0,0,1,0,0,20,0,0,7,9,6,13.683333333333332,0,0,8,11,6,13.116666666666667,0,11.1,0.6,2.02,13.399999999999999,12,-0.5666666666666647,15,0.8
1,17,2,9238,1,1,125.0,1,19,19,3,3,118.0,1,0,0,1,0,0,18,0,0,6,9,5,11.0,0,0,6,9,4,11.25,0,8.9,1.4,3.51,11.125,9,0.25,12,0.75
1,17,1,9238,1,1,137.0,1,1,38,5,8,125.8,0,0,0,0,0,1,18,0,0,6,10,6,12.666666666666666,0,0,6,6,2,11.5,0,12.7,3.7,-1.7,12.083333333333332,8,-1.166666666666666,12,0.6666666666666666
1,43,1,9556,1,1,147.0,1,3,4,3,2,100.0,0,0,0,1,0,0,18,0,0,2,2,0,0.0,0,0,4,4,1,16.0,0,10.8,1.4,1.74,8.0,1,16.0,6,0.16666666666666666
2,39,1,9853,1,10,133.1,1,37,34,0,0,115.5,0,0,0,1,0,0,39,0,0,6,12,3,12.666666666666666,0,0,6,14,0,0.0,1,7.6,2.6,0.32,6.333333333333333,3,-12.666666666666666,12,0.25
1,1,1,9670,1,1,136.0,1,2,38,143,163,129.7,1,0,0,1,1,0,19,0,0,6,10,4,12.5,0,0,6,12,1,10.0,3,16.2,0.3,-0.92,11.25,5,-2.5,12,0.4166666666666667
1,1,1,9238,1,1,133.1,1,1,1,3,4,112.0,0,0,0,1,1,0,19,0,0,6,7,6,12.166666666666666,0,0,6,6,6,12.166666666666666,0,12.4,0.5,1.79,12.166666666666666,12,0.0,12,1.0
1,43,1,9147,1,1,133.1,1,4,19,2,1,128.2,0,0,0,1,0,0,23,0,7,11,18,11,15.090909090909092,1,2,6,7,6,14.5,0,9.4,-0.8,-3.12,14.795454545454547,17,-0.5909090909090917,17,1.0
1,16,1,9556,1,1,137.0,1,37,37,9,7,122.7,1,0,0,1,0,1,18,0,0,7,7,7,15.285714285714286,0,0,8,8,8,16.075,0,12.4,0.5,1.79,15.680357142857144,15,0.7892857142857128,15,1.0
1,17,1,9238,1,1,153.0,1,38,38,7,7,159.7,1,0,0,1,0,1,18,0,0,6,7,6,15.142857142857142,0,0,6,6,6,15.833333333333334,0,12.7,3.7,-1.7,15.488095238095237,12,0.6904761904761916,12,1.0
1,1,6,9254,1,1,102.0,1,3,1,2,2,101.7,1,0,0,1,1,1,21,0,0,6,6,6,13.5,0,0,6,6,6,12.333333333333334,0,12.4,0.5,1.79,12.916666666666668,12,-1.166666666666666,12,1.0
1,1,1,9853,1,1,121.0,1,37,19,6,7,116.8,1,0,0,1,0,0,18,0,0,6,11,3,11.666666666666666,0,0,6,11,3,10.666666666666666,0,9.4,-0.8,-3.12,11.166666666666666,6,-1.0,12,0.5
1,17,1,9773,1,1,133.1,1,38,38,9,5,117.0,0,0,0,1,0,0,21,0,0,6,8,5,11.8,0,0,6,8,5,11.833333333333334,0,15.5,2.8,-4.06,11.816666666666666,10,0.033333333333333215,12,0.8333333333333334
1,17,5,9853,1,1,132.0,1,37,38,5,6,119.1,1,0,0,1,0,1,19,0,0,6,10,5,12.0,0,0,6,9,5,10.8,0,9.4,-0.8,-3.12,11.4,10,-1.1999999999999993,12,0.8333333333333334
1,17,1,9670,1,1,125.0,1,38,37,7,5,126.4,0,0,0,1,1,1,18,0,0,6,7,6,12.285714285714286,0,0,6,7,6,13.333333333333334,1,16.2,0.3,-0.92,12.80952380952381,12,1.0476190476190474,12,1.0
1,17,1,9500,1,1,128.0,1,19,1,4,3,117.2,1,0,0,1,0,0,20,0,0,7,9,6,11.605,0,0,8,10,7,12.4125,0,16.2,0.3,-0.92,12.00875,13,0.8074999999999992,15,0.8666666666666667
1,1,5,9500,1,1,144.0,1,38,38,7,7,136.0,1,0,0,1,0,1,19,0,0,7,7,6,14.15,0,0,7,7,6,14.15,0,7.6,2.6,0.32,14.15,12,0.0,14,0.8571428571428571
1,39,1,9147,1,1,140.0,1,12,3,4,3,118.0,1,0,0,1,0,0,24,0,0,5,5,0,0.0,0,0,5,5,0,0.0,0,7.6,2.6,0.32,0.0,0,0.0,10,0.0
1,44,1,9003,1,39,130.0,1,37,37,9,10,130.0,0,0,1,0,0,0,29,0,0,6,13,3,12.75,0,0,6,8,3,11.333333333333334,0,13.9,-0.3,0.79,12.041666666666668,6,-1.416666666666666,12,0.5
1,43,1,9773,1,1,127.0,1,19,1,5,5,117.6,1,0,0,1,0,0,18,0,0,6,6,0,0.0,0,0,6,10,3,11.0,0,16.2,0.3,-0.92,5.5,3,11.0,12,0.25
2,43,2,9147,1,1,160.0,1,37,37,9,9,96.0,0,0,0,0,0,0,29,0,3,5,7,3,12.333333333333334,0,0,5,8,0,0.0,0,10.8,1.4,1.74,6.166666666666667,3,-12.333333333333334,10,0.3
1,39,1,9556,1,1,140.0,1,37,38,9,9,106.0,1,0,1,0,0,1,24,0,0,7,14,5,12.36,0,1,8,15,5,12.0,0,8.9,1.4,3.51,12.18,10,-0.35999999999999943,15,0.6666666666666666
1,43,1,9500,1,1,120.0,1,2,4,4,5,136.6,0,0,0,1,1,0,23,0,0,7,14,5,11.94,0,0,7,14,6,12.2,0,13.9,-0.3,0.79,12.07,11,0.2599999999999998,14,0.7857142857142857
4,42,1,9147,1,1,110.0,1,37,37,9,9,128.2,0,0,0,1,0,0,41,0,8,14,24,11,12.25,3,5,10,12,10,13.4,0,9.4,-0.8,-3.12,12.825,21,1.1500000000000004,24,0.875
2,39,1,9119,1,1,110.0,1,37,37,9,9,106.8,0,0,0,1,1,0,34,0,0,5,8,1,10.0,0,0,5,9,0,0.0,0,8.9,1.4,3.51,5.0,1,-10.0,10,0.1
1,1,1,8014,0,1,133.0,1,38,38,5,2,135.5,0,0,0,1,0,0,34,0,0,6,7,6,12.333333333333334,0,0,6,6,6,11.666666666666666,0,10.8,1.4,1.74,12.0,12,-0.6666666666666679,12,1.0
1,17,1,9670,1,1,133.1,1,1,37,4,5,150.0,0,0,0,1,1,0,21,0,0,6,8,6,14.75,0,0,6,9,5,14.333333333333334,0,11.1,0.6,2.02,14.541666666666668,11,-0.4166666666666661,12,0.9166666666666666
1,1,1,9773,1,1,120.0,1,38,37,9,9,114.8,1,1,0,1,0,0,19,0,0,6,11,4,12.25,0,0,6,11,3,11.0,0,7.6,2.6,0.32,11.625,7,-1.25,12,0.5833333333333334
1,1,1,9773,1,1,136.0,1,19,19,4,3,126.2,0,0,0,1,0,0,19,0,0,6,6,6,13.166666666666666,0,0,6,6,6,15.0,0,16.2,0.3,-0.92,14.083333333333332,12,1.833333333333334,12,1.0
1,44,1,9003,1,39,120.0,1,1,19,9,7,120.0,0,0,0,1,1,0,22,0,2,6,15,3,11.75,0,0,6,12,2,10.0,0,13.9,-0.3,0.79,10.875,5,-1.75,12,0.4166666666666667
1,1,4,171,1,1,146.0,1,1,1,9,5,151.3,1,0,0,1,0,1,19,0,6,12,12,12,12.75,0,4,11,16,11,13.25,0,8.9,1.4,3.51,13.0,23,0.5,23,1.0
1,1,1,9238,1,1,120.0,1,19,38,5,9,130.2,0,0,0,1,0,1,18,0,0,6,8,6,11.285714285714286,0,0,6,10,6,11.857142857142858,0,12.4,0.5,1.79,11.571428571428573,12,0.5714285714285712,12,1.0
1,1,1,9500,1,1,160.0,1,19,19,4,9,154.4,0,0,0,1,0,1,18,0,0,7,9,7,15.116666666666667,0,0,8,9,8,16.168888888888887,0,15.5,2.8,-4.06,15.642777777777777,15,1.0522222222222197,15,1.0
1,1,1,9147,1,1,135.0,1,1,19,5,5,130.1,1,0,0,1,0,0,18,0,0,5,10,4,10.75,1,0,5,13,2,10.0,0,9.4,-0.8,-3.12,10.375,6,-0.75,10,0.6
1,17,1,9853,1,1,138.0,1,38,38,7,6,124.7,1,0,0,1,0,0,18,0,0,6,11,3,12.333333333333334,0,0,6,10,5,10.833333333333334,0,9.4,-0.8,-3.12,11.583333333333334,8,-1.5,12,0.6666666666666666
1,1,6,171,1,1,134.0,1,19,37,5,5,126.0,1,0,0,1,0,1,18,0,0,0,0,0,0.0,0,0,0,0,0,0.0,0,9.4,-0.8,-3.12,0.0,0,0.0,0,0.0
1,1,2,171,1,1,120.0,1,3,19,4,7,119.7,1,0,0,1,0,0,21,0,0,0,0,0,0.0,0,0,0,0,0,0.0,0,8.9,1.4,3.51,0.0,0,0.0,0,0.0
1,17,1,9130,1,1,157.0,1,3,2,3,6,150.9,1,0,0,1,0,0,18,0,0,6,8,6,15.0,0,0,6,8,5,15.166666666666666,0,13.9,-0.3,0.79,15.083333333333332,11,0.16666666666666607,12,0.9166666666666666
1,44,1,9003,1,39,150.0,1,3,19,2,6,150.0,0,0,0,1,1,0,20,0,0,6,6,0,0.0,0,0,6,8,0,0.0,0,15.5,2.8,-4.06,0.0,0,0.0,12,0.0
1,39,1,9991,0,1,110.0,1,37,37,9,9,134.3,0,0,0,1,1,0,24,0,0,5,10,0,0.0,0,0,5,7,1,12.0,0,10.8,1.4,1.74,6.0,1,12.0,10,0.1
1,1,1,9238,1,1,133.0,1,1,19,9,9,132.0,0,0,0,1,1,1,20,0,0,6,11,5,11.142857142857142,0,0,6,9,6,11.571428571428571,0,16.2,0.3,-0.92,11.357142857142858,11,0.4285714285714288,12,0.9166666666666666
1,44,1,9130,1,39,130.0,1,38,19,9,9,150.0,0,0,0,1,1,0,24,0,2,6,8,4,11.75,0,1,6,8,2,13.5,0,11.1,0.6,2.02,12.625,6,1.75,12,0.5
1,1,1,9500,1,1,139.0,1,19,37,5,5,125.5,0,0,0,1,0,1,21,0,0,8,8,7,13.514285714285714,0,0,8,8,7,13.514285714285714,0,12.7,3.7,-1.7,13.514285714285714,14,0.0,16,0.875
1,1,1,9254,1,1,132.0,1,19,38,9,7,120.1,0,0,0,1,0,1,20,0,0,6,6,6,12.333333333333334,0,0,6,7,6,11.833333333333334,0,13.9,-0.3,0.79,12.083333333333334,12,-0.5,12,1.0
1,1,1,9500,1,1,129.0,1,1,1,9,9,120.0,0,0,0,1,1,0,20,0,0,8,8,7,15.028571428571428,0,0,8,8,7,15.028571428571428,0,12.7,3.7,-1.7,15.028571428571428,14,0.0,16,0.875
4,39,1,9500,1,1,133.1,1,37,37,9,9,130.0,0,0,1,1,0,0,38,0,0,7,13,3,11.833333333333334,0,0,7,14,2,10.0,0,16.2,0.3,-0.92,10.916666666666668,5,-1.833333333333334,14,0.35714285714285715
2,43,1,9991,0,2,120.0,1,37,37,9,8,120.0,0,0,0,1,0,0,36,0,8,12,21,11,11.5,0,7,12,22,12,11.4375,0,9.4,-0.8,-3.12,11.46875,23,-0.0625,24,0.9583333333333334
1,1,1,9238,1,1,163.0,1,37,37,5,6,155.0,0,0,0,1,0,1,21,0,0,6,6,6,13.333333333333334,0,0,6,8,6,13.166666666666666,0,9.4,-0.8,-3.12,13.25,12,-0.16666666666666785,12,1.0
1,39,1,9991,0,1,110.0,1,37,37,7,7,133.9,0,0,0,1,0,0,30,0,0,5,7,5,11.4,0,0,5,6,5,13.666666666666666,0,10.8,1.4,1.74,12.533333333333333,10,2.2666666666666657,10,1.0
1,1,1,9147,1,1,138.0,1,37,37,194,171,131.0,1,0,0,1,0,0,19,0,0,5,9,4,11.0,0,0,5,8,3,10.666666666666666,0,12.4,0.5,1.79,10.833333333333332,7,-0.3333333333333339,10,0.7
1,17,6,9773,1,1,131.0,1,34,34,0,0,129.3,0,0,0,1,1,0,18,0,0,6,0,0,0.0,0,0,6,0,0,0.0,0,7.6,2.6,0.32,0.0,0,0.0,12,0.0
1,1,1,9238,1,1,135.0,1,37,19,5,10,121.0,0,0,1,1,0,0,18,0,0,6,10,5,10.6,0,0,6,14,2,10.0,0,7.6,2.6,0.32,10.3,7,-0.5999999999999996,12,0.5833333333333334
1,1,1,9773,1,1,127.0,1,37,37,9,8,123.2,1,0,0,1,0,0,18,0,0,6,12,1,11.0,0,0,6,12,0,0.0,0,9.4,-0.8,-3.12,5.5,1,-11.0,12,0.08333333333333333
2,18,2,9238,1,1,140.0,1,37,37,9,10,120.4,0,0,1,0,0,0,39,0,0,6,0,0,0.0,0,0,6,0,0,0.0,0,9.4,-0.8,-3.12,0.0,0,0.0,12,0.0
1,5,4,9119,1,1,115.0,1,19,37,4,6,113.3,1,0,0,1,1,0,23,0,0,5,7,0,0.0,0,0,5,5,0,0.0,0,7.6,2.6,0.32,0.0,0,0.0,10,0.0
2,7,1,9254,1,2,100.0,1,37,37,9,9,100.0,0,0,0,0,0,0,37,0,0,5,5,0,0.0,0,0,5,10,0,0.0,0,10.8,1.4,1.74,0.0,0,0.0,10,0.0
1,1,3,9500,1,1,133.1,1,38,19,7,9,115.5,1,0,0,1,1,1,20,0,0,8,8,7,13.024285714285714,0,0,8,8,7,13.024285714285714,0,10.8,1.4,1.74,13.024285714285714,14,0.0,16,0.875
1,44,1,9003,1,39,130.0,1,19,37,9,9,130.0,1,0,0,1,1,0,23,0,0,6,8,6,12.571428571428571,0,0,6,7,6,12.428571428571429,0,8.9,1.4,3.51,12.5,12,-0.14285714285714235,12,1.0
1,1,5,9773,1,1,110.0,1,19,38,3,5,117.4,1,0,0,1,0,0,20,0,0,6,7,6,13.833333333333334,0,0,6,6,6,12.833333333333334,0,11.1,0.6,2.02,13.333333333333334,12,-1.0,12,1.0
1,1,2,171,1,1,127.0,1,3,39,1,3,133.5,1,0,0,1,1,0,17,0,0,0,0,0,0.0,0,0,0,0,0,0.0,0,15.5,2.8,-4.06,0.0,0,0.0,0,0.0
1,1,1,9070,1,1,131.0,1,3,19,4,4,130.3,1,0,0,1,1,1,20,0,0,6,6,6,12.833333333333334,0,0,6,8,6,12.666666666666666,2,16.2,0.3,-0.92,12.75,12,-0.16666666666666785,12,1.0
1,1,1,9003,1,1,148.0,1,19,37,9,9,131.6,1,0,0,1,1,0,19,0,8,12,17,11,12.0,2,4,12,21,12,12.307692307692308,0,15.5,2.8,-4.06,12.153846153846153,23,0.3076923076923084,24,0.9583333333333334
1,17,1,9085,1,1,137.0,1,1,1,4,7,134.6,1,0,0,1,1,0,22,0,0,6,16,0,0.0,0,0,6,7,0,0.0,0,16.2,0.3,-0.92,0.0,0,0.0,12,0.0
1,1,1,9670,1,1,126.0,1,37,19,7,7,125.7,0,0,0,1,0,0,20,0,0,6,9,6,13.571428571428571,0,0,6,10,5,13.6,0,15.5,2.8,-4.06,13.585714285714285,11,0.02857142857142847,12,0.9166666666666666
1,1,1,9147,1,1,115.0,1,38,1,9,8,118.5,0,0,0,1,1,0,21,0,0,5,9,1,10.0,0,0,5,10,1,10.0,0,7.6,2.6,0.32,10.0,2,0.0,10,0.2
1,17,1,9670,1,1,118.0,1,19,38,7,9,113.5,1,0,0,1,0,1,19,0,0,6,9,5,13.5,0,0,6,6,6,14.0,0,12.4,0.5,1.79,13.75,11,0.5,12,0.9166666666666666
1,1,1,9670,1,1,95.0,1,37,37,5,8,95.0,0,0,0,0,1,0,21,0,0,6,9,4,13.25,0,0,6,6,5,11.0,0,12.7,3.7,-1.7,12.125,9,-2.25,12,0.75
1,1,1,9238,1,1,108.0,1,1,38,5,8,105.9,0,0,0,1,0,1,20,0,0,6,11,5,10.6,0,0,6,9,5,11.166666666666666,0,11.1,0.6,2.02,10.883333333333333,10,0.5666666666666664,12,0.8333333333333334
1,17,2,9500,1,1,122.0,1,37,37,9,9,131.0,1,0,0,1,0,0,18,0,0,7,7,6,12.516666666666666,1,0,7,7,6,12.516666666666666,1,7.6,2.6,0.32,12.516666666666666,12,0.0,14,0.8571428571428571
1,17,1,9254,1,1,137.0,1,34,38,0,7,137.7,1,0,1,0,0,0,19,0,0,6,14,1,10.0,0,0,6,13,0,0.0,0,7.6,2.6,0.32,5.0,1,-10.0,12,0.08333333333333333
2,1,1,9070,1,1,127.0,1,12,19,9,9,123.2,0,0,0,1,0,1,20,0,0,6,6,6,15.0,0,0,6,6,6,14.5,0,11.1,0.6,2.02,14.75,12,-0.5,12,1.0
1,16,1,9085,1,1,138.0,1,37,37,9,9,123.0,1,0,0,1,0,1,20,0,0,6,7,6,15.857142857142858,0,0,6,6,6,16.0,0,13.9,-0.3,0.79,15.928571428571429,12,0.14285714285714235,12,1.0
1,1,4,9500,1,1,142.0,1,19,19,1,1,125.5,1,0,0,1,0,0,18,0,0,8,12,7,12.857142857142858,0,0,8,12,7,12.857142857142858,0,12.7,3.7,-1.7,12.857142857142858,14,0.0,16,0.875
1,1,1,9670,1,1,116.0,1,3,3,3,3,110.1,1,0,0,1,1,0,19,0,0,6,9,5,13.333333333333334,0,0,6,6,5,13.0,0,12.4,0.5,1.79,13.166666666666668,10,-0.3333333333333339,12,0.8333333333333334
1,1,3,9070,1,1,125.0,1,19,38,9,9,125.4,1,0,0,1,0,0,19,0,0,6,7,5,12.4,0,0,6,6,5,12.4,0,9.4,-0.8,-3.12,12.4,10,0.0,12,0.8333333333333334
1,1,1,9130,1,1,125.0,1,3,3,2,2,132.4,0,0,0,1,1,0,20,0,0,5,7,4,11.75,0,0,5,5,5,13.4,0,7.6,2.6,0.32,12.575,9,1.6500000000000004,10,0.9
1,1,3,9085,1,1,131.0,1,37,19,9,8,136.3,1,0,1,0,0,0,18,0,0,5,7,3,13.0,0,0,5,8,3,12.0,0,7.6,2.6,0.32,12.5,6,-1.0,10,0.6
1,1,4,9773,1,1,124.0,1,3,12,2,9,137.0,1,0,0,1,1,0,20,0,0,6,6,6,16.833333333333332,0,0,6,6,6,16.666666666666668,0,8.9,1.4,3.51,16.75,12,-0.1666666666666643,12,1.0
1,1,1,9238,1,1,124.0,1,34,34,0,0,129.3,0,0,0,1,0,0,19,0,0,6,8,6,11.5,0,0,6,7,6,11.166666666666666,0,7.6,2.6,0.32,11.333333333333332,12,-0.3333333333333339,12,1.0
1,1,1,9238,1,1,116.0,1,38,38,9,8,108.7,1,0,0,1,1,0,18,0,0,6,9,5,11.0,0,0,6,12,0,0.0,0,11.1,0.6,2.02,5.5,5,-11.0,12,0.4166666666666667
1,1,1,9254,1,1,145.0,1,1,38,4,9,131.7,1,0,0,1,0,1,21,0,0,6,8,6,12.166666666666666,0,0,6,11,3,11.666666666666666,0,10.8,1.4,1.74,11.916666666666666,9,-0.5,12,0.75
1,39,1,9500,1,1,110.0,1,37,37,9,9,130.0,0,0,1,0,0,0,32,0,0,7,12,4,13.7,0,0,7,7,0,0.0,0,16.2,0.3,-0.92,6.85,4,-13.7,14,0.2857142857142857
1,1,1,9085,1,1,145.0,1,38,37,3,9,138.4,1,0,0,0,0,0,18,0,0,6,7,6,14.833333333333334,0,0,6,8,6,12.5,0,8.9,1.4,3.51,13.666666666666668,12,-2.333333333333334,12,1.0
1,17,6,9500,1,1,135.0,1,19,19,7,7,128.0,1,0,0,1,0,1,18,0,0,7,7,7,14.44142857142857,0,0,8,8,8,13.65625,0,11.1,0.6,2.02,14.048839285714285,15,-0.7851785714285704,15,1.0
1,17,3,171,1,1,147.0,1,19,1,5,4,137.6,1,0,0,1,0,1,20,0,0,0,0,0,0.0,0,0,0,0,0,0.0,0,12.7,3.7,-1.7,0.0,0,0.0,0,0.0
1,39,1,9254,1,19,133.1,1,19,1,9,5,97.0,0,0,1,0,1,0,36,0,0,5,10,0,0.0,0,0,5,5,0,0.0,0,15.5,2.8,-4.06,0.0,0,0.0,10,0.0
1,44,1,9085,1,1,150.0,1,29,10,6,6,150.0,1,0,0,1,0,0,21,0,0,6,0,0,0.0,0,0,6,0,0,0.0,0,10.8,1.4,1.74,0.0,0,0.0,12,0.0
2,43,1,9991,0,3,140.0,1,37,19,9,4,140.0,0,0,1,1,0,0,34,0,4,10,25,5,12.2,0,3,9,18,8,12.22222222222222,0,16.2,0.3,-0.92,12.211111111111109,13,0.022222222222220367,19,0.6842105263157895
4,39,1,8014,0,1,138.0,1,19,19,90,90,127.0,0,0,0,0,0,0,37,0,0,4,4,0,0.0,0,0,5,10,0,0.0,0,10.8,1.4,1.74,0.0,0,0.0,9,0.0
1,1,2,9773,1,1,138.0,1,19,1,9,3,133.5,1,0,0,1,0,0,18,0,0,6,6,6,12.666666666666666,0,0,6,6,6,13.666666666666666,0,12.7,3.7,-1.7,13.166666666666666,12,1.0,12,1.0
1,39,1,9991,0,19,133.1,1,38,19,9,10,142.7,0,0,1,1,1,1,34,0,0,5,11,5,14.714285714285714,0,0,5,14,5,14.375,5,16.2,0.3,-0.92,14.544642857142858,10,-0.3392857142857135,10,1.0
1,39,1,9003,1,1,133.1,1,1,37,9,8,130.0,0,0,0,1,1,0,29,0,0,3,4,0,0.0,0,0,4,8,0,0.0,0,16.2,0.3,-0.92,0.0,0,0.0,7,0.0
1,1,1,171,1,1,150.0,1,38,19,7,10,134.6,0,0,0,1,0,0,20,0,0,0,0,0,0.0,0,0,0,0,0,0.0,0,15.5,2.8,-4.06,0.0,0,0.0,0,0.0
1,1,2,9147,1,1,132.0,1,1,19,4,3,126.4,1,0,0,1,0,1,18,0,0,5,13,3,10.6,0,0,5,12,3,10.5,0,13.9,-0.3,0.79,10.55,6,-0.09999999999999964,10,0.6
1,1,1,9500,1,1,117.0,1,19,19,194,193,117.4,1,0,0,1,0,0,19,0,0,7,12,5,11.8,0,0,7,9,6,11.708333333333334,0,11.1,0.6,2.02,11.754166666666666,11,-0.09166666666666679,14,0.7857142857142857
1,1,6,9853,1,1,136.0,1,1,19,5,5,122.0,0,0,0,1,0,0,18,0,0,6,6,6,12.666666666666666,0,0,6,6,6,12.0,0,7.6,2.6,0.32,12.333333333333332,12,-0.6666666666666661,12,1.0
1,39,1,9500,1,1,140.0,1,37,37,9,6,132.8,0,0,0,1,1,0,35,0,0,7,10,4,12.6,0,0,7,9,5,12.38,0,12.4,0.5,1.79,12.49,9,-0.21999999999999886,14,0.6428571428571429
1,1,3,9773,1,1,133.1,1,38,38,5,5,131.3,1,0,0,1,0,1,18,0,0,6,7,6,12.285714285714286,0,0,6,6,6,13.5,0,8.9,1.4,3.51,12.892857142857142,12,1.2142857142857135,12,1.0
1,17,1,9130,1,1,143.0,1,3,3,2,2,131.8,1,0,1,0,0,0,18,0,0,6,9,5,12.4,0,0,6,12,5,14.166666666666666,0,8.9,1.4,3.51,13.283333333333333,10,1.7666666666666657,12,0.8333333333333334
1,43,4,9085,1,1,133.1,1,34,34,99,99,125.2,0,0,0,1,0,0,21,0,0,6,0,0,0.0,0,0,6,0,0,0.0,0,7.6,2.6,0.32,0.0,0,0.0,12,0.0
1,7,1,8014,0,43,180.0,1,19,19,9,4,180.0,0,0,0,1,0,0,37,0,12,14,14,14,16.5,0,8,11,11,11,16.90909090909091,0,8.9,1.4,3.51,16.704545454545453,25,0.40909090909091006,25,1.0
1,1,1,9254,1,1,152.0,1,37,19,9,9,137.0,1,0,0,1,0,1,22,0,0,6,9,6,13.875,0,0,6,6,6,14.333333333333334,0,9.4,-0.8,-3.12,14.104166666666668,12,0.4583333333333339,12,1.0
1,1,3,171,1,1,140.0,1,37,37,9,9,124.3,1,0,0,1,1,0,18,0,0,0,0,0,0.0,0,0,0,0,0,0.0,0,7.6,2.6,0.32,0.0,0,0.0,0,0.0
1,17,1,9991,0,1,120.0,1,38,3,9,3,116.9,1,0,1,0,0,0,26,0,0,5,5,0,0.0,0,0,5,6,0,0.0,0,10.8,1.4,1.74,0.0,0,0.0,10,0.0
1,17,4,9147,1,1,114.0,1,19,19,4,4,109.5,1,0,0,1,1,1,20,0,0,5,6,5,11.8,0,0,5,8,4,11.6,0,8.9,1.4,3.51,11.7,9,-0.20000000000000107,10,0.9
1,1,1,9500,1,1,153.0,1,38,19,9,5,138.5,1,0,0,1,0,1,20,0,0,8,8,7,15.798571428571426,0,0,8,8,7,15.798571428571426,0,10.8,1.4,1.74,15.798571428571426,14,0.0,16,0.875
2,39,1,9991,0,1,140.0,1,37,37,9,9,120.0,0,0,0,0,0,0,38,0,0,5,6,5,10.6,0,0,5,9,2,11.0,0,12.7,3.7,-1.7,10.8,7,0.40000000000000036,10,0.7
1,18,1,9254,1,1,118.0,1,38,38,5,5,123.3,1,0,0,1,1,0,26,0,0,6,10,4,10.0,0,0,6,11,3,12.0,0,9.4,-0.8,-3.12,11.0,7,2.0,12,0.5833333333333334
2,43,1,9130,1,9,133.1,1,34,34,0,0,128.2,0,0,0,1,1,0,28,0,0,5,9,0,0.0,0,0,5,5,0,0.0,0,7.6,2.6,0.32,0.0,0,0.0,10,0.0
1,1,1,9238,1,1,151.0,1,19,38,9,9,157.0,1,0,1,1,0,1,18,0,0,6,8,5,11.6,0,0,6,12,4,11.0,0,7.6,2.6,0.32,11.3,9,-0.5999999999999996,12,0.75
1,5,1,9085,1,1,150.0,1,1,1,4,4,139.4,0,0,0,1,0,0,18,0,0,5,9,3,12.0,1,0,5,6,4,13.0,0,7.6,2.6,0.32,12.5,7,1.0,10,0.7
1,17,3,9853,1,1,140.0,1,38,38,5,7,126.7,1,0,0,1,0,0,19,0,0,6,9,5,12.4,0,0,6,10,3,10.666666666666666,0,10.8,1.4,1.74,11.533333333333333,8,-1.7333333333333343,12,0.6666666666666666
1,39,1,9147,1,1,110.0,1,37,37,9,9,110.3,0,0,1,0,1,0,26,0,0,5,5,0,0.0,0,0,5,9,0,0.0,0,10.8,1.4,1.74,0.0,0,0.0,10,0.0
1,1,1,9238,1,1,133.1,1,1,1,4,10,110.0,0,0,1,1,0,0,23,0,0,6,8,6,12.625,0,0,6,6,6,14.166666666666666,0,12.7,3.7,-1.7,13.395833333333332,12,1.541666666666666,12,1.0
1,17,5,9670,1,1,127.0,1,3,4,2,2,122.8,0,0,0,1,1,0,20,0,0,6,6,3,12.333333333333334,0,0,6,9,0,0.0,0,10.8,1.4,1.74,6.166666666666667,3,-12.333333333333334,12,0.25
1,1,2,9773,1,1,129.0,1,37,37,9,7,117.1,1,0,0,1,0,0,20,0,0,6,12,1,17.0,0,0,6,12,1,17.0,0,9.4,-0.8,-3.12,17.0,2,0.0,12,0.16666666666666666
1,43,1,9500,1,1,140.0,1,19,19,7,7,138.6,0,0,0,1,0,1,19,0,0,7,9,6,14.25,0,0,8,11,8,13.063636363636364,0,16.2,0.3,-0.92,13.656818181818181,14,-1.1863636363636356,15,0.9333333333333333
1,18,1,9500,1,1,123.0,1,37,37,3,3,118.0,1,0,0,1,0,1,19,0,0,8,8,7,11.82,0,0,8,8,7,11.82,0,10.8,1.4,1.74,11.82,14,0.0,16,0.875
4,39,1,9670,1,1,140.0,1,2,1,3,9,170.0,0,0,1,0,1,0,53,0,0,6,11,3,14.333333333333334,0,0,6,6,0,0.0,0,12.7,3.7,-1.7,7.166666666666667,3,-14.333333333333334,12,0.25
1,1,3,9500,1,1,141.0,1,19,19,9,9,126.0,1,0,0,1,0,0,18,0,0,8,8,7,15.657142857142857,0,0,8,8,7,15.657142857142857,0,12.7,3.7,-1.7,15.657142857142857,14,0.0,16,0.875
1,1,1,9500,1,1,131.0,1,4,4,2,1,120.5,0,0,0,1,0,0,19,0,0,7,7,6,14.15,0,0,7,7,6,14.15,0,7.6,2.6,0.32,14.15,12,0.0,14,0.8571428571428571
1,17,1,9238,1,1,132.0,1,37,38,9,5,120.8,0,0,0,1,0,1,19,0,0,6,11,5,11.6,0,0,6,10,6,11.714285714285714,0,15.5,2.8,-4.06,11.657142857142857,11,0.11428571428571388,12,0.9166666666666666
1,39,1,9003,1,19,133.1,1,37,37,9,9,130.0,0,0,0,1,0,0,44,0,0,6,10,1,12.0,0,0,6,6,0,0.0,0,11.1,0.6,2.02,6.0,1,-12.0,12,0.08333333333333333
1,1,4,9500,1,1,142.0,1,1,3,1,2,133.0,0,0,0,1,0,1,20,0,0,8,8,7,14.565714285714288,0,0,8,8,7,14.565714285714288,0,10.8,1.4,1.74,14.565714285714288,14,0.0,16,0.875
1,17,3,9119,1,1,138.0,1,1,19,4,3,125.4,1,0,0,1,1,1,18,0,0,5,9,4,12.25,0,0,5,9,3,12.333333333333334,0,8.9,1.4,3.51,12.291666666666668,7,0.08333333333333393,10,0.7
2,39,1,9119,1,3,120.0,1,37,37,4,7,122.5,0,0,0,0,0,0,32,0,0,5,6,0,0.0,0,0,5,5,0,0.0,0,12.7,3.7,-1.7,0.0,0,0.0,10,0.0
1,1,1,9254,1,1,136.0,1,12,1,4,4,122.0,1,0,0,1,0,0,18,0,0,6,8,6,11.333333333333334,0,0,6,11,6,10.833333333333334,0,7.6,2.6,0.32,11.083333333333334,12,-0.5,12,1.0
1,18,1,9130,1,1,135.0,1,38,19,9,5,121.7,1,0,0,1,0,1,18,0,0,5,7,4,11.5,0,0,5,5,5,12.4,0,10.8,1.4,1.74,11.95,9,0.9000000000000004,10,0.9
2,18,2,8014,0,1,140.0,1,37,37,9,10,120.4,0,0,1,0,0,0,39,0,0,5,5,0,0.0,0,0,4,4,0,0.0,0,9.4,-0.8,-3.12,0.0,0,0.0,9,0.0
1,1,5,9254,1,1,131.0,1,19,37,9,9,123.7,0,0,0,1,0,1,19,0,0,6,8,5,11.666666666666666,0,0,6,7,5,12.2,0,8.9,1.4,3.51,11.933333333333334,10,0.5333333333333332,12,0.8333333333333334
1,1,1,9238,1,1,145.0,1,19,37,4,7,148.9,1,0,0,1,0,1,18,0,0,6,6,6,13.666666666666666,0,0,6,6,6,13.0,0,10.8,1.4,1.74,13.333333333333332,12,-0.6666666666666661,12,1.0
1,43,4,171,1,1,136.0,1,37,37,9,9,123.8,1,0,0,1,1,0,19,0,0,0,0,0,0.0,0,0,0,0,0,0.0,0,7.6,2.6,0.32,0.0,0,0.0,0,0.0
1,44,1,9003,1,39,150.0,1,37,19,9,9,150.0,0,0,0,1,1,1,24,0,0,6,9,6,13.555555555555555,0,0,6,7,6,12.666666666666666,0,13.9,-0.3,0.79,13.11111111111111,12,-0.8888888888888893,12,1.0
1,39,2,9670,1,1,140.0,1,34,34,0,0,100.0,0,0,0,1,0,0,28,0,0,5,6,4,12.5,0,0,5,7,4,11.75,0,7.6,2.6,0.32,12.125,8,-0.75,10,0.8
1,1,1,9119,1,1,150.0,1,1,1,3,3,143.4,0,0,0,0,1,1,18,0,0,5,5,5,14.2,0,0,5,5,5,14.2,0,8.9,1.4,3.51,14.2,10,0.0,10,1.0
1,1,1,9070,1,1,140.0,1,19,38,4,4,138.3,0,0,0,1,1,0,20,0,1,6,8,6,13.428571428571429,1,0,6,12,4,11.5,0,13.9,-0.3,0.79,12.464285714285715,10,-1.9285714285714288,12,0.8333333333333334
1,1,2,9853,1,1,121.0,1,38,38,7,5,120.0,1,0,0,1,0,0,18,0,0,6,10,3,12.0,0,0,6,8,4,10.25,0,10.8,1.4,1.74,11.125,7,-1.75,12,0.5833333333333334
1,17,1,8014,0,1,125.0,1,37,37,5,6,122.2,1,0,1,1,0,0,19,0,0,6,6,6,12.166666666666666,0,0,6,7,6,11.666666666666666,0,10.8,1.4,1.74,11.916666666666666,12,-0.5,12,1.0
1,17,1,9254,1,1,102.0,1,37,37,7,7,102.0,0,0,0,1,0,0,19,0,0,6,8,5,11.8,0,0,6,8,5,11.6,0,10.8,1.4,1.74,11.7,10,-0.20000000000000107,12,0.8333333333333334
1,1,5,9500,1,1,133.1,1,1,1,5,8,123.0,1,0,0,1,0,0,19,0,0,8,8,7,13.714285714285714,0,0,8,8,7,13.714285714285714,0,12.7,3.7,-1.7,13.714285714285714,14,0.0,16,0.875
1,17,1,8014,0,1,132.0,1,37,19,5,5,121.2,0,0,0,1,0,0,18,0,0,6,8,5,12.2,0,0,6,10,5,12.8,0,10.8,1.4,1.74,12.5,10,0.6000000000000014,12,0.8333333333333334
1,1,3,9147,1,1,133.0,1,38,19,9,10,125.0,1,0,0,1,0,0,18,0,0,5,6,5,12.8,1,0,5,6,5,12.6,0,9.4,-0.8,-3.12,12.7,10,-0.20000000000000107,10,1.0
1,43,1,9556,1,1,126.0,1,2,3,3,2,100.0,0,0,0,1,0,0,25,0,2,7,10,3,13.0,0,1,8,10,3,11.666666666666666,4,10.8,1.4,1.74,12.333333333333332,6,-1.333333333333334,15,0.4
1,39,1,9147,1,1,160.0,1,38,38,7,9,121.4,0,1,0,1,0,1,26,0,0,5,8,4,13.0,0,0,5,10,4,12.25,2,16.2,0.3,-0.92,12.625,8,-0.75,10,0.8
2,39,1,8014,0,12,110.0,1,37,37,7,9,120.0,0,0,0,1,0,0,42,0,0,6,6,6,11.666666666666666,0,0,6,6,6,13.666666666666666,0,10.8,1.4,1.74,12.666666666666666,12,2.0,12,1.0
1,17,1,9070,1,1,116.0,1,38,38,9,9,123.7,0,0,0,1,0,0,20,0,0,6,6,6,14.5,0,0,6,7,6,13.5,0,11.1,0.6,2.02,14.0,12,-1.0,12,1.0
1,1,1,9085,1,1,136.0,1,1,38,9,9,130.8,1,0,0,1,0,0,18,0,0,5,7,5,14.4,1,0,5,5,5,13.6,0,12.7,3.7,-1.7,14.0,10,-0.8000000000000007,10,1.0
1,1,2,9500,1,1,138.0,1,19,1,5,5,128.0,1,0,0,1,0,0,19,0,0,7,7,7,14.20857142857143,0,0,8,9,8,15.127777777777778,0,11.1,0.6,2.02,14.668174603174604,15,0.9192063492063482,15,1.0
2,39,1,9991,0,1,135.0,1,34,34,0,0,134.1,1,0,0,0,1,0,49,0,0,5,5,0,0.0,0,0,5,5,0,0.0,0,7.6,2.6,0.32,0.0,0,0.0,10,0.0
1,17,6,9238,1,1,138.0,1,3,3,1,2,123.0,1,0,0,1,0,0,19,0,0,6,11,5,10.8,0,0,6,12,5,11.333333333333334,0,15.5,2.8,-4.06,11.066666666666666,10,0.5333333333333332,12,0.8333333333333334
1,17,2,9254,1,1,116.0,1,19,38,5,5,116.0,1,0,0,1,0,0,19,0,0,6,7,6,12.714285714285714,0,0,6,6,6,11.833333333333334,0,8.9,1.4,3.51,12.273809523809524,12,-0.8809523809523796,12,1.0
1,39,1,9991,0,1,120.0,1,19,37,6,8,160.0,0,0,0,1,1,0,40,0,0,5,5,5,11.0,0,0,5,5,5,13.4,0,15.5,2.8,-4.06,12.2,10,2.4000000000000004,10,1.0
1,17,3,9085,1,1,130.0,1,19,37,5,5,121.3,1,0,0,1,0,0,21,0,0,5,14,2,13.0,2,0,5,8,4,12.0,1,9.4,-0.8,-3.12,12.5,6,-1.0,10,0.6
1,17,1,9070,1,1,119.0,1,37,38,9,8,124.6,1,0,0,1,0,0,20,0,0,6,6,6,12.5,0,0,6,6,6,12.666666666666666,0,7.6,2.6,0.32,12.583333333333332,12,0.16666666666666607,12,1.0
1,1,5,9773,1,1,138.0,1,19,19,9,9,139.4,1,0,0,1,0,0,18,0,0,6,7,5,12.8,0,0,6,10,4,12.2,0,10.8,1.4,1.74,12.5,9,-0.6000000000000014,12,0.75
1,43,2,9556,1,1,120.0,1,1,19,4,3,110.2,0,0,0,1,0,0,27,0,0,7,9,7,12.228571428571428,0,1,8,10,8,13.2125,0,10.8,1.4,1.74,12.720535714285713,15,0.9839285714285726,15,1.0
1,17,1,9670,1,3,110.0,1,12,3,5,8,106.5,1,0,1,0,0,0,20,0,0,6,6,0,0.0,0,0,6,9,0,0.0,0,10.8,1.4,1.74,0.0,0,0.0,12,0.0
4,39,1,9991,0,1,133.1,1,37,37,6,6,136.2,0,0,0,1,0,0,39,0,0,5,6,5,11.0,0,0,5,9,5,11.666666666666666,0,10.8,1.4,1.74,11.333333333333332,10,0.6666666666666661,10,1.0
1,7,1,9003,1,3,130.0,1,1,38,9,7,130.0,1,0,0,0,1,0,32,0,11,17,31,11,12.727272727272728,4,10,12,24,10,12.7,1,15.5,2.8,-4.06,12.713636363636365,21,-0.027272727272729114,29,0.7241379310344828
1,1,1,9085,1,1,150.0,1,12,2,4,2,144.6,0,0,1,0,0,0,24,0,0,5,6,1,13.0,0,0,5,5,0,0.0,0,7.6,2.6,0.32,6.5,1,-13.0,10,0.1
1,44,1,9003,1,39,130.0,1,38,38,9,5,130.0,0,0,1,0,1,0,20,0,0,6,16,4,11.8,0,0,6,15,2,12.0,0,16.2,0.3,-0.92,11.9,6,0.1999999999999993,12,0.5
1,1,6,9500,1,1,144.0,1,19,19,9,9,130.5,1,0,0,1,0,0,18,0,0,8,12,7,11.971428571428572,0,0,8,12,7,11.971428571428572,0,12.7,3.7,-1.7,11.971428571428572,14,0.0,16,0.875
1,43,1,171,1,1,120.0,1,3,3,2,2,120.0,1,0,0,1,1,0,22,0,0,0,0,0,0.0,0,0,0,0,0,0.0,0,7.6,2.6,0.32,0.0,0,0.0,0,0.0
1,17,4,9070,1,1,116.0,1,38,37,9,9,109.0,0,0,0,1,0,1,23,0,0,6,6,6,13.333333333333334,0,0,6,8,3,12.666666666666666,0,11.1,0.6,2.02,13.0,9,-0.6666666666666679,12,0.75
1,44,1,9085,1,39,150.0,1,38,1,5,5,150.0,0,0,0,1,0,0,20,0,0,5,10,2,14.5,1,0,5,7,4,11.25,0,12.7,3.7,-1.7,12.875,6,-3.25,10,0.6
1,1,4,9500,1,1,137.0,1,19,38,9,3,125.0,1,0,0,1,0,0,19,0,0,7,7,6,14.616666666666667,0,0,7,7,6,14.616666666666667,0,7.6,2.6,0.32,14.616666666666667,12,0.0,14,0.8571428571428571
2,39,1,9991,0,39,140.0,1,38,19,9,5,110.0,0,0,0,1,0,1,35,0,0,5,9,3,11.666666666666666,0,0,5,7,5,11.8,0,12.7,3.7,-1.7,11.733333333333334,8,0.13333333333333464,10,0.8
1,17,2,9670,1,1,124.0,1,1,19,5,4,124.4,0,0,0,1,0,0,19,0,0,5,5,5,14.2,0,0,5,5,5,14.2,0,7.6,2.6,0.32,14.2,10,0.0,10,1.0
1,17,2,9254,1,1,121.0,1,19,38,6,6,116.1,1,0,0,1,1,0,19,0,0,6,8,5,11.2,0,0,6,11,4,12.5,0,15.5,2.8,-4.06,11.85,9,1.3000000000000007,12,0.75
1,1,1,171,1,1,134.0,1,19,37,7,7,136.1,1,0,0,1,1,0,19,0,0,0,0,0,0.0,0,0,0,0,0,0.0,0,9.4,-0.8,-3.12,0.0,0,0.0,0,0.0
4,43,1,9238,1,1,120.0,1,37,37,9,9,110.0,0,0,1,1,0,0,34,0,0,6,13,4,11.25,0,0,6,8,4,13.75,0,13.9,-0.3,0.79,12.5,8,2.5,12,0.6666666666666666
1,39,1,9991,0,1,100.0,1,37,19,9,2,121.9,0,0,0,0,0,0,40,0,0,4,4,0,0.0,0,0,5,0,0,0.0,0,12.7,3.7,-1.7,0.0,0,0.0,9,0.0
1,1,3,9500,1,1,143.0,1,37,38,7,7,133.8,1,0,0,1,0,0,18,0,0,8,8,8,14.26875,0,0,8,8,8,14.26875,0,9.4,-0.8,-3.12,14.26875,16,0.0,16,1.0
1,1,4,9500,1,1,133.0,1,19,19,9,5,120.1,1,0,0,1,0,1,19,0,0,7,9,6,12.428571428571429,0,0,8,8,8,14.0,0,13.9,-0.3,0.79,13.214285714285715,14,1.5714285714285712,15,0.9333333333333333
1,39,1,9003,1,19,133.1,1,37,37,9,10,120.0,0,0,1,0,1,0,38,0,0,6,8,0,0.0,0,0,6,10,0,0.0,0,16.2,0.3,-0.92,0.0,0,0.0,12,0.0
1,18,4,9773,1,1,130.0,1,19,19,4,4,121.3,1,0,0,1,0,0,20,0,0,6,12,5,12.0,0,0,6,8,6,11.571428571428571,0,15.5,2.8,-4.06,11.785714285714285,11,-0.4285714285714288,12,0.9166666666666666
1,17,1,9773,1,1,145.0,1,1,38,90,8,132.8,1,0,0,0,1,0,21,0,0,6,10,2,12.0,0,0,6,0,0,0.0,0,10.8,1.4,1.74,6.0,2,-12.0,12,0.16666666666666666
1,1,1,171,1,1,140.0,1,19,37,5,6,137.9,1,0,1,0,0,0,18,0,0,0,0,0,0.0,0,0,0,0,0,0.0,0,8.9,1.4,3.51,0.0,0,0.0,0,0.0
1,17,1,9773,1,1,120.0,1,19,38,9,7,117.9,1,0,0,1,0,1,21,0,0,6,6,5,13.0,0,0,6,7,6,12.833333333333334,0,8.9,1.4,3.51,12.916666666666668,11,-0.16666666666666607,12,0.9166666666666666
4,39,1,9147,1,1,140.0,1,37,37,9,9,142.8,0,0,0,1,0,0,43,0,0,5,5,5,16.4,0,0,5,5,5,16.6,0,7.6,2.6,0.32,16.5,10,0.20000000000000284,10,1.0
1,1,3,9773,1,1,146.0,1,38,38,9,7,134.1,1,0,0,1,1,1,18,0,0,6,6,6,12.5,0,0,6,7,6,12.666666666666666,0,10.8,1.4,1.74,12.583333333333332,12,0.16666666666666607,12,1.0
1,44,1,9130,1,39,140.0,1,19,19,5,5,140.0,1,0,1,0,0,0,20,0,1,6,11,3,12.0,0,0,6,11,2,11.0,0,12.4,0.5,1.79,11.5,5,-1.0,12,0.4166666666666667
1,39,1,8014,0,1,100.0,1,12,5,9,4,116.5,0,0,1,0,0,0,37,0,0,6,6,0,0.0,0,0,5,5,0,0.0,0,8.9,1.4,3.51,0.0,0,0.0,11,0.0
1,18,1,9500,1,1,124.0,1,38,37,9,7,119.3,1,0,0,1,0,0,19,0,0,8,8,8,13.11625,0,0,8,8,8,13.11625,0,9.4,-0.8,-3.12,13.11625,16,0.0,16,1.0
1,1,6,9500,1,1,144.0,1,1,19,9,4,130.8,1,0,0,1,0,1,19,0,0,8,8,7,14.214285714285714,0,0,8,8,7,14.214285714285714,0,12.7,3.7,-1.7,14.214285714285714,14,0.0,16,0.875
1,1,1,9500,1,1,125.0,1,19,38,9,8,118.3,0,0,0,1,1,0,20,0,0,8,12,5,12.002,1,0,8,12,5,12.002,1,10.8,1.4,1.74,12.002,10,0.0,16,0.625
1,1,4,9238,1,1,123.0,1,38,1,4,10,129.0,1,0,0,1,0,0,19,0,0,6,8,6,11.666666666666666,0,0,6,6,6,12.333333333333334,0,10.8,1.4,1.74,12.0,12,0.6666666666666679,12,1.0
1,39,1,9130,1,1,130.0,1,19,1,191,144,110.0,0,0,0,1,1,0,24,0,0,6,11,6,11.333333333333334,0,0,6,12,3,11.333333333333334,0,16.2,0.3,-0.92,11.333333333333334,9,0.0,12,0.75
1,43,1,9670,1,1,160.0,1,34,34,99,99,100.1,0,0,0,0,1,0,35,0,6,10,10,7,12.142857142857142,0,4,9,9,4,12.25,0,7.6,2.6,0.32,12.196428571428571,11,0.10714285714285765,19,0.5789473684210527
1,39,1,8014,0,1,133.1,1,1,19,5,4,102.5,0,0,0,1,0,1,27,0,0,6,16,1,10.0,0,0,6,13,0,0.0,0,8.9,1.4,3.51,5.0,1,-10.0,12,0.08333333333333333
1,17,3,9670,1,1,125.0,1,1,3,4,3,117.3,1,0,0,1,0,0,18,0,0,6,8,6,14.0,0,0,6,9,5,14.0,0,8.9,1.4,3.51,14.0,11,0.0,12,0.9166666666666666
1,42,1,9773,1,1,133.1,1,19,6,4,3,120.0,0,0,0,1,1,0,27,0,0,4,8,0,0.0,0,0,5,10,0,0.0,0,9.4,-0.8,-3.12,0.0,0,0.0,9,0.0
1,18,1,9500,1,1,144.0,1,37,37,6,6,127.5,1,0,0,1,0,1,19,0,0,8,8,7,13.542857142857144,0,0,8,8,7,13.542857142857144,0,12.7,3.7,-1.7,13.542857142857144,14,0.0,16,0.875
1,17,1,9147,1,1,162.0,1,1,38,4,5,138.6,1,0,0,1,0,0,19,0,0,5,10,1,11.0,0,0,5,13,0,0.0,0,12.7,3.7,-1.7,5.5,1,-11.0,10,0.1
1,43,1,9991,0,1,120.0,1,37,37,9,9,115.8,0,0,1,0,1,0,28,0,4,9,14,4,10.0,0,1,6,6,1,10.0,0,12.7,3.7,-1.7,10.0,5,0.0,15,0.3333333333333333
1,1,1,9500,1,1,125.0,1,37,19,9,9,122.4,1,0,0,1,1,0,19,0,0,7,7,7,13.725714285714286,0,0,8,8,8,14.5,0,11.1,0.6,2.02,14.112857142857143,15,0.774285714285714,15,1.0
1,1,1,171,1,1,150.0,1,38,19,9,9,137.8,1,0,0,1,1,1,19,0,0,0,0,0,0.0,0,0,0,0,0,0.0,0,13.9,-0.3,0.79,0.0,0,0.0,0,0.0
1,39,1,9003,1,19,133.1,1,1,19,9,8,120.0,0,0,1,0,1,0,27,0,0,6,11,2,11.5,0,0,6,7,0,0.0,0,8.9,1.4,3.51,5.75,2,-11.5,12,0.16666666666666666
1,15,1,9147,1,1,130.0,26,1,1,2,3,130.0,0,0,0,1,0,0,19,1,0,5,10,4,12.0,0,0,5,6,5,11.4,0,11.1,0.6,2.02,11.7,9,-0.5999999999999996,10,0.9
1,43,3,171,1,1,120.0,1,37,37,9,9,143.3,1,0,0,1,0,1,20,0,0,0,0,0,0.0,0,0,0,0,0,0.0,0,7.6,2.6,0.32,0.0,0,0.0,0,0.0
1,39,1,9003,1,1,133.1,1,1,1,1,6,120.0,0,0,0,0,1,0,24,0,0,6,0,0,0.0,0,0,6,0,0,0.0,0,13.9,-0.3,0.79,0.0,0,0.0,12,0.0
1,17,2,9853,1,1,133.1,1,19,1,9,3,107.0,1,0,0,1,0,0,20,0,0,7,12,6,11.666666666666666,0,0,7,10,3,13.0,0,16.2,0.3,-0.92,12.333333333333332,9,1.333333333333334,14,0.6428571428571429
2,51,1,9500,1,1,130.0,1,37,37,5,5,120.0,0,0,0,1,1,0,44,0,0,7,11,5,12.1,0,0,7,10,5,12.6,0,11.1,0.6,2.02,12.35,10,0.5,14,0.7142857142857143
1,1,1,9119,1,1,130.0,1,37,19,9,5,140.2,1,0,0,1,1,0,20,0,0,5,5,0,0.0,0,0,5,0,0,0.0,0,9.4,-0.8,-3.12,0.0,0,0.0,10,0.0
2,39,1,8014,0,1,150.0,1,37,37,7,5,143.0,0,0,0,1,0,0,40,0,5,9,9,9,15.88888888888889,0,3,7,7,7,14.142857142857142,0,12.7,3.7,-1.7,15.015873015873016,16,-1.746031746031747,16,1.0
1,1,1,9773,1,1,130.0,1,38,37,9,6,133.9,0,0,0,1,1,1,19,0,0,6,8,5,14.0,0,0,6,8,6,13.0,0,10.8,1.4,1.74,13.5,11,-1.0,12,0.9166666666666666
1,1,1,171,1,1,147.0,1,19,19,3,10,151.9,1,0,0,1,0,0,21,0,13,17,20,17,12.0,0,14,17,18,17,12.666666666666666,0,11.1,0.6,2.02,12.333333333333332,34,0.6666666666666661,34,1.0
1,53,1,9238,1,42,140.0,1,37,37,9,10,136.9,1,0,0,1,0,0,21,0,5,9,10,9,12.77777777777778,0,4,9,9,9,13.22222222222222,0,8.9,1.4,3.51,13.0,18,0.4444444444444393,18,1.0
1,39,1,9670,1,12,133.1,1,1,19,1,5,100.0,1,0,1,0,0,0,25,0,0,5,5,5,11.2,0,0,5,5,4,11.25,0,9.4,-0.8,-3.12,11.225,9,0.05000000000000071,10,0.9
1,44,1,9003,1,39,120.0,1,1,19,4,7,120.0,0,0,0,1,1,0,23,0,1,6,6,1,11.0,0,0,6,8,0,0.0,0,15.5,2.8,-4.06,5.5,1,-11.0,12,0.08333333333333333
1,44,1,9130,1,39,140.0,1,4,4,2,10,140.0,1,0,0,1,1,0,20,0,1,5,8,2,11.5,0,1,5,13,2,11.5,0,12.7,3.7,-1.7,11.5,4,0.0,10,0.4
1,17,4,9773,1,1,138.0,1,37,19,5,7,133.5,1,0,0,0,0,0,18,0,0,6,7,6,12.5,0,0,6,6,6,12.166666666666666,0,10.8,1.4,1.74,12.333333333333332,12,-0.3333333333333339,12,1.0
2,39,1,9991,0,1,110.0,1,37,37,9,9,130.0,0,0,0,0,1,0,42,0,0,4,4,0,0.0,0,0,5,0,0,0.0,0,12.7,3.7,-1.7,0.0,0,0.0,9,0.0
1,17,3,9500,1,1,132.0,1,3,1,2,7,125.5,1,0,0,1,1,0,18,0,0,8,8,7,13.154285714285717,0,0,8,8,7,13.154285714285717,0,10.8,1.4,1.74,13.154285714285717,14,0.0,16,0.875
1,1,2,9147,1,1,118.0,1,3,19,2,4,113.8,1,0,0,1,0,0,21,0,0,5,9,3,11.666666666666666,0,0,5,9,4,11.75,0,8.9,1.4,3.51,11.708333333333332,7,0.08333333333333393,10,0.7
1,1,2,9773,1,1,140.0,1,38,38,5,7,126.4,1,0,0,1,1,1,18,0,0,6,8,6,12.666666666666666,0,0,6,6,6,13.5,0,12.7,3.7,-1.7,13.083333333333332,12,0.8333333333333339,12,1.0
1,43,2,9773,1,1,132.0,1,19,19,0,0,127.1,0,0,0,1,1,0,23,0,0,6,9,6,12.333333333333334,0,0,6,11,5,13.0,0,7.6,2.6,0.32,12.666666666666668,11,0.6666666666666661,12,0.9166666666666666
1,44,1,9085,1,39,150.0,1,3,3,2,2,150.0,1,0,0,1,0,0,22,0,2,6,7,6,14.428571428571429,0,1,6,9,5,13.0,0,13.9,-0.3,0.79,13.714285714285715,11,-1.4285714285714288,12,0.9166666666666666
1,1,3,9670,1,1,106.0,1,3,1,2,3,105.7,1,0,0,1,1,0,19,0,0,6,6,6,13.333333333333334,0,0,6,9,5,13.8,0,8.9,1.4,3.51,13.566666666666666,11,0.4666666666666668,12,0.9166666666666666
1,17,1,9238,1,1,132.0,1,37,37,9,9,123.6,1,0,0,1,0,0,18,0,0,6,9,4,11.5,0,0,6,10,4,10.75,0,7.6,2.6,0.32,11.125,8,-0.75,12,0.6666666666666666
2,7,1,9500,1,3,130.0,1,37,37,9,5,130.0,0,0,0,1,0,0,32,0,0,7,9,7,13.761111111111113,0,1,8,11,7,12.06375,0,15.5,2.8,-4.06,12.912430555555556,14,-1.6973611111111122,15,0.9333333333333333
1,16,1,171,1,1,158.0,1,38,37,9,9,164.3,1,0,0,1,1,1,18,0,0,0,0,0,0.0,0,0,0,0,0,0.0,0,10.8,1.4,1.74,0.0,0,0.0,0,0.0
1,1,3,9773,1,1,121.0,1,19,19,3,3,116.1,0,0,0,1,0,1,18,0,0,6,6,6,13.166666666666666,0,0,6,6,6,12.166666666666666,0,12.4,0.5,1.79,12.666666666666666,12,-1.0,12,1.0
1,39,1,9085,1,40,130.0,1,3,2,3,2,160.0,1,0,0,1,0,0,27,0,0,6,7,6,16.142857142857142,0,0,6,7,6,14.666666666666666,0,13.9,-0.3,0.79,15.404761904761905,12,-1.4761904761904763,12,1.0
1,44,1,9085,1,39,140.0,1,3,1,2,3,140.0,1,0,0,1,0,0,19,0,0,6,10,5,12.666666666666666,0,0,6,19,4,11.75,0,12.4,0.5,1.79,12.208333333333332,9,-0.9166666666666661,12,0.75
1,1,1,171,1,1,130.0,1,1,38,5,9,118.1,0,0,1,0,1,0,18,0,0,0,0,0,0.0,0,0,0,0,0,0.0,0,9.4,-0.8,-3.12,0.0,0,0.0,0,0.0
1,39,1,9147,1,1,140.0,1,37,3,9,2,135.1,0,0,0,1,1,0,61,0,0,5,0,0,0.0,0,0,5,0,0,0.0,0,15.5,2.8,-4.06,0.0,0,0.0,10,0.0
1,10,1,9254,1,1,115.0,24,3,1,9,9,116.1,1,0,0,1,0,0,19,1,0,6,6,6,13.5,0,0,6,6,6,14.333333333333334,0,12.4,0.5,1.79,13.916666666666668,12,0.8333333333333339,12,1.0
1,44,1,8014,0,39,160.0,1,37,37,7,7,156.1,0,0,0,1,0,1,21,0,3,6,6,6,14.666666666666666,0,2,6,6,6,14.166666666666666,0,13.9,-0.3,0.79,14.416666666666666,12,-0.5,12,1.0
1,1,1,9500,1,1,154.0,1,1,1,5,3,144.9,0,0,0,1,1,1,18,0,0,7,7,7,15.957142857142856,0,0,8,9,8,15.188888888888888,0,16.2,0.3,-0.92,15.573015873015873,15,-0.7682539682539673,15,1.0
1,18,1,9991,0,1,112.0,1,43,40,2,2,106.4,0,0,0,1,1,0,22,0,0,5,0,0,0.0,0,0,5,0,0,0.0,0,8.9,1.4,3.51,0.0,0,0.0,10,0.0
1,53,1,9003,1,42,130.0,1,1,19,9,7,133.8,0,0,1,1,0,1,24,0,7,12,13,12,12.846153846153848,0,5,11,13,11,12.636363636363637,0,8.9,1.4,3.51,12.741258741258743,23,-0.2097902097902118,23,1.0
1,1,1,9085,1,1,105.0,1,19,37,8,8,102.6,0,1,0,1,0,0,21,0,0,6,13,4,12.0,0,0,6,17,2,11.5,0,11.1,0.6,2.02,11.75,6,-0.5,12,0.5
1,18,4,9147,1,1,130.0,1,37,37,9,9,119.9,1,0,0,0,0,0,34,0,0,5,5,0,0.0,0,0,5,0,0,0.0,0,9.4,-0.8,-3.12,0.0,0,0.0,10,0.0
1,1,1,9147,1,1,143.0,1,1,1,4,6,138.8,0,0,0,0,1,0,18,0,0,5,9,3,11.333333333333334,0,0,5,8,2,13.5,0,8.9,1.4,3.51,12.416666666666668,5,2.166666666666666,10,0.5
1,17,1,9500,1,1,131.0,1,2,38,4,5,132.3,1,0,0,1,0,0,19,0,0,7,7,6,11.683333333333332,0,0,7,7,6,11.683333333333332,0,7.6,2.6,0.32,11.683333333333332,12,0.0,14,0.8571428571428571
1,43,1,9500,1,1,127.0,1,19,19,4,7,121.1,0,0,0,1,0,1,18,0,0,7,11,5,12.16,0,0,7,7,2,13.4,0,16.2,0.3,-0.92,12.780000000000001,7,1.2400000000000002,14,0.5
1,43,1,8014,0,12,133.1,1,37,1,9,10,112.5,0,0,0,1,1,0,50,0,6,13,13,6,11.333333333333334,0,2,11,11,2,13.5,0,16.2,0.3,-0.92,12.416666666666668,8,2.166666666666666,24,0.3333333333333333
1,17,1,9773,1,1,117.0,1,37,37,0,4,120.5,1,0,0,1,1,0,19,0,0,6,12,0,0.0,1,0,6,0,0,0.0,0,9.4,-0.8,-3.12,0.0,0,0.0,12,0.0
3,1,2,9085,1,1,135.0,1,19,1,4,4,129.4,1,0,0,1,0,0,21,0,0,5,8,0,0.0,4,0,5,12,0,0.0,4,10.8,1.4,1.74,0.0,0,0.0,10,0.0
1,18,1,9670,1,1,128.0,1,19,3,9,7,120.0,1,0,0,1,0,0,19,0,0,6,8,6,14.125,0,0,6,10,5,14.5,0,11.1,0.6,2.02,14.3125,11,0.375,12,0.9166666666666666
1,1,4,171,1,1,131.0,1,1,1,0,3,149.9,1,0,0,1,1,0,18,0,0,0,0,0,0.0,0,0,0,0,0,0.0,0,11.1,0.6,2.02,0.0,0,0.0,0,0.0
1,1,1,9500,1,1,168.0,1,1,1,5,5,161.0,1,0,0,1,1,0,18,0,0,7,7,7,16.142857142857142,0,0,8,9,0,0.0,0,16.2,0.3,-0.92,8.071428571428571,7,-16.142857142857142,15,0.4666666666666667
1,1,1,9853,1,1,130.0,1,19,19,3,8,131.8,0,0,0,1,0,0,18,0,0,7,9,7,12.571428571428571,0,0,7,8,7,14.428571428571429,0,11.1,0.6,2.02,13.5,14,1.8571428571428577,14,1.0
1,51,1,171,1,1,128.0,1,2,1,3,3,131.2,1,0,0,1,1,0,21,0,6,12,12,12,13.666666666666666,0,4,11,16,11,13.0,0,8.9,1.4,3.51,13.333333333333332,23,-0.6666666666666661,23,1.0
1,17,1,9070,1,1,132.0,1,37,38,9,7,138.0,0,0,0,1,1,1,18,0,0,6,6,6,13.666666666666666,0,0,6,6,6,12.0,0,12.4,0.5,1.79,12.833333333333332,12,-1.666666666666666,12,1.0
1,7,1,8014,0,40,130.0,1,19,1,5,10,130.0,1,0,1,0,0,0,23,0,7,12,12,11,14.0,0,4,10,11,8,14.625,0,13.9,-0.3,0.79,14.3125,19,0.625,22,0.8636363636363636
1,17,2,9853,1,1,118.0,1,37,37,9,9,112.1,1,0,0,1,0,0,23,0,0,6,11,4,11.25,0,0,6,10,5,10.2,0,7.6,2.6,0.32,10.725,9,-1.0500000000000007,12,0.75
1,7,1,9147,1,3,120.0,1,1,39,4,7,120.0,0,0,0,1,0,0,33,0,2,5,9,2,14.0,0,0,5,5,0,0.0,0,12.4,0.5,1.79,7.0,2,-14.0,10,0.2
1,1,1,9070,1,1,133.1,1,19,19,7,7,117.0,0,0,0,1,0,0,20,0,0,6,0,0,0.0,0,0,6,0,0,0.0,0,15.5,2.8,-4.06,0.0,0,0.0,12,0.0
1,44,1,9003,1,39,120.0,1,19,38,6,6,120.0,1,0,0,1,1,0,19,0,0,6,8,6,12.142857142857142,0,0,6,11,5,13.6,0,12.4,0.5,1.79,12.87142857142857,11,1.4571428571428573,12,0.9166666666666666
1,1,6,9500,1,1,138.0,1,19,19,9,5,124.8,1,0,0,1,0,0,18,0,0,8,8,7,13.414285714285716,0,0,8,8,7,13.414285714285716,0,12.7,3.7,-1.7,13.414285714285716,14,0.0,16,0.875
1,1,5,9500,1,1,139.0,1,38,37,7,7,126.3,1,0,0,1,0,1,18,0,0,8,8,8,13.435,0,0,8,8,8,13.435,0,9.4,-0.8,-3.12,13.435,16,0.0,16,1.0
2,39,1,9991,0,1,130.0,1,37,37,9,9,127.8,0,0,0,1,1,0,37,0,0,5,7,4,10.75,0,0,5,7,3,11.333333333333334,0,7.6,2.6,0.32,11.041666666666668,7,0.5833333333333339,10,0.7
2,39,1,9500,1,1,133.1,1,37,37,9,9,130.1,0,0,0,0,1,0,37,0,0,7,10,5,13.0,0,0,7,9,5,12.88,0,11.1,0.6,2.02,12.940000000000001,10,-0.11999999999999922,14,0.7142857142857143
1,39,1,9991,0,1,120.0,1,37,37,9,9,120.0,1,0,0,0,1,0,25,0,0,5,5,0,0.0,0,0,5,5,0,0.0,0,9.4,-0.8,-3.12,0.0,0,0.0,10,0.0
1,1,1,9238,1,1,125.0,1,19,38,7,7,118.7,0,0,0,1,1,0,20,0,0,6,12,4,11.75,0,0,6,13,3,11.333333333333334,0,15.5,2.8,-4.06,11.541666666666668,7,-0.4166666666666661,12,0.5833333333333334
2,44,1,9119,1,39,160.0,1,37,37,9,9,160.0,0,0,1,1,1,0,41,0,3,7,15,5,14.333333333333334,0,1,6,16,6,14.636363636363637,0,12.4,0.5,1.79,14.484848484848484,11,0.30303030303030276,13,0.8461538461538461
1,17,3,9085,1,1,117.0,1,19,38,5,7,111.1,0,0,0,1,0,0,21,0,0,6,0,0,0.0,0,0,6,0,0,0.0,0,15.5,2.8,-4.06,0.0,0,0.0,12,0.0
1,17,4,9254,1,1,122.0,1,1,1,4,2,116.1,1,0,0,1,1,0,19,0,0,6,7,5,12.2,0,0,6,12,2,12.0,0,7.6,2.6,0.32,12.1,7,-0.1999999999999993,12,0.5833333333333334
1,43,1,9773,1,1,128.0,1,19,38,9,7,124.2,1,0,0,1,1,0,22,0,0,6,17,3,11.333333333333334,3,0,6,14,3,12.333333333333334,0,15.5,2.8,-4.06,11.833333333333334,6,1.0,12,0.5
1,43,1,9085,1,1,110.0,1,3,19,4,6,105.0,0,0,1,0,1,0,34,0,2,6,13,3,11.333333333333334,0,0,6,8,2,11.5,0,13.9,-0.3,0.79,11.416666666666668,5,0.16666666666666607,12,0.4166666666666667
1,39,1,9500,1,19,133.1,1,38,38,9,9,114.8,0,0,0,1,0,0,28,0,0,7,15,1,10.75,0,0,7,10,1,10.0,0,13.9,-0.3,0.79,10.375,2,-0.75,14,0.14285714285714285
1,1,2,9254,1,1,121.0,1,37,37,9,9,124.2,1,0,0,1,0,1,18,0,0,6,8,6,10.571428571428571,0,0,6,9,5,11.4,0,16.2,0.3,-0.92,10.985714285714286,11,0.8285714285714292,12,0.9166666666666666
1,42,1,9003,1,1,140.0,1,19,19,4,4,140.0,1,0,0,1,1,0,25,0,0,6,14,5,11.666666666666666,0,0,6,11,4,12.0,0,15.5,2.8,-4.06,11.833333333333332,9,0.3333333333333339,12,0.75
1,17,2,9773,1,1,132.0,1,19,19,9,6,120.1,1,0,0,1,0,1,18,0,0,6,6,6,13.666666666666666,0,0,6,6,6,14.0,0,8.9,1.4,3.51,13.833333333333332,12,0.3333333333333339,12,1.0
1,7,1,9500,1,3,140.0,1,1,37,9,5,140.0,0,0,0,1,0,0,30,0,0,8,8,7,15.675714285714283,0,0,8,8,7,15.675714285714283,0,10.8,1.4,1.74,15.675714285714283,14,0.0,16,0.875
1,1,1,9238,1,1,128.0,1,19,19,0,5,120.3,1,0,0,1,0,0,19,0,0,6,12,2,13.0,0,0,6,8,5,11.6,0,7.6,2.6,0.32,12.3,7,-1.4000000000000004,12,0.5833333333333334
1,44,1,9085,1,39,150.0,1,37,37,9,9,150.0,0,0,0,1,0,0,20,0,2,6,8,6,13.0,0,1,6,18,2,12.0,0,12.4,0.5,1.79,12.5,8,-1.0,12,0.6666666666666666
2,39,1,9773,1,19,133.1,1,37,37,9,6,110.0,0,0,0,0,0,0,53,0,0,5,5,0,0.0,0,0,4,5,0,0.0,0,15.5,2.8,-4.06,0.0,0,0.0,9,0.0
1,53,1,9085,1,42,130.0,1,19,1,9,9,130.0,1,0,1,0,0,0,24,0,7,9,9,8,13.125,0,4,9,13,6,13.0,0,8.9,1.4,3.51,13.0625,14,-0.125,18,0.7777777777777778
1,1,1,9238,1,1,115.0,1,38,38,8,7,112.9,1,0,0,1,0,1,19,0,0,6,7,6,11.857142857142858,0,0,6,8,6,13.142857142857142,0,12.4,0.5,1.79,12.5,12,1.2857142857142847,12,1.0
1,1,3,9500,1,1,131.0,1,19,3,3,2,126.1,1,0,0,1,0,0,18,0,0,7,8,7,12.59125,0,0,8,11,7,12.820000000000002,0,15.5,2.8,-4.06,12.705625000000001,14,0.22875000000000156,15,0.9333333333333333
1,39,1,9003,1,12,133.1,1,37,1,9,10,130.0,0,0,0,1,1,0,28,0,0,6,6,0,0.0,0,0,6,6,0,0.0,0,11.1,0.6,2.02,0.0,0,0.0,12,0.0
1,1,6,9147,1,1,112.0,1,38,38,9,9,117.3,1,0,0,1,0,0,20,0,0,5,8,4,12.0,0,0,5,8,5,11.2,0,11.1,0.6,2.02,11.6,9,-0.8000000000000007,10,0.9
1,17,2,171,1,1,137.0,1,1,1,4,1,143.3,1,0,0,1,0,0,18,0,0,0,0,0,0.0,0,0,0,0,0,0.0,0,9.4,-0.8,-3.12,0.0,0,0.0,0,0.0
1,17,5,9500,1,1,137.0,1,1,1,5,4,131.1,1,0,0,1,0,0,18,0,0,7,9,7,12.385714285714286,0,0,8,9,7,12.728571428571428,0,13.9,-0.3,0.79,12.557142857142857,14,0.34285714285714164,15,0.9333333333333333
1,44,1,9085,1,39,140.0,1,3,38,2,9,140.0,1,0,0,1,0,0,21,0,7,12,18,8,12.25,0,4,12,27,8,12.2,0,12.4,0.5,1.79,12.225,16,-0.05000000000000071,24,0.6666666666666666
1,17,1,9085,1,1,128.0,1,38,37,9,9,116.5,1,0,0,1,1,0,18,0,0,5,6,5,12.0,0,0,5,8,5,12.142857142857142,0,10.8,1.4,1.74,12.071428571428571,10,0.14285714285714235,10,1.0
1,43,1,9500,1,1,130.0,1,1,1,7,4,136.0,1,0,0,1,1,0,22,0,0,8,9,8,12.55375,1,0,8,9,8,12.55375,1,9.4,-0.8,-3.12,12.55375,16,0.0,16,1.0
1,1,3,9085,1,1,158.0,1,1,19,9,9,153.6,1,0,0,1,0,1,18,0,0,6,7,6,15.666666666666666,0,0,6,8,6,15.285714285714286,0,8.9,1.4,3.51,15.476190476190476,12,-0.3809523809523796,12,1.0
1,39,1,8014,0,1,133.1,1,37,11,9,7,96.0,0,0,1,0,1,0,50,0,0,6,6,0,0.0,0,0,5,6,0,0.0,0,12.4,0.5,1.79,0.0,0,0.0,11,0.0
1,1,1,171,1,1,159.0,1,3,1,4,4,162.2,1,0,1,0,0,0,18,0,0,0,0,0,0.0,0,0,0,0,0,0.0,0,12.4,0.5,1.79,0.0,0,0.0,0,0.0
2,39,1,9991,0,19,133.1,1,37,1,5,5,138.3,0,0,0,1,1,0,44,0,0,5,9,3,11.333333333333334,0,0,5,8,5,11.142857142857142,0,13.9,-0.3,0.79,11.238095238095237,8,-0.19047619047619158,10,0.8
1,1,2,9773,1,1,133.0,1,19,38,5,0,133.7,1,0,0,1,0,0,19,0,0,6,11,1,13.0,0,0,5,10,0,0.0,0,7.6,2.6,0.32,6.5,1,-13.0,11,0.09090909090909091
2,39,1,9130,1,19,133.1,1,2,1,2,9,157.0,1,0,0,1,1,0,44,0,1,5,13,4,14.0,3,1,5,9,4,15.5,2,10.8,1.4,1.74,14.75,8,1.5,10,0.8
1,17,1,9254,1,1,115.0,1,1,19,3,3,109.4,1,0,0,1,0,0,19,0,0,6,8,6,12.666666666666666,0,0,6,8,5,13.4,0,11.1,0.6,2.02,13.033333333333333,11,0.7333333333333343,12,0.9166666666666666
1,43,1,9500,1,1,136.0,1,3,3,2,2,100.0,0,0,0,1,0,0,18,0,0,7,8,7,13.6125,0,0,8,8,8,14.575,0,13.9,-0.3,0.79,14.09375,15,0.9624999999999986,15,1.0
2,1,1,9003,1,1,120.0,1,37,37,9,9,120.5,1,0,1,1,1,0,35,0,14,17,17,14,10.642857142857142,1,12,12,12,12,10.666666666666666,0,15.5,2.8,-4.06,10.654761904761905,26,0.023809523809523725,29,0.896551724137931
2,1,1,9500,1,1,151.0,1,37,38,9,7,134.5,0,0,1,1,0,1,18,0,0,7,7,6,14.2,0,0,7,7,6,14.2,0,7.6,2.6,0.32,14.2,12,0.0,14,0.8571428571428571
1,39,2,9119,1,1,120.0,1,37,37,5,5,128.0,0,0,0,1,1,0,30,0,0,2,2,0,0.0,0,0,2,2,0,0.0,0,7.6,2.6,0.32,0.0,0,0.0,4,0.0
1,17,5,9853,1,1,141.0,1,3,19,2,7,130.9,1,0,0,1,0,0,18,0,0,6,7,6,13.5,0,0,6,8,5,12.6,0,7.6,2.6,0.32,13.05,11,-0.9000000000000004,12,0.9166666666666666
1,43,1,9500,1,1,150.0,1,37,37,9,9,130.8,1,0,0,1,0,1,21,0,0,8,8,7,14.428571428571429,0,0,8,8,7,14.428571428571429,0,12.7,3.7,-1.7,14.428571428571429,14,0.0,16,0.875
1,17,1,9853,1,1,133.1,1,38,12,7,0,111.5,0,0,0,0,0,1,20,0,0,6,10,4,12.0,0,0,6,14,3,10.0,0,7.6,2.6,0.32,11.0,7,-2.0,12,0.5833333333333334
1,17,4,9500,1,1,141.0,1,38,37,3,3,126.3,1,0,0,1,0,0,18,0,0,8,8,7,13.297142857142855,0,0,8,8,7,13.297142857142855,0,10.8,1.4,1.74,13.297142857142855,14,0.0,16,0.875
5,39,1,9991,0,1,110.0,1,1,1,3,3,119.0,0,0,0,1,1,1,35,0,0,5,10,4,10.5,0,0,5,6,5,12.6,0,8.9,1.4,3.51,11.55,9,2.0999999999999996,10,0.9
1,17,1,9085,1,1,132.0,1,38,38,4,9,119.1,0,0,0,1,0,0,20,0,0,6,8,6,13.285714285714286,0,0,6,16,6,11.8,0,12.4,0.5,1.79,12.542857142857144,12,-1.4857142857142858,12,1.0
1,17,2,9238,1,1,132.0,1,38,1,7,7,133.1,1,0,0,1,0,1,19,0,0,6,8,5,12.2,0,0,6,7,6,11.5,0,9.4,-0.8,-3.12,11.85,11,-0.6999999999999993,12,0.9166666666666666
1,1,1,9773,1,1,146.0,1,37,37,9,7,149.2,1,0,0,1,1,1,21,0,0,6,6,6,13.5,0,0,6,6,6,14.166666666666666,0,12.7,3.7,-1.7,13.833333333333332,12,0.6666666666666661,12,1.0
1,1,2,9238,1,1,136.0,1,19,19,4,7,121.7,1,0,0,1,0,1,21,0,0,6,9,5,12.333333333333334,0,0,6,7,5,11.8,0,13.9,-0.3,0.79,12.066666666666666,10,-0.5333333333333332,12,0.8333333333333334
1,1,1,171,1,1,134.0,1,3,2,2,2,141.7,1,0,0,1,1,0,18,0,0,0,0,0,0.0,0,0,0,0,0,0.0,0,7.6,2.6,0.32,0.0,0,0.0,0,0.0
1,43,1,9773,1,1,137.0,1,38,37,9,5,127.9,1,0,0,1,0,0,20,0,0,6,6,6,11.833333333333334,0,0,6,7,6,12.857142857142858,0,15.5,2.8,-4.06,12.345238095238095,12,1.0238095238095237,12,1.0
1,1,3,9254,1,1,123.0,1,1,1,4,3,123.4,1,0,0,1,1,0,18,0,0,6,8,6,12.333333333333334,0,0,6,6,6,13.666666666666666,0,11.1,0.6,2.02,13.0,12,1.3333333333333321,12,1.0
1,39,1,9500,1,19,133.1,1,19,37,9,4,120.0,0,0,0,1,0,1,25,0,0,8,8,8,13.3675,0,0,8,8,8,13.3675,0,9.4,-0.8,-3.12,13.3675,16,0.0,16,1.0
1,1,1,9500,1,1,149.0,1,19,1,4,4,134.8,0,0,0,1,0,0,18,0,0,8,8,8,14.445,0,0,8,8,8,14.445,0,9.4,-0.8,-3.12,14.445,16,0.0,16,1.0
1,1,2,9119,1,1,149.0,1,38,38,5,5,141.0,0,0,0,1,1,0,18,0,0,5,9,2,11.666666666666666,0,0,5,9,2,12.5,2,7.6,2.6,0.32,12.083333333333332,4,0.8333333333333339,10,0.4
1,17,1,9853,1,1,133.1,1,34,19,0,3,117.1,1,0,0,1,0,1,21,0,0,6,12,0,0.0,0,0,6,12,0,0.0,0,7.6,2.6,0.32,0.0,0,0.0,12,0.0
1,1,1,9500,1,1,139.0,1,19,37,9,9,131.5,1,0,0,1,0,0,18,0,0,8,8,7,14.13714285714286,0,0,8,8,7,14.13714285714286,0,10.8,1.4,1.74,14.13714285714286,14,0.0,16,0.875
1,1,1,9130,1,1,130.0,1,3,19,4,8,133.0,1,0,0,1,0,0,19,0,0,6,6,6,14.666666666666666,0,0,6,8,6,13.666666666666666,0,12.4,0.5,1.79,14.166666666666666,12,-1.0,12,1.0
1,43,1,9500,1,1,134.0,1,38,19,5,8,120.7,0,0,0,1,0,1,19,0,0,7,9,6,13.0,0,0,8,11,8,13.927272727272726,0,16.2,0.3,-0.92,13.463636363636363,14,0.9272727272727259,15,0.9333333333333333
1,39,1,9670,1,1,133.1,1,37,37,90,90,97.4,0,0,1,0,1,0,44,0,0,6,9,1,14.0,0,0,6,6,0,0.0,0,12.7,3.7,-1.7,7.0,1,-14.0,12,0.08333333333333333
1,1,2,9670,1,1,144.0,1,37,38,9,9,126.9,0,0,0,1,0,1,21,0,0,5,5,5,13.2,0,0,5,5,4,13.0,0,9.4,-0.8,-3.12,13.1,9,-0.1999999999999993,10,0.9
1,17,1,9085,1,1,120.0,1,38,19,90,90,127.0,0,0,0,1,0,0,19,0,0,5,7,3,12.0,0,0,5,7,5,13.2,0,7.6,2.6,0.32,12.6,8,1.1999999999999993,10,0.8
1,39,1,9991,0,1,130.0,1,37,37,9,9,151.6,0,0,0,1,0,0,24,0,0,5,9,5,12.285714285714286,0,0,5,8,5,12.125,0,16.2,0.3,-0.92,12.205357142857142,10,-0.16071428571428648,10,1.0
1,43,1,9130,1,1,127.0,1,19,38,4,5,120.7,1,0,1,1,0,0,18,0,0,5,11,1,12.0,0,0,5,9,3,12.0,0,12.7,3.7,-1.7,12.0,4,0.0,10,0.4
1,1,1,9254,1,1,136.0,1,3,3,2,2,128.7,0,0,0,1,1,0,19,0,0,6,7,6,14.428571428571429,0,0,6,6,6,12.5,0,8.9,1.4,3.51,13.464285714285715,12,-1.9285714285714288,12,1.0
1,1,5,9119,1,1,135.0,1,37,37,90,90,122.1,1,0,0,1,1,0,20,0,0,5,10,3,10.666666666666666,0,0,5,5,4,12.25,0,7.6,2.6,0.32,11.458333333333332,7,1.583333333333334,10,0.7
1,1,1,9070,1,1,117.0,1,4,19,3,5,123.7,1,0,0,1,0,0,19,0,0,6,6,6,12.666666666666666,0,0,6,8,5,11.4,0,12.4,0.5,1.79,12.033333333333333,11,-1.2666666666666657,12,0.9166666666666666
2,42,1,9500,1,2,130.0,1,37,37,9,9,130.0,0,0,0,1,0,1,32,0,0,8,8,8,14.6625,0,0,8,8,8,14.6625,0,9.4,-0.8,-3.12,14.6625,16,0.0,16,1.0
1,5,2,9853,1,1,122.0,1,19,19,4,5,112.6,1,0,0,1,0,0,22,0,0,6,10,5,12.6,0,0,6,9,4,11.25,0,12.7,3.7,-1.7,11.925,9,-1.3499999999999996,12,0.75
1,17,4,9147,1,1,125.0,1,19,19,5,5,118.0,1,0,0,1,0,0,19,0,0,5,7,5,13.6,0,0,5,6,5,12.2,0,8.9,1.4,3.51,12.899999999999999,10,-1.4000000000000004,10,1.0
1,18,6,9500,1,1,144.0,1,1,1,3,6,130.8,1,0,0,1,0,0,18,0,0,8,11,7,12.771428571428572,0,0,8,11,7,12.771428571428572,0,12.7,3.7,-1.7,12.771428571428572,14,0.0,16,0.875
1,44,1,9147,1,39,130.0,1,19,1,9,3,130.0,0,0,0,1,0,1,20,0,4,7,8,7,13.0,0,2,5,5,5,13.4,0,11.1,0.6,2.02,13.2,12,0.40000000000000036,12,1.0
1,1,5,9130,1,1,160.0,1,3,1,2,9,150.2,1,0,0,1,0,0,19,0,0,5,13,1,13.0,0,0,5,7,2,12.5,0,12.7,3.7,-1.7,12.75,3,-0.5,10,0.3
1,18,3,9070,1,1,131.0,1,1,37,5,5,122.3,1,0,0,0,0,0,19,0,0,6,6,6,12.166666666666666,0,0,6,6,0,0.0,0,15.5,2.8,-4.06,6.083333333333333,6,-12.166666666666666,12,0.5
1,17,1,9070,1,1,133.1,1,38,19,5,5,128.0,0,0,0,1,0,1,21,0,0,6,6,6,11.5,0,0,6,6,6,12.333333333333334,0,9.4,-0.8,-3.12,11.916666666666668,12,0.8333333333333339,12,1.0
1,1,5,9500,1,1,145.0,1,38,38,9,9,125.5,1,0,0,1,0,1,18,0,0,8,8,8,13.76375,0,0,8,8,8,13.76375,0,9.4,-0.8,-3.12,13.76375,16,0.0,16,1.0
1,39,1,9085,1,1,133.1,1,1,19,9,9,162.3,1,0,0,1,0,0,24,0,0,6,10,2,11.0,0,0,6,6,0,0.0,0,8.9,1.4,3.51,5.5,2,-11.0,12,0.16666666666666666
2,39,1,9773,1,1,120.0,1,37,38,9,3,155.5,0,0,0,1,1,0,47,0,0,6,12,5,13.8,0,0,6,13,4,14.0,0,12.7,3.7,-1.7,13.9,9,0.1999999999999993,12,0.75
1,1,1,9238,1,1,145.0,1,19,1,6,5,127.9,1,0,0,1,0,0,19,0,0,6,7,6,13.714285714285714,0,0,6,6,6,13.166666666666666,0,12.7,3.7,-1.7,13.44047619047619,12,-0.5476190476190474,12,1.0
1,1,2,9500,1,1,112.0,1,1,37,4,9,106.8,1,0,0,1,0,1,19,0,0,7,8,6,13.533333333333331,0,0,8,9,7,13.614285714285714,0,12.4,0.5,1.79,13.573809523809523,13,0.08095238095238244,15,0.8666666666666667
1,1,3,9147,1,1,143.0,1,1,1,5,7,133.2,1,0,0,1,0,1,18,0,0,5,11,4,14.25,0,0,5,7,4,12.5,0,12.7,3.7,-1.7,13.375,8,-1.75,10,0.8
1,17,2,9773,1,1,125.0,1,1,1,4,8,115.6,1,0,0,1,0,0,19,0,0,6,6,6,13.333333333333334,0,0,6,6,6,14.666666666666666,0,12.4,0.5,1.79,14.0,12,1.3333333333333321,12,1.0
1,17,1,9853,1,1,135.0,1,3,3,2,2,132.9,1,0,0,0,0,0,29,0,0,6,9,6,16.333333333333332,0,0,6,8,5,15.6,0,12.7,3.7,-1.7,15.966666666666665,11,-0.7333333333333325,12,0.9166666666666666
1,1,1,171,1,1,145.0,1,1,19,10,5,150.6,1,0,0,1,1,0,18,0,0,0,0,0,0.0,0,0,0,0,0,0.0,0,10.8,1.4,1.74,0.0,0,0.0,0,0.0
1,17,1,171,1,1,129.0,1,1,1,9,9,124.8,1,0,0,1,1,0,18,0,0,0,0,0,0.0,0,0,0,0,0,0.0,0,12.7,3.7,-1.7,0.0,0,0.0,0,0.0
1,1,1,9147,1,1,160.0,1,38,37,9,5,159.3,0,0,0,1,0,0,18,0,0,5,5,5,14.4,0,0,5,5,5,15.4,0,7.6,2.6,0.32,14.9,10,1.0,10,1.0
4,39,1,9773,1,38,133.1,1,19,19,7,9,133.0,0,0,0,1,0,0,40,0,0,6,8,5,13.0,0,0,6,7,5,12.6,0,16.2,0.3,-0.92,12.8,10,-0.40000000000000036,12,0.8333333333333334
1,1,1,9130,1,1,106.0,1,37,37,9,9,108.0,1,0,1,1,0,0,20,0,0,5,10,2,12.0,2,0,5,9,4,11.0,0,9.4,-0.8,-3.12,11.5,6,-1.0,10,0.6
1,39,1,9085,1,1,128.0,1,19,1,9,10,157.4,1,0,0,1,0,0,26,0,0,6,7,6,16.5,0,0,6,8,6,14.285714285714286,0,8.9,1.4,3.51,15.392857142857142,12,-2.2142857142857135,12,1.0
1,18,2,9853,1,1,120.0,1,19,37,9,4,113.7,1,0,1,0,0,0,19,0,0,7,11,5,12.2,0,0,7,13,0,0.0,0,12.4,0.5,1.79,6.1,5,-12.2,14,0.35714285714285715
1,1,6,9773,1,1,136.0,1,38,38,9,9,132.9,1,0,0,1,1,0,19,0,0,6,10,4,13.25,0,0,6,13,5,11.8,0,7.6,2.6,0.32,12.525,9,-1.4499999999999993,12,0.75
1,44,1,9085,1,39,140.0,1,1,39,3,9,140.0,1,0,0,1,0,0,20,0,1,6,9,6,12.666666666666666,0,1,6,10,4,11.5,0,13.9,-0.3,0.79,12.083333333333332,10,-1.166666666666666,12,0.8333333333333334
1,16,3,9853,1,1,134.0,1,37,19,9,5,121.4,1,0,0,1,0,1,23,0,0,6,10,4,14.25,1,0,6,8,5,12.0,0,7.6,2.6,0.32,13.125,9,-2.25,12,0.75
1,1,1,9085,1,1,130.0,1,37,37,9,6,126.5,1,0,0,1,0,1,18,0,0,6,13,6,16.46153846153846,0,0,6,8,6,13.875,0,15.5,2.8,-4.06,15.16826923076923,12,-2.58653846153846,12,1.0
1,1,1,171,1,1,156.0,1,3,3,2,2,147.7,1,0,0,1,0,0,21,0,6,12,12,12,15.333333333333334,0,4,11,15,11,15.0,0,8.9,1.4,3.51,15.166666666666668,23,-0.3333333333333339,23,1.0
1,1,1,9147,1,1,180.0,1,37,37,7,4,153.8,1,0,0,1,0,1,20,0,0,5,5,5,13.8,0,0,5,6,5,12.0,0,9.4,-0.8,-3.12,12.9,10,-1.8000000000000007,10,1.0
1,1,6,9500,1,1,144.0,1,19,19,5,5,130.3,1,0,0,1,0,1,18,0,0,8,8,7,13.814285714285717,0,0,8,8,7,13.814285714285717,0,12.7,3.7,-1.7,13.814285714285717,14,0.0,16,0.875
1,39,1,9991,0,1,100.0,1,37,38,9,4,140.0,0,0,0,1,1,0,39,0,0,5,7,4,12.25,0,0,5,7,4,12.75,0,15.5,2.8,-4.06,12.5,8,0.5,10,0.8
1,1,1,9773,1,1,143.0,1,3,3,2,5,144.8,0,0,0,1,0,0,19,0,0,6,6,6,12.166666666666666,0,0,6,6,6,12.5,0,16.2,0.3,-0.92,12.333333333333332,12,0.3333333333333339,12,1.0
1,1,3,9500,1,1,145.0,1,19,38,9,7,136.3,1,0,0,1,0,1,18,0,0,8,8,7,13.971428571428572,0,0,8,8,7,13.971428571428572,0,12.7,3.7,-1.7,13.971428571428572,14,0.0,16,0.875
1,17,3,9500,1,1,137.0,1,1,1,4,10,124.8,1,0,0,1,1,1,19,0,0,7,11,6,12.4125,0,0,8,12,7,11.2625,0,15.5,2.8,-4.06,11.837499999999999,13,-1.1500000000000004,15,0.8666666666666667
2,43,1,9254,1,3,120.0,1,38,37,9,3,120.0,1,0,0,1,0,0,33,0,9,12,22,10,13.3,0,9,11,11,11,13.727272727272728,0,9.4,-0.8,-3.12,13.513636363636365,21,0.4272727272727277,23,0.9130434782608695
1,44,3,9085,1,39,150.0,1,1,19,4,1,150.0,1,0,0,1,0,0,19,0,0,5,10,1,13.0,1,0,5,8,3,15.333333333333334,0,12.7,3.7,-1.7,14.166666666666668,4,2.333333333333334,10,0.4
1,18,1,9670,1,1,140.0,1,1,37,9,9,130.2,1,0,0,1,1,0,22,0,0,6,11,4,13.0,0,0,6,11,4,12.6,0,12.7,3.7,-1.7,12.8,8,-0.40000000000000036,12,0.6666666666666666
1,1,1,9500,1,1,138.0,1,38,38,9,9,126.8,0,0,0,1,1,1,19,0,0,7,9,7,14.244444444444444,0,0,8,12,8,12.233333333333333,0,15.5,2.8,-4.06,13.238888888888887,15,-2.011111111111111,15,1.0
1,51,1,9070,1,1,132.0,1,19,19,153,153,120.0,0,0,0,1,0,1,23,0,0,6,6,6,15.333333333333334,0,0,6,6,6,14.166666666666666,0,11.1,0.6,2.02,14.75,12,-1.1666666666666679,12,1.0
1,18,1,9500,1,1,135.0,1,3,3,1,1,125.8,1,0,0,1,0,0,18,0,0,8,8,7,13.154285714285717,0,0,8,8,7,13.154285714285717,0,10.8,1.4,1.74,13.154285714285717,14,0.0,16,0.875
1,1,1,9500,1,1,156.0,1,38,37,9,9,156.3,0,0,0,1,1,1,18,0,0,8,8,8,15.63375,0,0,8,8,8,15.63375,0,9.4,-0.8,-3.12,15.63375,16,0.0,16,1.0
1,43,1,171,1,1,145.0,1,19,38,9,9,100.0,0,0,0,1,0,1,18,0,0,0,0,0,0.0,0,0,0,0,0,0.0,0,13.9,-0.3,0.79,0.0,0,0.0,0,0.0
1,39,1,9254,1,39,137.0,1,1,1,5,10,124.5,0,0,0,0,1,0,26,0,0,6,0,0,0.0,0,0,6,0,0,0.0,0,16.2,0.3,-0.92,0.0,0,0.0,12,0.0
1,42,1,9500,1,6,141.0,1,37,1,9,4,145.0,0,0,0,1,0,0,21,0,12,21,33,18,14.933333333333334,12,12,21,33,18,14.933333333333334,12,7.6,2.6,0.32,14.933333333333334,36,0.0,42,0.8571428571428571
1,42,1,9003,1,39,140.0,1,19,1,5,5,140.0,0,0,0,1,0,0,22,0,0,6,10,6,12.571428571428571,0,0,6,12,4,13.666666666666666,0,15.5,2.8,-4.06,13.119047619047619,10,1.095238095238095,12,0.8333333333333334
1,1,3,9500,1,1,147.0,1,1,1,4,4,134.3,1,0,0,1,0,0,18,0,0,8,8,7,14.2,0,0,8,8,7,14.2,0,12.7,3.7,-1.7,14.2,14,0.0,16,0.875
1,1,1,9254,1,1,120.0,1,1,1,9,10,118.3,0,0,0,1,1,0,20,0,0,6,8,6,12.857142857142858,0,0,6,9,5,12.4,0,8.9,1.4,3.51,12.62857142857143,11,-0.4571428571428573,12,0.9166666666666666
1,43,1,9147,1,1,123.0,1,37,37,9,9,106.2,0,0,0,1,0,0,49,0,9,13,22,10,10.4,0,4,9,18,6,10.666666666666666,0,12.7,3.7,-1.7,10.533333333333333,16,0.2666666666666657,22,0.7272727272727273
1,1,1,9853,1,1,129.0,1,19,38,2,7,126.9,1,0,0,1,0,1,19,0,0,6,9,5,12.2,0,0,6,10,4,11.5,0,7.6,2.6,0.32,11.85,9,-0.6999999999999993,12,0.75
1,17,1,9003,1,1,119.0,1,37,37,4,6,113.2,0,0,1,1,0,0,20,0,0,6,8,6,13.333333333333334,0,0,6,8,5,14.0,0,11.1,0.6,2.02,13.666666666666668,11,0.6666666666666661,12,0.9166666666666666
1,17,5,9119,1,1,118.0,1,1,19,9,9,120.5,1,0,0,1,1,0,20,0,0,5,10,3,13.333333333333334,0,0,5,11,5,13.571428571428571,0,12.4,0.5,1.79,13.452380952380953,8,0.23809523809523725,10,0.8
1,1,4,9070,1,1,170.0,1,3,3,2,2,165.8,1,0,0,1,1,0,18,0,0,6,7,6,14.5,0,0,6,6,6,15.166666666666666,0,9.4,-0.8,-3.12,14.833333333333332,12,0.6666666666666661,12,1.0
5,39,1,9500,1,3,140.0,1,37,38,9,9,160.0,0,0,0,1,0,0,27,0,0,8,8,7,15.94285714285714,0,0,8,8,7,15.94285714285714,0,12.7,3.7,-1.7,15.94285714285714,14,0.0,16,0.875
1,1,2,9670,1,1,121.0,1,1,19,4,7,135.4,1,0,0,1,0,1,19,0,0,6,6,6,13.333333333333334,0,0,6,10,5,13.4,0,8.9,1.4,3.51,13.366666666666667,11,0.06666666666666643,12,0.9166666666666666
1,17,4,9070,1,1,126.0,1,1,19,4,5,120.4,1,0,0,1,0,0,18,0,0,6,8,5,11.8,0,0,6,7,5,10.4,1,16.2,0.3,-0.92,11.100000000000001,10,-1.4000000000000004,12,0.8333333333333334
1,1,1,9130,1,1,127.0,1,1,1,4,4,120.4,1,0,0,1,0,0,18,0,0,6,9,6,15.125,0,0,6,9,6,14.0,0,13.9,-0.3,0.79,14.5625,12,-1.125,12,1.0
1,15,1,9238,1,1,150.0,26,3,37,2,8,132.5,1,0,0,0,0,0,20,1,0,6,9,5,13.0,0,0,6,7,6,13.5,0,13.9,-0.3,0.79,13.25,11,0.5,12,0.9166666666666666
1,39,1,8014,0,1,120.0,100,1,1,4,7,119.5,0,0,1,1,0,0,25,1,2,6,6,6,11.333333333333334,0,0,6,6,4,11.75,0,8.9,1.4,3.51,11.541666666666668,10,0.4166666666666661,12,0.8333333333333334
1,1,2,9254,1,1,120.0,1,37,37,9,9,115.1,1,0,0,0,1,0,21,0,0,6,11,3,11.0,0,0,6,14,0,0.0,0,9.4,-0.8,-3.12,5.5,3,-11.0,12,0.25
1,1,5,9853,1,1,141.0,1,37,19,9,5,133.0,1,0,0,1,0,0,18,0,0,6,8,5,12.4,0,0,6,12,5,10.4,0,9.4,-0.8,-3.12,11.4,10,-2.0,12,0.8333333333333334
1,17,1,9670,1,1,115.0,1,19,19,191,171,109.1,0,0,1,0,1,0,21,0,0,6,11,4,12.25,0,0,6,9,4,13.4,0,11.1,0.6,2.02,12.825,8,1.1500000000000004,12,0.6666666666666666
1,1,2,9238,1,1,122.0,1,37,38,4,7,118.2,1,0,0,1,0,0,19,0,0,6,0,0,0.0,0,0,6,0,0,0.0,0,16.2,0.3,-0.92,0.0,0,0.0,12,0.0
1,1,1,9254,1,1,154.0,1,3,1,2,1,137.2,0,0,0,1,1,0,20,0,0,6,12,3,10.0,0,0,6,9,5,10.8,0,15.5,2.8,-4.06,10.4,8,0.8000000000000007,12,0.6666666666666666
1,17,5,9500,1,1,141.0,1,12,1,5,5,133.0,1,0,0,1,0,0,18,0,0,7,8,7,12.5375,0,0,8,9,7,12.614285714285714,0,13.9,-0.3,0.79,12.575892857142858,14,0.07678571428571423,15,0.9333333333333333
1,1,1,9238,1,1,142.0,1,1,38,5,7,127.7,0,0,0,1,0,1,20,0,0,6,7,6,15.0,0,0,6,6,6,16.333333333333332,0,13.9,-0.3,0.79,15.666666666666666,12,1.3333333333333321,12,1.0
1,17,2,9238,1,1,133.0,1,37,37,3,9,119.7,0,1,0,1,0,1,18,0,0,6,9,6,11.333333333333334,0,0,6,9,6,11.571428571428571,0,15.5,2.8,-4.06,11.452380952380953,12,0.23809523809523725,12,1.0
1,17,2,9500,1,1,126.0,1,37,37,7,7,126.2,1,0,0,1,0,1,18,0,0,7,10,5,11.94,0,0,7,8,6,12.8,0,11.1,0.6,2.02,12.370000000000001,11,0.8600000000000012,14,0.7857142857142857
1,26,1,9147,1,2,133.1,1,34,34,0,0,121.5,1,0,0,1,0,0,31,0,13,15,17,13,11.615384615384617,0,11,14,14,11,12.545454545454543,0,7.6,2.6,0.32,12.08041958041958,24,0.9300699300699264,29,0.8275862068965517
1,39,1,9085,1,12,133.1,1,34,34,99,99,128.2,0,0,1,0,1,0,27,0,0,5,5,0,0.0,0,0,5,5,0,0.0,0,7.6,2.6,0.32,0.0,0,0.0,10,0.0
1,39,1,9991,0,1,120.0,1,1,1,5,5,96.0,1,0,0,0,1,0,38,0,0,5,5,0,0.0,0,0,5,5,0,0.0,0,8.9,1.4,3.51,0.0,0,0.0,10,0.0
1,1,4,9500,1,1,135.0,1,1,19,9,7,123.5,1,0,0,1,0,1,19,0,0,7,8,7,12.285714285714286,0,0,8,10,8,11.7375,0,12.4,0.5,1.79,12.011607142857144,15,-0.5482142857142858,15,1.0
1,17,2,9254,1,1,131.0,1,1,19,9,9,130.3,1,0,0,1,0,1,18,0,0,6,6,6,12.833333333333334,0,0,6,7,6,12.333333333333334,0,13.9,-0.3,0.79,12.583333333333334,12,-0.5,12,1.0
1,17,1,9147,1,1,138.0,1,37,1,9,9,123.7,1,0,1,1,0,1,19,0,0,5,5,4,11.0,0,0,5,5,0,0.0,0,11.1,0.6,2.02,5.5,4,-11.0,10,0.4
1,1,1,9085,1,1,131.0,1,37,37,90,90,137.0,0,0,0,1,0,0,18,0,0,5,5,5,14.0,0,0,5,6,5,15.4,0,7.6,2.6,0.32,14.7,10,1.4000000000000004,10,1.0
1,1,2,9773,1,1,116.0,1,1,19,4,7,127.6,1,0,0,1,0,1,19,0,0,6,7,6,13.857142857142858,0,0,6,7,6,13.142857142857142,0,13.9,-0.3,0.79,13.5,12,-0.7142857142857153,12,1.0
1,17,2,8014,0,1,122.0,1,37,19,9,9,123.8,0,0,0,1,0,0,20,0,0,6,8,5,12.0,0,0,6,8,6,11.0,0,10.8,1.4,1.74,11.5,11,-1.0,12,0.9166666666666666
1,1,1,9500,1,1,151.0,1,1,1,4,3,132.3,0,0,0,1,1,0,19,0,0,8,9,7,12.828571428571427,0,0,8,9,7,12.828571428571427,0,12.7,3.7,-1.7,12.828571428571427,14,0.0,16,0.875
1,1,1,9085,1,1,154.0,1,38,37,4,4,141.4,0,0,0,1,0,1,19,0,0,6,8,6,15.0,0,0,6,9,6,14.857142857142858,0,11.1,0.6,2.02,14.928571428571429,12,-0.14285714285714235,12,1.0
1,17,4,9119,1,1,129.0,1,34,36,0,5,118.9,1,0,0,1,1,0,18,0,0,5,9,3,11.666666666666666,0,0,5,10,3,11.333333333333334,4,7.6,2.6,0.32,11.5,6,-0.33333333333333215,10,0.6
1,1,1,171,1,1,161.0,1,37,37,9,9,144.2,1,0,0,1,1,0,18,0,0,0,0,0,0.0,0,0,0,0,0,0.0,0,7.6,2.6,0.32,0.0,0,0.0,0,0.0
1,1,2,9670,1,1,123.0,1,19,1,9,3,117.8,1,0,0,1,0,0,18,0,0,6,6,6,13.833333333333334,0,0,6,11,6,14.555555555555555,0,10.8,1.4,1.74,14.194444444444445,12,0.7222222222222214,12,1.0
1,39,1,9003,1,1,130.0,1,37,37,9,7,113.0,1,0,0,0,1,0,35,0,0,6,17,1,13.0,0,0,6,8,0,0.0,0,15.5,2.8,-4.06,6.5,1,-13.0,12,0.08333333333333333
1,42,1,9119,1,6,120.0,1,35,35,6,6,128.2,1,0,0,1,1,0,34,0,4,6,8,4,11.25,0,1,5,8,2,10.5,0,7.6,2.6,0.32,10.875,6,-0.75,11,0.5454545454545454
1,10,2,9773,1,1,154.4,22,19,38,3,5,154.4,1,0,0,0,0,0,18,1,0,6,8,5,12.0,0,0,6,0,0,0.0,0,10.8,1.4,1.74,6.0,5,-12.0,12,0.4166666666666667
1,1,1,171,1,1,123.0,1,1,3,2,2,118.8,0,0,0,1,1,0,19,0,4,10,10,5,11.0,0,2,7,8,2,10.0,0,8.9,1.4,3.51,10.5,7,-1.0,17,0.4117647058823529
1,39,1,9773,1,19,133.1,1,19,19,171,163,104.0,0,0,1,0,0,1,24,0,0,6,6,6,13.5,0,0,6,6,6,13.0,0,11.1,0.6,2.02,13.25,12,-0.5,12,1.0
1,43,1,9147,1,1,123.0,1,1,1,4,4,114.4,0,0,0,1,1,0,22,0,0,5,6,0,0.0,0,0,5,8,2,11.5,0,15.5,2.8,-4.06,5.75,2,11.5,10,0.2
2,39,1,9003,1,1,133.1,1,37,37,9,9,100.0,0,0,0,0,1,0,44,0,4,10,10,4,11.5,0,1,7,8,1,12.0,0,15.5,2.8,-4.06,11.75,5,0.5,17,0.29411764705882354
1,39,1,9003,1,1,130.0,1,12,12,9,9,126.1,0,0,0,1,1,0,24,0,0,6,7,0,0.0,0,0,6,10,0,0.0,0,12.4,0.5,1.79,0.0,0,0.0,12,0.0
1,1,1,9238,1,1,141.0,1,38,19,9,10,125.6,1,0,0,1,0,1,18,0,0,6,6,6,12.666666666666666,0,0,6,6,6,12.0,0,9.4,-0.8,-3.12,12.333333333333332,12,-0.6666666666666661,12,1.0
1,44,1,9991,0,39,120.0,1,37,37,7,7,120.0,1,0,0,1,0,1,23,0,2,6,8,5,11.8,0,2,6,8,6,12.333333333333334,0,9.4,-0.8,-3.12,12.066666666666666,11,0.5333333333333332,12,0.9166666666666666
1,18,2,9853,1,1,123.0,1,1,3,9,2,123.7,1,0,1,0,0,0,20,0,0,6,11,5,13.2,0,0,6,8,4,10.75,0,10.8,1.4,1.74,11.975,9,-2.4499999999999993,12,0.75
1,17,1,9670,1,1,120.0,1,38,37,9,8,113.4,1,0,0,1,1,1,19,0,0,6,6,6,13.333333333333334,0,0,6,7,6,13.285714285714286,0,8.9,1.4,3.51,13.30952380952381,12,-0.04761904761904745,12,1.0
1,1,3,9500,1,1,154.0,1,3,3,1,3,129.0,1,0,0,1,0,0,18,0,0,8,9,6,13.345,2,0,8,9,6,13.345,2,9.4,-0.8,-3.12,13.345,12,0.0,16,0.75
1,43,1,171,1,1,116.0,1,3,1,2,3,117.3,1,0,1,1,0,0,20,0,0,0,0,0,0.0,0,0,0,0,0,0.0,0,13.9,-0.3,0.79,0.0,0,0.0,0,0.0
1,39,1,9500,1,1,148.0,1,3,19,2,5,130.0,0,0,0,1,0,0,24,0,0,8,12,7,12.714285714285714,0,0,8,12,7,12.714285714285714,0,12.7,3.7,-1.7,12.714285714285714,14,0.0,16,0.875
1,44,1,9003,1,39,150.0,1,1,38,6,6,150.0,1,0,0,1,1,0,21,0,0,6,12,4,11.8,0,0,6,11,4,11.875,0,16.2,0.3,-0.92,11.8375,8,0.07499999999999929,12,0.6666666666666666
1,43,1,9670,1,1,142.0,1,38,1,8,10,138.5,1,0,0,1,1,0,18,0,0,6,16,5,13.8,0,0,6,7,5,12.4,0,13.9,-0.3,0.79,13.100000000000001,10,-1.4000000000000004,12,0.8333333333333334
1,1,2,9147,1,1,122.0,1,1,38,4,5,116.4,0,0,0,1,1,0,21,0,0,5,10,3,11.25,0,0,5,9,3,11.0,0,15.5,2.8,-4.06,11.125,6,-0.25,10,0.6
1,42,1,9119,1,1,120.0,1,1,1,5,7,108.6,0,0,0,0,1,0,34,0,2,7,13,5,12.0,0,2,7,7,3,11.0,0,15.5,2.8,-4.06,11.5,8,-1.0,14,0.5714285714285714
1,1,1,9147,1,1,131.0,1,38,19,9,9,130.0,1,0,0,1,1,0,19,0,0,5,5,5,12.8,0,0,5,10,5,11.444444444444445,0,10.8,1.4,1.74,12.122222222222224,10,-1.355555555555556,10,1.0
1,39,1,9991,0,1,140.0,1,1,37,9,8,154.5,0,0,0,1,0,0,26,0,0,1,2,0,0.0,0,0,5,8,0,0.0,0,16.2,0.3,-0.92,0.0,0,0.0,6,0.0
1,1,4,9500,1,1,137.0,1,38,37,7,7,126.0,1,0,0,1,0,0,19,0,0,7,9,7,14.283333333333337,0,0,8,9,8,13.125555555555556,0,15.5,2.8,-4.06,13.704444444444446,15,-1.1577777777777811,15,1.0
1,1,1,9085,1,1,126.0,1,38,37,9,9,123.6,1,0,0,1,0,0,21,0,0,5,10,3,11.666666666666666,0,0,5,5,5,13.0,0,10.8,1.4,1.74,12.333333333333332,8,1.333333333333334,10,0.8
2,39,1,8014,0,12,110.0,1,34,34,0,0,157.8,0,0,0,1,0,0,44,0,5,8,13,8,13.75,0,2,6,9,6,12.5,0,7.6,2.6,0.32,13.125,14,-1.25,14,1.0
1,44,1,9003,1,39,150.0,1,1,38,4,9,150.0,0,0,0,1,1,1,20,0,0,6,18,3,12.0,0,0,6,17,3,11.666666666666666,0,15.5,2.8,-4.06,11.833333333333332,6,-0.3333333333333339,12,0.5
1,1,3,9070,1,1,150.0,1,1,1,4,8,131.5,1,0,0,1,0,0,20,0,0,6,6,6,12.5,0,0,6,6,6,12.833333333333334,0,7.6,2.6,0.32,12.666666666666668,12,0.3333333333333339,12,1.0
1,1,4,9500,1,1,132.0,1,1,37,4,7,121.8,1,0,0,1,0,1,19,0,0,8,8,7,13.6,0,0,8,8,7,13.6,0,12.7,3.7,-1.7,13.6,14,0.0,16,0.875
1,1,1,9085,1,1,138.0,1,1,3,9,1,123.0,1,0,0,1,0,0,19,0,1,6,14,6,15.538461538461538,0,0,6,9,6,12.625,0,15.5,2.8,-4.06,14.08173076923077,12,-2.9134615384615383,12,1.0
1,43,6,9238,1,1,129.0,1,34,34,0,0,125.2,0,0,0,1,0,1,23,0,15,16,18,16,13.0,0,11,13,15,13,13.266666666666667,0,9.4,-0.8,-3.12,13.133333333333333,29,0.2666666666666675,29,1.0
1,43,1,9991,0,1,120.0,1,37,37,9,9,120.0,1,0,1,1,1,0,34,0,6,10,10,7,11.714285714285714,0,4,10,10,6,11.5,0,10.8,1.4,1.74,11.607142857142858,13,-0.21428571428571352,20,0.65
1,1,1,9147,1,1,158.0,1,1,38,3,6,155.2,0,0,0,1,1,1,18,0,0,5,5,5,11.8,0,0,5,8,3,11.0,0,9.4,-0.8,-3.12,11.4,8,-0.8000000000000007,10,0.8
1,42,1,9147,1,1,130.0,1,37,38,9,1,130.0,1,0,0,1,0,0,26,0,3,5,5,4,13.0,0,1,5,7,2,12.0,0,9.4,-0.8,-3.12,12.5,6,-1.0,10,0.6
1,1,1,9670,1,1,143.0,1,3,38,2,9,144.1,1,0,0,1,0,0,19,0,0,6,7,5,12.6,0,0,6,10,5,12.375,0,10.8,1.4,1.74,12.4875,10,-0.22499999999999964,12,0.8333333333333334
1,17,3,9670,1,1,137.0,1,1,38,4,7,138.4,0,0,0,1,1,0,19,0,0,6,8,6,15.125,0,0,6,7,6,13.428571428571429,0,11.1,0.6,2.02,14.276785714285715,12,-1.6964285714285712,12,1.0
1,43,1,9003,1,1,130.0,1,1,2,4,2,130.0,0,0,0,1,1,0,28,0,9,18,36,17,13.058823529411764,1,6,12,15,12,12.307692307692308,0,15.5,2.8,-4.06,12.683257918552037,29,-0.7511312217194561,30,0.9666666666666667
1,43,1,9773,1,1,129.0,1,1,1,4,8,129.0,0,0,0,0,0,0,21,0,0,6,7,6,12.0,0,0,6,6,6,12.0,0,10.8,1.4,1.74,12.0,12,0.0,12,1.0
1,1,1,9085,1,1,120.0,1,4,1,2,9,113.4,0,0,0,1,0,0,18,0,0,6,14,4,11.5,0,0,6,17,3,13.75,0,11.1,0.6,2.02,12.625,7,2.25,12,0.5833333333333334
2,39,1,9773,1,1,100.0,1,37,37,9,9,133.0,0,0,0,1,1,0,47,0,0,6,8,5,11.4,0,0,6,10,6,11.666666666666666,0,12.7,3.7,-1.7,11.533333333333333,11,0.2666666666666657,12,0.9166666666666666
1,1,5,9119,1,1,126.0,1,12,19,4,5,122.5,1,0,0,1,1,0,19,0,0,5,12,3,12.0,0,0,5,10,3,12.0,0,12.4,0.5,1.79,12.0,6,0.0,10,0.6
1,44,1,9003,1,1,140.0,1,1,1,4,5,140.0,0,0,0,1,1,0,20,0,0,6,11,6,11.285714285714286,0,0,6,12,5,11.77777777777778,0,16.2,0.3,-0.92,11.531746031746033,11,0.49206349206349387,12,0.9166666666666666
1,42,1,9003,1,1,130.0,1,3,2,2,6,105.3,0,0,0,0,1,0,36,0,0,6,8,0,0.0,0,0,6,10,0,0.0,0,16.2,0.3,-0.92,0.0,0,0.0,12,0.0
1,17,3,9147,1,1,125.0,1,38,19,7,7,125.7,0,0,0,1,0,0,20,0,0,5,7,5,11.166666666666666,0,0,5,9,4,10.75,0,15.5,2.8,-4.06,10.958333333333332,9,-0.4166666666666661,10,0.9
1,1,6,9500,1,1,143.0,1,19,19,4,4,135.3,1,0,0,1,0,0,18,0,0,8,8,8,13.27625,0,0,8,8,8,13.27625,0,9.4,-0.8,-3.12,13.27625,16,0.0,16,1.0
1,7,1,9500,1,3,130.0,1,37,37,90,90,130.0,1,0,0,1,1,0,30,0,0,8,8,0,0.0,8,0,8,8,0,0.0,8,9.4,-0.8,-3.12,0.0,0,0.0,16,0.0
1,7,1,9500,1,3,140.0,1,3,19,2,6,140.0,0,0,0,1,1,0,27,0,0,7,0,0,0.0,0,0,8,0,0,0.0,0,12.4,0.5,1.79,0.0,0,0.0,15,0.0
1,17,2,9238,1,1,136.0,1,1,3,3,4,126.6,1,0,0,1,0,0,18,0,0,6,6,6,16.5,0,0,6,7,6,17.428571428571427,0,11.1,0.6,2.02,16.964285714285715,12,0.928571428571427,12,1.0
1,1,5,9238,1,3,135.0,1,1,38,9,3,129.4,0,0,1,1,0,0,18,0,0,6,6,6,12.166666666666666,0,0,6,6,6,12.333333333333334,0,10.8,1.4,1.74,12.25,12,0.16666666666666785,12,1.0
1,16,6,9773,1,1,136.0,1,38,14,0,0,129.7,1,0,0,1,0,0,21,0,0,6,6,6,13.166666666666666,0,0,6,6,6,13.0,0,7.6,2.6,0.32,13.083333333333332,12,-0.16666666666666607,12,1.0
2,43,1,9003,1,1,133.1,1,37,37,9,7,136.0,0,0,0,1,1,0,41,0,18,19,19,19,12.68421052631579,0,12,13,13,13,12.384615384615383,0,15.5,2.8,-4.06,12.534412955465587,32,-0.29959514170040613,32,1.0
1,1,1,9773,1,1,117.0,1,1,37,5,9,118.4,0,0,0,1,1,1,19,0,0,6,8,6,11.833333333333334,0,0,6,11,3,13.0,0,15.5,2.8,-4.06,12.416666666666668,9,1.166666666666666,12,0.75
1,51,1,9070,1,1,117.0,1,5,1,2,10,120.0,1,0,0,1,0,0,21,0,0,6,7,5,12.2,0,0,6,7,4,12.6,0,8.9,1.4,3.51,12.399999999999999,9,0.40000000000000036,12,0.75
1,1,3,9500,1,1,149.0,1,1,1,4,4,129.3,1,0,0,1,1,0,18,0,0,8,8,7,13.1,0,0,8,8,7,13.1,0,12.7,3.7,-1.7,13.1,14,0.0,16,0.875
1,1,4,9500,1,1,118.0,1,4,3,2,3,110.7,1,0,0,1,0,0,18,0,0,7,7,7,11.714285714285714,0,0,8,8,8,12.75,0,12.4,0.5,1.79,12.232142857142858,15,1.0357142857142865,15,1.0
1,1,4,9500,1,1,133.1,1,19,38,9,9,119.6,1,0,0,1,0,1,19,0,0,7,7,6,12.808333333333332,0,0,8,11,7,12.825714285714286,0,12.4,0.5,1.79,12.817023809523809,13,0.01738095238095383,15,0.8666666666666667
1,1,1,9991,0,1,145.0,1,2,37,4,9,127.5,1,0,0,1,1,0,22,0,0,5,9,5,12.428571428571429,1,0,5,7,5,11.8,0,7.6,2.6,0.32,12.114285714285714,10,-0.6285714285714281,10,1.0
1,17,1,171,1,1,135.0,1,19,1,4,1,131.9,1,0,0,1,1,0,19,0,6,12,12,12,13.583333333333334,0,4,11,12,11,13.583333333333334,0,8.9,1.4,3.51,13.583333333333334,23,0.0,23,1.0
1,1,1,9238,1,1,135.0,1,1,1,4,4,122.8,0,0,0,1,0,0,18,0,0,6,7,6,14.0,0,0,6,7,6,14.0,0,10.8,1.4,1.74,14.0,12,0.0,12,1.0
1,17,1,9556,1,1,140.0,1,3,3,1,7,131.6,1,0,0,1,1,0,19,0,0,7,0,0,0.0,0,0,7,0,0,0.0,0,11.1,0.6,2.02,0.0,0,0.0,14,0.0
1,1,1,9254,1,1,118.0,1,37,37,7,7,114.2,0,0,0,1,0,0,18,0,0,6,10,5,12.2,0,0,6,10,5,11.6,0,16.2,0.3,-0.92,11.899999999999999,10,-0.5999999999999996,12,0.8333333333333334
1,1,1,9853,1,1,125.0,1,38,38,9,9,125.4,0,0,1,0,0,0,19,0,0,7,11,4,12.0,0,0,7,9,6,11.833333333333334,0,16.2,0.3,-0.92,11.916666666666668,10,-0.16666666666666607,14,0.7142857142857143
1,44,1,9238,1,1,150.0,1,1,38,4,9,145.9,0,0,0,1,0,1,19,0,3,6,6,6,15.5,0,2,6,7,6,13.571428571428571,0,13.9,-0.3,0.79,14.535714285714285,12,-1.9285714285714288,12,1.0
1,44,1,9003,1,39,180.0,1,1,3,4,2,180.0,0,0,0,1,0,0,21,0,0,6,6,6,15.833333333333334,0,0,6,8,6,15.5,0,15.5,2.8,-4.06,15.666666666666668,12,-0.3333333333333339,12,1.0
1,1,1,171,1,1,138.0,1,19,19,5,1,130.7,1,0,0,1,0,0,18,0,0,0,0,0,0.0,0,0,0,0,0,0.0,0,13.9,-0.3,0.79,0.0,0,0.0,0,0.0
1,17,2,9853,1,1,112.0,1,19,38,5,7,107.1,1,0,0,1,0,1,18,0,0,7,8,7,12.142857142857142,0,0,7,9,6,13.666666666666666,0,11.1,0.6,2.02,12.904761904761905,13,1.5238095238095237,14,0.9285714285714286
1,44,1,9991,0,39,130.0,1,37,37,9,9,130.0,0,0,0,1,0,0,31,0,2,6,12,4,12.25,0,3,7,9,7,12.0,0,9.4,-0.8,-3.12,12.125,11,-0.25,13,0.8461538461538461
1,1,1,171,1,1,145.0,1,3,1,4,3,149.9,1,0,0,0,0,0,19,0,0,0,0,0,0.0,0,0,0,0,0,0.0,0,16.2,0.3,-0.92,0.0,0,0.0,0,0.0
1,1,4,9773,1,1,132.0,11,12,12,90,4,129.9,1,0,0,1,0,0,18,1,0,6,6,6,12.666666666666666,0,0,6,8,5,14.4,0,7.6,2.6,0.32,13.533333333333333,11,1.7333333333333343,12,0.9166666666666666
2,39,1,9254,1,1,130.0,1,37,37,9,9,125.0,0,0,0,1,0,0,41,0,0,6,8,6,12.285714285714286,0,0,6,10,5,13.0,0,8.9,1.4,3.51,12.642857142857142,11,0.7142857142857135,12,0.9166666666666666
1,1,2,171,1,1,127.0,1,2,19,5,5,139.6,1,0,1,0,1,1,18,0,0,0,0,0,0.0,0,0,0,0,0,0.0,0,13.9,-0.3,0.79,0.0,0,0.0,0,0.0
1,7,1,9853,1,3,150.0,1,19,19,4,5,150.0,0,0,1,0,0,0,25,0,1,6,7,6,14.428571428571429,0,0,6,7,6,13.666666666666666,0,10.8,1.4,1.74,14.047619047619047,12,-0.7619047619047628,12,1.0
1,17,6,9556,1,1,122.0,1,1,1,4,5,117.1,1,0,0,1,0,0,19,0,0,7,12,5,12.1,0,0,7,0,0,0.0,0,13.9,-0.3,0.79,6.05,5,-12.1,14,0.35714285714285715
1,17,2,9147,1,1,133.1,1,38,38,4,7,109.0,1,0,0,1,1,1,22,0,0,5,7,3,12.333333333333334,0,0,5,9,3,10.571428571428571,0,10.8,1.4,1.74,11.452380952380953,6,-1.7619047619047628,10,0.6
1,7,1,9147,1,3,130.0,1,37,19,9,8,130.0,0,0,0,1,0,0,21,0,4,9,9,9,10.88888888888889,0,3,10,18,10,11.615384615384617,0,10.8,1.4,1.74,11.252136752136753,19,0.7264957264957275,19,1.0
1,43,1,9500,1,1,140.0,1,1,38,4,7,100.0,0,0,0,1,0,1,18,0,0,7,8,7,13.6375,0,0,8,8,8,14.3875,0,13.9,-0.3,0.79,14.0125,15,0.75,15,1.0
1,1,1,9147,1,1,121.0,1,19,19,3,9,112.6,1,0,0,1,0,1,20,0,0,5,7,5,14.2,0,0,5,7,5,13.285714285714286,0,11.1,0.6,2.02,13.742857142857144,10,-0.9142857142857128,10,1.0
4,39,1,8014,0,1,133.1,1,37,37,9,8,113.0,0,0,0,1,0,1,32,0,0,6,18,2,10.333333333333334,0,0,6,7,6,11.5,0,16.2,0.3,-0.92,10.916666666666668,8,1.166666666666666,12,0.6666666666666666
1,7,1,9254,1,3,110.0,1,19,19,3,3,110.0,0,0,0,1,1,0,35,0,0,6,7,0,0.0,0,0,6,6,0,0.0,0,16.2,0.3,-0.92,0.0,0,0.0,12,0.0
1,1,3,9070,1,1,136.0,1,37,38,9,9,125.2,1,0,0,1,0,1,18,0,0,6,6,6,14.0,0,0,6,8,6,13.625,0,10.8,1.4,1.74,13.8125,12,-0.375,12,1.0
1,1,6,9500,1,1,143.0,1,38,19,7,9,129.5,1,0,0,1,0,1,18,0,0,8,8,7,13.79857142857143,0,0,8,8,7,13.79857142857143,0,10.8,1.4,1.74,13.79857142857143,14,0.0,16,0.875
1,1,5,9773,1,1,126.0,1,3,3,2,2,121.1,0,0,1,1,0,0,18,0,0,6,6,4,12.75,0,0,5,5,0,0.0,0,12.7,3.7,-1.7,6.375,4,-12.75,11,0.36363636363636365
1,1,1,9500,1,1,144.0,1,38,1,9,10,137.4,0,0,0,1,0,0,19,0,0,7,7,7,13.542857142857144,0,0,8,9,8,14.22222222222222,0,16.2,0.3,-0.92,13.882539682539683,15,0.6793650793650752,15,1.0
1,17,1,9147,1,1,131.0,1,1,37,3,7,120.2,0,0,0,1,0,0,19,0,0,5,10,5,13.285714285714286,0,0,5,8,5,13.0,0,12.7,3.7,-1.7,13.142857142857142,10,-0.2857142857142865,10,1.0
1,1,1,9500,1,1,138.0,1,1,1,3,4,132.5,1,0,0,1,0,0,18,0,0,8,8,7,14.115714285714288,0,0,8,8,7,14.115714285714288,0,10.8,1.4,1.74,14.115714285714288,14,0.0,16,0.875
1,44,1,9003,1,39,130.0,1,1,3,9,6,130.0,0,0,0,1,1,1,21,0,0,6,15,6,11.714285714285714,0,0,6,8,4,11.75,0,13.9,-0.3,0.79,11.732142857142858,10,0.035714285714286476,12,0.8333333333333334
1,44,1,9070,1,39,140.0,1,1,19,4,4,140.0,0,0,0,1,1,0,25,0,2,7,9,6,12.571428571428571,0,5,9,9,9,12.555555555555555,0,16.2,0.3,-0.92,12.563492063492063,15,-0.015873015873015817,16,0.9375
1,44,1,9003,1,39,140.0,1,19,38,6,7,140.0,1,0,0,1,1,0,19,0,0,6,8,6,12.714285714285714,0,0,6,9,6,13.5,0,12.4,0.5,1.79,13.107142857142858,12,0.7857142857142865,12,1.0
1,43,1,9119,1,1,146.0,1,3,1,2,3,100.0,0,0,0,1,1,0,18,0,0,5,9,4,12.25,0,0,5,11,3,11.666666666666666,0,13.9,-0.3,0.79,11.958333333333332,7,-0.5833333333333339,10,0.7
1,51,1,9147,1,1,99.0,1,3,1,3,3,99.7,1,0,1,0,0,0,22,0,0,5,8,0,0.0,0,0,5,7,0,0.0,0,8.9,1.4,3.51,0.0,0,0.0,10,0.0
1,17,1,9773,1,1,116.0,1,37,1,9,8,115.7,1,0,1,0,0,0,19,0,0,6,6,3,11.333333333333334,0,0,6,6,0,0.0,0,12.4,0.5,1.79,5.666666666666667,3,-11.333333333333334,12,0.25
1,17,1,9119,1,1,130.0,1,1,3,4,2,123.0,0,0,0,1,1,0,18,0,0,5,10,1,10.0,0,0,5,7,0,0.0,0,9.4,-0.8,-3.12,5.0,1,-10.0,10,0.1
1,17,2,9147,1,1,125.0,1,38,38,6,8,114.5,1,0,0,1,0,1,19,0,0,5,6,5,13.4,0,0,5,5,5,12.4,0,12.4,0.5,1.79,12.9,10,-1.0,10,1.0
1,39,1,9238,1,1,140.0,1,34,34,0,0,114.0,1,0,0,0,0,0,28,0,0,6,11,1,13.0,0,0,6,12,0,0.0,0,9.4,-0.8,-3.12,6.5,1,-13.0,12,0.08333333333333333
1,39,1,9500,1,3,122.0,1,19,1,4,8,135.8,0,0,0,1,0,0,24,0,0,8,8,7,12.401428571428571,0,0,8,8,7,12.401428571428571,0,10.8,1.4,1.74,12.401428571428571,14,0.0,16,0.875
1,1,3,9254,1,1,129.0,1,37,38,7,7,122.0,1,0,0,1,0,1,18,0,0,6,9,6,10.833333333333334,0,0,6,8,5,11.0,0,7.6,2.6,0.32,10.916666666666668,11,0.16666666666666607,12,0.9166666666666666
1,1,1,9773,1,1,123.0,1,1,38,9,9,116.7,0,0,0,1,0,1,18,0,0,6,6,6,12.166666666666666,0,0,6,8,6,12.666666666666666,0,12.4,0.5,1.79,12.416666666666666,12,0.5,12,1.0
2,43,3,9991,0,1,120.0,1,37,37,9,9,128.2,1,0,0,1,1,0,32,0,0,5,5,0,0.0,0,0,5,5,0,0.0,0,7.6,2.6,0.32,0.0,0,0.0,10,0.0
1,39,1,9147,1,1,150.0,1,37,1,7,3,148.8,0,0,0,1,1,1,25,0,0,5,7,4,14.25,0,0,5,7,4,14.75,0,12.7,3.7,-1.7,14.5,8,0.5,10,0.8
1,39,1,9254,1,1,160.0,1,19,37,7,10,100.0,0,0,0,1,1,0,26,0,0,6,7,6,12.0,0,0,6,8,5,10.8,0,12.7,3.7,-1.7,11.4,11,-1.1999999999999993,12,0.9166666666666666
1,1,5,9500,1,1,125.0,1,3,19,4,8,120.3,1,0,0,1,0,0,19,0,0,7,11,5,11.716666666666669,0,0,7,8,5,13.7,0,13.9,-0.3,0.79,12.708333333333334,10,1.9833333333333307,14,0.7142857142857143
2,39,1,9991,0,1,170.0,1,38,19,4,8,134.7,0,0,0,1,0,0,33,0,0,5,5,5,12.8,0,0,5,6,5,15.333333333333334,0,10.8,1.4,1.74,14.066666666666666,10,2.533333333333333,10,1.0
1,1,1,9119,1,1,160.0,1,37,37,9,6,153.7,0,0,0,1,1,0,19,0,0,5,7,1,13.0,0,0,5,7,2,10.0,0,9.4,-0.8,-3.12,11.5,3,-3.0,10,0.3
1,17,3,9238,1,1,122.0,1,19,19,7,7,117.5,1,0,0,1,0,0,19,0,0,6,7,5,10.8,0,0,6,9,6,10.166666666666666,0,8.9,1.4,3.51,10.483333333333334,11,-0.6333333333333346,12,0.9166666666666666
1,18,2,9670,1,1,121.0,1,37,38,4,1,111.9,1,0,0,1,1,0,19,0,0,6,6,6,14.166666666666666,0,0,6,6,6,14.0,0,13.9,-0.3,0.79,14.083333333333332,12,-0.16666666666666607,12,1.0
1,1,1,9500,1,1,140.0,1,19,19,3,6,124.3,1,0,0,1,0,1,18,0,0,7,7,7,14.542857142857144,0,0,8,11,8,14.88181818181818,0,16.2,0.3,-0.92,14.712337662337662,15,0.3389610389610347,15,1.0
1,17,1,9147,1,1,134.0,1,19,38,4,8,129.5,0,0,0,1,0,1,18,0,0,5,5,5,11.6,0,0,5,12,4,12.625,0,10.8,1.4,1.74,12.1125,9,1.0250000000000004,10,0.9
1,1,1,171,1,1,138.0,1,1,40,4,3,149.9,1,0,0,1,0,0,20,0,0,0,0,0,0.0,0,0,0,0,0,0.0,0,11.1,0.6,2.02,0.0,0,0.0,0,0.0
1,39,1,9130,1,1,133.1,1,3,34,3,0,120.0,0,0,1,0,1,0,29,0,0,5,11,0,0.0,4,0,5,6,0,0.0,1,9.4,-0.8,-3.12,0.0,0,0.0,10,0.0
1,44,1,9085,1,39,160.0,1,12,38,4,8,160.0,1,0,0,1,1,0,23,0,1,6,10,5,12.5,0,1,6,8,2,13.5,0,12.4,0.5,1.79,13.0,7,1.0,12,0.5833333333333334
1,1,1,171,1,1,141.0,1,3,1,4,4,142.8,1,0,0,1,0,0,18,0,0,0,0,0,0.0,0,0,0,0,0,0.0,0,12.4,0.5,1.79,0.0,0,0.0,0,0.0
1,17,2,9147,1,1,123.0,1,1,38,4,7,115.3,1,0,0,1,0,1,18,0,0,5,9,3,13.0,0,0,5,11,3,11.0,0,8.9,1.4,3.51,12.0,6,-2.0,10,0.6
1,1,1,9147,1,1,102.0,1,38,38,9,9,99.6,1,0,0,1,0,1,21,0,0,5,10,5,13.714285714285714,0,0,5,7,5,14.4,0,11.1,0.6,2.02,14.057142857142857,10,0.6857142857142868,10,1.0
1,44,1,9085,1,1,140.0,1,1,2,3,3,140.0,0,0,0,1,0,0,20,0,0,6,7,6,14.285714285714286,0,0,6,9,3,13.0,0,13.9,-0.3,0.79,13.642857142857142,9,-1.2857142857142865,12,0.75
1,1,2,9773,1,1,130.0,1,19,19,5,6,137.4,0,0,0,1,0,0,19,0,0,6,6,6,15.0,0,0,6,7,6,14.0,0,15.5,2.8,-4.06,14.5,12,-1.0,12,1.0
1,1,2,9670,1,1,122.0,1,1,1,9,9,116.1,1,0,0,1,1,1,18,0,0,5,6,4,12.25,0,0,5,5,5,12.2,0,9.4,-0.8,-3.12,12.225,9,-0.05000000000000071,10,0.9
1,17,3,9119,1,1,130.0,1,1,38,3,3,129.3,0,0,0,1,1,1,18,0,0,5,5,5,13.0,0,0,5,5,5,14.2,0,8.9,1.4,3.51,13.6,10,1.1999999999999993,10,1.0
1,17,1,9773,1,1,141.0,1,2,3,2,2,133.7,1,0,0,1,0,1,18,0,0,6,6,6,14.833333333333334,0,0,6,6,6,13.5,0,11.1,0.6,2.02,14.166666666666668,12,-1.333333333333334,12,1.0
2,39,1,9500,1,19,133.1,1,37,38,9,10,120.9,1,0,0,1,0,0,39,0,0,7,12,4,12.0,0,0,7,13,4,12.5625,0,11.1,0.6,2.02,12.28125,8,0.5625,14,0.5714285714285714
1,18,1,9147,1,1,131.0,1,34,34,90,90,131.0,0,0,0,1,1,0,22,0,0,5,11,3,13.666666666666666,0,0,5,10,3,11.333333333333334,0,9.4,-0.8,-3.12,12.5,6,-2.333333333333332,10,0.6
1,43,1,9085,1,1,130.0,1,37,37,90,90,125.1,0,0,0,1,0,0,21,0,2,9,14,8,13.555555555555555,0,2,7,10,7,13.571428571428571,0,7.6,2.6,0.32,13.563492063492063,15,0.015873015873015817,16,0.9375
1,39,1,9085,1,1,140.0,1,3,3,4,2,141.7,1,0,0,1,0,0,27,0,0,6,13,3,10.5,0,0,6,19,1,12.0,0,12.4,0.5,1.79,11.25,4,1.5,12,0.3333333333333333
1,39,1,9991,0,39,150.0,1,19,19,9,9,150.3,0,0,0,1,1,0,24,0,0,5,7,3,11.333333333333334,0,0,5,6,0,0.0,0,10.8,1.4,1.74,5.666666666666667,3,-11.333333333333334,10,0.3
1,1,1,9147,1,1,143.0,1,1,37,9,9,135.0,1,0,0,1,0,0,21,0,0,5,8,4,11.0,0,0,5,8,5,12.0,0,7.6,2.6,0.32,11.5,9,1.0,10,0.9
1,18,2,9147,1,1,132.0,1,3,3,5,7,119.1,1,0,1,0,0,0,20,0,0,5,9,3,10.0,0,0,5,9,3,10.571428571428571,0,10.8,1.4,1.74,10.285714285714285,6,0.5714285714285712,10,0.6
1,39,1,9119,1,1,138.7,1,1,12,4,3,111.3,0,0,0,1,1,0,27,0,1,6,7,3,12.0,0,2,6,7,2,11.0,0,13.9,-0.3,0.79,11.5,5,-1.0,12,0.4166666666666667
1,18,4,9773,1,1,114.0,1,1,1,9,9,111.6,1,0,0,1,0,1,21,0,0,6,6,6,12.5,0,0,6,6,6,11.5,0,11.1,0.6,2.02,12.0,12,-1.0,12,1.0
1,17,2,9238,1,1,145.0,1,19,38,7,6,128.6,1,0,0,1,0,1,19,0,0,6,12,5,11.714285714285714,0,0,6,11,6,11.0,0,12.7,3.7,-1.7,11.357142857142858,11,-0.7142857142857135,12,0.9166666666666666
2,39,1,9085,1,19,133.1,1,19,19,9,5,101.0,1,0,0,1,0,0,26,0,0,6,21,3,12.666666666666666,0,0,6,15,2,11.0,0,15.5,2.8,-4.06,11.833333333333332,5,-1.666666666666666,12,0.4166666666666667
1,1,3,9670,1,1,121.0,1,3,19,2,8,122.4,1,0,0,1,1,0,19,0,0,5,7,3,11.666666666666666,0,0,5,5,4,12.0,0,9.4,-0.8,-3.12,11.833333333333332,7,0.3333333333333339,10,0.7
1,17,1,9254,1,1,125.0,1,1,19,4,7,116.6,0,0,0,1,1,1,19,0,0,6,8,5,12.666666666666666,0,0,6,10,6,12.857142857142858,0,16.2,0.3,-0.92,12.761904761904763,11,0.19047619047619158,12,0.9166666666666666
1,1,1,171,1,1,114.0,1,3,29,3,5,111.9,0,0,0,0,1,0,18,0,0,0,0,0,0.0,0,0,0,0,0,0.0,0,9.4,-0.8,-3.12,0.0,0,0.0,0,0.0
1,1,1,9238,1,1,157.0,1,3,38,1,5,136.7,1,0,0,1,0,0,22,0,0,6,11,4,12.5,1,0,6,13,3,13.666666666666666,0,9.4,-0.8,-3.12,13.083333333333332,7,1.166666666666666,12,0.5833333333333334
1,43,4,171,1,1,117.0,1,19,12,9,10,109.3,0,0,0,1,1,0,19,0,0,0,0,0,0.0,0,0,0,0,0,0.0,0,9.4,-0.8,-3.12,0.0,0,0.0,0,0.0
1,1,1,9070,1,1,126.0,1,19,37,7,5,119.4,0,0,0,1,0,1,21,0,0,6,7,5,13.8,0,0,6,6,6,12.833333333333334,0,16.2,0.3,-0.92,13.316666666666666,11,-0.9666666666666668,12,0.9166666666666666
1,43,1,9119,1,1,128.0,1,1,38,4,7,100.0,0,0,0,1,1,0,19,0,0,5,8,5,12.0,0,0,5,12,2,10.5,0,13.9,-0.3,0.79,11.25,7,-1.5,10,0.7
1,53,1,9085,1,42,150.0,1,1,19,4,8,145.2,1,0,0,1,0,0,20,0,7,11,13,11,14.615384615384617,0,4,9,11,9,13.7,0,8.9,1.4,3.51,14.157692307692308,20,-0.9153846153846175,20,1.0
1,1,1,9556,1,1,135.0,1,1,1,1,1,131.5,0,0,0,1,1,1,21,0,0,7,14,5,11.2,0,0,8,11,6,11.583333333333334,0,16.2,0.3,-0.92,11.391666666666666,11,0.38333333333333464,15,0.7333333333333333
1,17,1,9254,1,1,122.0,1,37,37,5,6,114.3,0,0,0,0,0,0,20,0,0,6,0,0,0.0,0,0,6,0,0,0.0,0,15.5,2.8,-4.06,0.0,0,0.0,12,0.0
2,39,1,9003,1,1,120.0,1,37,37,9,9,155.8,0,0,0,1,1,0,29,0,0,6,9,6,16.11111111111111,0,0,6,7,6,13.5,0,13.9,-0.3,0.79,14.805555555555555,12,-2.6111111111111107,12,1.0
1,1,1,9670,1,1,139.0,1,38,19,5,7,130.6,1,0,0,1,0,0,18,0,0,6,6,6,12.333333333333334,0,0,6,7,5,14.2,0,13.9,-0.3,0.79,13.266666666666666,11,1.8666666666666654,12,0.9166666666666666
1,1,2,9500,1,1,145.0,1,37,1,9,4,138.8,1,0,0,1,0,1,18,0,0,7,7,6,12.95,0,0,7,7,6,12.95,0,7.6,2.6,0.32,12.95,12,0.0,14,0.8571428571428571
2,39,1,9085,1,1,133.1,1,37,37,90,90,110.3,0,0,0,1,1,0,33,0,0,5,7,4,13.5,0,0,5,6,5,11.6,0,7.6,2.6,0.32,12.55,9,-1.9000000000000004,10,0.9
1,1,1,9238,1,1,135.0,1,38,38,4,7,121.7,1,0,0,1,0,1,18,0,0,6,14,0,0.0,0,0,6,9,4,11.0,0,7.6,2.6,0.32,5.5,4,11.0,12,0.3333333333333333
1,1,1,9070,1,1,148.0,1,1,1,4,8,141.4,0,0,0,1,1,0,19,0,0,6,0,0,0.0,0,0,6,0,0,0.0,0,15.5,2.8,-4.06,0.0,0,0.0,12,0.0
1,51,1,9238,1,1,160.0,1,3,19,2,1,116.1,0,0,1,1,0,0,26,0,0,6,6,6,14.833333333333334,0,0,6,7,6,15.142857142857142,0,11.1,0.6,2.02,14.988095238095237,12,0.3095238095238084,12,1.0
1,1,3,9773,1,1,121.0,1,19,38,9,7,113.0,1,0,0,1,1,0,19,0,0,6,6,6,13.833333333333334,0,0,6,6,6,13.666666666666666,0,11.1,0.6,2.02,13.75,12,-0.16666666666666785,12,1.0
1,43,1,9238,1,1,125.0,1,19,19,4,8,117.0,1,0,0,1,0,0,21,0,0,6,13,3,12.0,0,0,6,12,2,11.333333333333334,0,16.2,0.3,-0.92,11.666666666666668,5,-0.6666666666666661,12,0.4166666666666667
1,1,1,9238,1,1,128.0,1,37,19,9,4,127.3,1,0,0,1,0,1,19,0,0,6,8,6,14.0,0,0,6,8,6,12.285714285714286,0,16.2,0.3,-0.92,13.142857142857142,12,-1.7142857142857135,12,1.0
2,44,1,9991,0,39,140.0,1,37,37,9,9,140.0,0,0,0,1,0,0,41,0,2,6,10,4,12.25,0,3,7,9,6,12.5,0,9.4,-0.8,-3.12,12.375,10,0.25,13,0.7692307692307693
1,1,1,9670,1,1,142.0,1,38,19,7,10,128.4,0,0,0,1,0,0,23,0,0,6,11,6,11.875,0,0,6,9,5,12.833333333333334,0,11.1,0.6,2.02,12.354166666666668,11,0.9583333333333339,12,0.9166666666666666
1,1,1,171,1,1,133.1,1,1,37,7,7,118.0,0,0,0,1,1,0,22,0,0,0,0,0,0.0,0,0,0,0,0,0.0,0,11.1,0.6,2.02,0.0,0,0.0,0,0.0
1,17,5,9773,1,1,143.0,1,1,1,7,7,136.7,1,0,0,1,0,0,18,0,0,6,6,6,12.5,0,0,6,6,6,13.833333333333334,0,8.9,1.4,3.51,13.166666666666668,12,1.333333333333334,12,1.0
1,17,4,9500,1,1,146.0,1,4,1,2,3,140.0,1,0,0,1,0,0,18,0,0,8,8,7,14.828571428571427,0,0,8,8,7,14.828571428571427,0,12.7,3.7,-1.7,14.828571428571427,14,0.0,16,0.875
1,1,2,9853,1,1,134.0,1,1,38,9,8,122.5,1,0,0,1,0,1,19,0,0,6,7,6,14.0,0,0,6,6,6,15.0,0,15.5,2.8,-4.06,14.5,12,1.0,12,1.0
1,1,3,9119,1,1,133.0,1,3,1,3,4,121.8,1,0,0,1,1,0,18,0,0,5,9,4,12.0,0,0,5,10,2,11.0,0,8.9,1.4,3.51,11.5,6,-1.0,10,0.6
1,17,2,9070,1,1,127.0,1,37,37,9,9,119.3,1,1,0,1,1,1,25,0,0,6,8,4,10.25,0,0,6,6,4,11.25,0,12.7,3.7,-1.7,10.75,8,1.0,12,0.6666666666666666
1,43,1,9238,1,1,110.0,1,37,37,9,9,110.0,0,0,0,1,0,0,36,0,10,16,24,13,10.692307692307692,1,9,13,19,9,12.307692307692308,0,15.5,2.8,-4.06,11.5,22,1.6153846153846168,29,0.7586206896551724
1,17,1,9147,1,1,148.0,1,38,37,5,5,134.0,0,0,0,1,1,0,18,0,0,5,9,0,0.0,0,0,5,5,0,0.0,0,7.6,2.6,0.32,0.0,0,0.0,10,0.0
1,1,1,9773,1,1,156.0,1,19,1,5,10,136.8,1,0,0,1,0,0,18,0,0,6,6,6,14.0,0,0,6,6,6,13.5,0,11.1,0.6,2.02,13.75,12,-0.5,12,1.0
5,39,1,9500,1,1,110.0,1,38,38,9,9,110.0,0,0,0,0,0,0,37,0,0,8,8,0,0.0,1,0,8,8,0,0.0,1,12.7,3.7,-1.7,0.0,0,0.0,16,0.0
1,17,3,9500,1,1,136.0,1,19,1,9,9,129.0,1,0,0,1,0,1,19,0,0,7,7,7,13.308571428571428,0,0,8,10,8,12.55,0,12.4,0.5,1.79,12.929285714285715,15,-0.7585714285714271,15,1.0
1,17,1,9070,1,1,157.0,1,3,3,3,3,146.2,0,0,0,1,1,0,18,0,0,6,6,6,16.0,0,0,6,6,6,13.666666666666666,0,12.4,0.5,1.79,14.833333333333332,12,-2.333333333333334,12,1.0
1,17,6,9500,1,1,132.0,1,1,37,8,9,128.0,1,0,0,1,0,0,19,0,0,7,7,7,13.467142857142855,0,0,8,9,8,15.011111111111113,0,12.4,0.5,1.79,14.239126984126983,15,1.5439682539682575,15,1.0
1,1,2,9130,1,1,140.0,1,19,37,9,9,129.5,1,0,0,1,0,0,18,0,0,5,10,4,13.5,1,0,5,5,5,13.4,0,12.7,3.7,-1.7,13.45,9,-0.09999999999999964,10,0.9
1,39,2,9147,1,1,120.0,1,37,37,9,9,104.0,0,0,0,0,1,0,26,0,0,5,8,1,10.0,0,0,5,9,1,10.0,0,10.8,1.4,1.74,10.0,2,0.0,10,0.2
1,1,4,9238,1,1,125.0,1,19,38,9,6,114.9,1,0,1,1,0,1,19,0,0,6,9,5,11.4,0,0,6,9,3,10.0,0,8.9,1.4,3.51,10.7,8,-1.4000000000000004,12,0.6666666666666666
1,17,1,9670,1,1,130.0,1,3,19,5,5,121.6,0,0,0,1,0,0,18,0,0,6,6,6,13.666666666666666,0,0,6,8,5,13.6,0,8.9,1.4,3.51,13.633333333333333,11,-0.06666666666666643,12,0.9166666666666666
2,43,1,9991,0,1,140.0,1,37,37,4,9,100.0,0,0,0,0,0,0,31,0,2,6,10,4,11.75,0,0,5,6,1,10.0,0,12.7,3.7,-1.7,10.875,5,-1.75,11,0.45454545454545453
1,17,1,9853,1,1,112.0,1,2,19,3,9,106.1,1,0,0,1,0,0,19,0,0,6,8,5,12.333333333333334,0,0,6,8,5,11.0,0,15.5,2.8,-4.06,11.666666666666668,10,-1.333333333333334,12,0.8333333333333334
1,1,2,9500,1,1,139.0,1,4,1,2,10,136.4,1,0,0,1,0,0,19,0,0,7,9,7,13.422222222222224,0,0,8,11,7,12.18888888888889,0,15.5,2.8,-4.06,12.805555555555557,14,-1.2333333333333343,15,0.9333333333333333
1,1,1,9147,1,1,125.0,1,1,1,4,2,134.1,1,0,0,1,1,0,20,0,0,5,0,0,0.0,0,0,5,0,0,0.0,0,8.9,1.4,3.51,0.0,0,0.0,10,0.0
1,39,1,9500,1,1,133.1,1,1,37,9,9,100.0,0,0,0,1,1,0,28,0,0,7,11,3,11.916666666666666,1,0,7,17,0,0.0,0,16.2,0.3,-0.92,5.958333333333333,3,-11.916666666666666,14,0.21428571428571427
1,17,1,9085,1,1,109.0,1,19,19,4,9,104.1,1,0,1,0,0,1,21,0,0,6,16,2,13.0,0,0,6,8,0,0.0,0,15.5,2.8,-4.06,6.5,2,-13.0,12,0.16666666666666666
1,1,1,9085,1,1,129.0,1,1,2,3,1,125.9,1,0,0,1,0,0,19,0,0,5,13,4,12.0,2,0,5,8,3,12.0,0,9.4,-0.8,-3.12,12.0,7,0.0,10,0.7
1,42,1,9119,1,1,144.0,1,34,34,0,0,119.5,0,0,0,1,1,0,18,0,0,5,6,1,10.0,0,0,5,7,1,12.0,0,10.8,1.4,1.74,11.0,2,2.0,10,0.2
1,1,1,9500,1,1,142.0,1,1,38,9,9,127.0,0,0,1,0,1,0,21,0,0,7,12,4,12.94,0,0,7,12,4,11.58,0,12.4,0.5,1.79,12.26,8,-1.3599999999999994,14,0.5714285714285714
1,1,1,9556,1,1,123.0,1,19,19,4,9,113.8,1,0,0,1,0,0,18,0,0,7,9,7,11.155555555555557,0,0,8,10,8,11.425,0,12.7,3.7,-1.7,11.290277777777778,15,0.26944444444444393,15,1.0
1,39,1,171,1,19,133.1,101,1,19,2,7,110.0,0,0,0,1,1,1,25,1,0,0,0,0,0.0,0,0,0,0,0,0.0,0,15.5,2.8,-4.06,0.0,0,0.0,0,0.0
1,16,2,9238,1,1,130.0,1,37,37,5,6,126.9,1,0,0,1,0,0,18,0,0,6,8,6,13.571428571428571,0,0,6,11,5,12.166666666666666,0,9.4,-0.8,-3.12,12.869047619047619,11,-1.404761904761905,12,0.9166666666666666
1,1,1,9500,1,1,135.0,1,19,3,9,4,121.5,1,0,0,1,0,0,18,0,0,7,7,6,12.916666666666666,0,0,7,7,6,12.916666666666666,0,7.6,2.6,0.32,12.916666666666666,12,0.0,14,0.8571428571428571
1,53,1,9003,1,42,140.0,1,3,38,141,151,135.3,0,0,0,1,1,0,21,0,7,12,18,11,12.090909090909092,0,5,12,14,11,12.0,0,8.9,1.4,3.51,12.045454545454547,22,-0.09090909090909172,24,0.9166666666666666
1,1,3,9773,1,1,135.0,1,38,38,5,8,133.3,1,0,0,1,0,1,18,0,0,6,6,6,14.833333333333334,0,0,6,6,6,14.166666666666666,0,8.9,1.4,3.51,14.5,12,-0.6666666666666679,12,1.0
1,1,1,9670,1,1,133.1,1,3,1,4,4,95.0,0,0,0,1,1,0,19,0,0,6,7,0,0.0,0,0,6,6,0,0.0,0,15.5,2.8,-4.06,0.0,0,0.0,12,0.0
2,39,1,9119,1,19,133.1,1,37,37,9,9,100.0,0,0,0,1,1,0,36,0,0,5,0,0,0.0,0,0,5,0,0,0.0,0,16.2,0.3,-0.92,0.0,0,0.0,10,0.0
4,39,1,8014,0,1,130.0,1,37,37,9,7,138.0,0,0,0,1,0,0,42,0,0,6,8,5,11.2,0,0,6,6,6,12.0,0,8.9,1.4,3.51,11.6,11,0.8000000000000007,12,0.9166666666666666
2,39,1,9147,1,1,130.0,1,37,37,9,9,117.9,0,0,0,1,0,0,35,0,0,1,1,0,0.0,1,0,5,0,0,0.0,0,10.8,1.4,1.74,0.0,0,0.0,6,0.0
1,18,5,9085,1,1,121.0,1,5,3,2,3,111.9,1,0,0,1,0,0,21,0,0,5,12,0,0.0,3,0,5,5,0,0.0,0,12.7,3.7,-1.7,0.0,0,0.0,10,0.0
1,1,3,9500,1,1,138.0,1,19,19,5,8,124.9,1,0,0,1,0,1,18,0,0,7,9,7,13.2375,0,0,8,9,7,13.742857142857144,0,13.9,-0.3,0.79,13.490178571428572,14,0.5053571428571431,15,0.9333333333333333
1,44,1,9085,1,39,160.0,1,1,1,5,4,160.0,1,1,0,0,1,0,19,0,2,6,6,6,14.0,0,1,6,11,6,13.5,0,12.4,0.5,1.79,13.75,12,-0.5,12,1.0
1,18,3,9773,1,1,128.0,1,19,1,9,9,122.1,1,0,0,1,1,0,19,0,0,6,9,4,12.5,0,0,6,6,6,11.333333333333334,0,10.8,1.4,1.74,11.916666666666668,10,-1.166666666666666,12,0.8333333333333334
1,1,2,9238,1,1,136.0,1,37,38,9,8,139.2,1,0,0,1,0,0,18,0,0,6,7,6,13.833333333333334,0,0,6,6,6,14.0,0,9.4,-0.8,-3.12,13.916666666666668,12,0.16666666666666607,12,1.0
1,1,1,9670,1,1,133.1,1,1,1,9,1,103.0,1,0,0,1,0,1,20,0,0,6,8,4,11.75,0,0,6,10,6,12.666666666666666,0,10.8,1.4,1.74,12.208333333333332,10,0.9166666666666661,12,0.8333333333333334
1,42,1,9500,1,1,168.0,1,37,1,9,4,133.4,1,0,0,1,0,0,23,0,20,26,27,26,15.07777777777778,0,14,17,17,17,15.023529411764704,0,15.5,2.8,-4.06,15.05065359477124,43,-0.054248366013075255,43,1.0
1,1,1,9070,1,1,136.0,1,1,38,4,5,132.2,0,0,1,1,0,0,19,0,0,6,6,6,13.833333333333334,0,0,6,8,6,13.875,0,10.8,1.4,1.74,13.854166666666668,12,0.041666666666666075,12,1.0
1,17,1,9670,1,1,128.0,1,19,19,7,7,124.4,0,0,0,1,0,1,19,0,0,6,6,6,13.0,0,0,6,6,6,14.0,0,13.9,-0.3,0.79,13.5,12,1.0,12,1.0
1,17,3,9238,1,1,131.0,1,1,39,5,3,122.6,1,0,0,1,0,0,18,0,0,6,7,6,13.0,0,0,6,6,6,13.666666666666666,0,12.4,0.5,1.79,13.333333333333332,12,0.6666666666666661,12,1.0
1,1,5,9500,1,1,101.0,1,38,38,9,9,104.5,1,0,0,1,0,1,21,0,0,7,9,5,13.336000000000002,0,0,8,9,7,13.207142857142856,0,11.1,0.6,2.02,13.271571428571429,12,-0.12885714285714656,15,0.8
1,18,1,9238,1,1,122.0,1,1,3,9,2,112.6,1,0,0,1,1,0,21,0,0,6,9,6,10.166666666666666,0,0,6,10,6,10.5,0,12.7,3.7,-1.7,10.333333333333332,12,0.3333333333333339,12,1.0
1,39,1,9130,1,3,150.0,1,3,1,90,90,150.0,1,0,0,1,0,0,34,0,1,5,6,1,11.0,0,0,5,5,0,0.0,0,12.7,3.7,-1.7,5.5,1,-11.0,10,0.1
1,39,1,9085,1,1,133.1,1,37,37,9,9,120.0,0,0,0,0,0,0,32,0,0,6,0,0,0.0,0,0,6,0,0,0.0,0,11.1,0.6,2.02,0.0,0,0.0,12,0.0
4,39,1,8014,0,19,133.1,1,34,34,0,0,100.0,0,0,0,1,0,0,48,0,0,6,11,1,10.0,0,0,6,11,1,11.0,0,9.4,-0.8,-3.12,10.5,2,1.0,12,0.16666666666666666
1,43,2,9991,0,1,140.0,1,37,37,5,5,124.3,1,0,0,0,1,0,27,0,0,5,5,0,0.0,0,0,5,5,0,0.0,0,12.7,3.7,-1.7,0.0,0,0.0,10,0.0
1,17,1,171,1,1,114.0,1,19,38,9,7,129.1,0,0,0,1,1,1,23,0,0,0,0,0,0.0,0,0,0,0,0,0.0,0,9.4,-0.8,-3.12,0.0,0,0.0,0,0.0
1,1,1,9670,1,1,124.0,1,19,37,5,7,119.1,0,0,0,1,1,1,20,0,0,5,7,4,11.0,0,0,5,7,4,11.5,0,9.4,-0.8,-3.12,11.25,8,0.5,10,0.8
1,1,1,9853,1,1,140.0,1,37,37,9,9,145.3,0,0,0,1,0,0,18,0,0,6,6,6,13.666666666666666,0,0,6,9,6,12.333333333333334,0,7.6,2.6,0.32,13.0,12,-1.3333333333333321,12,1.0
1,39,1,9003,1,19,133.1,1,3,1,2,8,100.0,1,0,0,1,1,0,35,0,0,6,13,3,11.75,0,0,6,10,0,0.0,0,13.9,-0.3,0.79,5.875,3,-11.75,12,0.25
1,1,4,9773,1,1,124.0,1,19,37,99,90,124.0,0,0,0,0,0,0,18,0,0,4,4,0,0.0,0,0,4,4,0,0.0,0,12.7,3.7,-1.7,0.0,0,0.0,8,0.0
1,17,3,171,1,1,125.0,1,3,39,2,5,117.0,1,1,0,1,1,0,22,0,0,0,0,0,0.0,0,0,0,0,0,0.0,0,10.8,1.4,1.74,0.0,0,0.0,0,0.0
1,5,1,9670,1,1,135.0,1,1,12,4,4,140.3,1,0,0,1,0,0,19,0,0,6,7,6,13.428571428571429,0,0,6,6,4,14.0,0,12.4,0.5,1.79,13.714285714285715,10,0.5714285714285712,12,0.8333333333333334
1,17,6,9500,1,1,126.0,1,19,37,3,9,119.4,1,0,0,1,0,1,19,0,0,7,7,7,13.371428571428572,0,0,8,9,8,13.666666666666666,0,16.2,0.3,-0.92,13.519047619047619,15,0.2952380952380942,15,1.0
1,43,1,9085,1,39,150.0,1,38,37,6,6,150.0,1,0,0,1,0,1,21,0,2,7,15,3,13.0,2,1,5,12,5,13.285714285714286,1,10.8,1.4,1.74,13.142857142857142,8,0.2857142857142865,12,0.6666666666666666
1,1,3,9070,1,1,132.0,1,1,3,9,7,126.1,1,0,0,1,0,1,18,0,0,6,6,6,15.833333333333334,0,0,6,6,6,15.333333333333334,0,11.1,0.6,2.02,15.583333333333334,12,-0.5,12,1.0
1,1,4,9773,1,1,143.0,1,1,3,4,7,129.7,1,0,0,1,0,0,20,0,0,4,4,0,0.0,0,0,6,0,0,0.0,0,8.9,1.4,3.51,0.0,0,0.0,10,0.0
1,1,1,9070,1,1,160.0,1,3,38,1,9,152.0,1,0,0,0,0,0,19,0,0,5,5,0,0.0,0,0,6,0,0,0.0,0,10.8,1.4,1.74,0.0,0,0.0,11,0.0
1,7,1,9500,1,3,130.0,1,19,38,4,10,130.0,1,0,0,1,0,0,23,0,1,7,8,6,14.357142857142858,0,1,7,8,6,14.357142857142858,0,7.6,2.6,0.32,14.357142857142858,12,0.0,14,0.8571428571428571
1,1,1,9500,1,1,110.0,1,19,19,9,7,105.8,1,0,0,1,1,0,22,0,0,7,8,6,14.333333333333334,0,0,8,9,7,13.771428571428572,0,11.1,0.6,2.02,14.052380952380954,13,-0.5619047619047617,15,0.8666666666666667
4,39,2,8014,0,1,160.0,1,37,38,7,5,115.0,0,0,0,1,0,1,41,0,0,6,8,6,11.333333333333334,0,0,6,9,6,11.333333333333334,0,10.8,1.4,1.74,11.333333333333334,12,0.0,12,1.0
1,1,6,9500,1,1,120.0,41,1,1,9,6,114.8,1,0,0,1,0,0,21,1,0,7,11,4,13.25,0,0,7,9,5,13.82,0,11.1,0.6,2.02,13.535,9,0.5700000000000003,14,0.6428571428571429
2,39,1,9500,1,1,133.1,1,3,1,5,5,148.8,0,0,0,1,0,1,34,0,0,7,7,6,12.513333333333334,0,0,8,9,7,13.071428571428571,0,12.4,0.5,1.79,12.792380952380952,13,0.5580952380952375,15,0.8666666666666667
5,17,5,9500,1,1,143.0,1,37,38,5,8,133.5,1,0,0,1,0,1,18,0,0,8,8,7,12.114285714285714,0,0,8,8,7,12.114285714285714,0,12.7,3.7,-1.7,12.114285714285714,14,0.0,16,0.875
1,1,1,9773,1,1,127.0,1,5,3,4,4,122.8,1,0,0,1,1,0,20,0,0,6,7,6,12.166666666666666,0,0,6,9,3,12.0,0,12.4,0.5,1.79,12.083333333333332,9,-0.16666666666666607,12,0.75
1,39,1,33,1,1,140.0,1,3,1,2,4,152.8,0,0,0,1,0,0,26,0,0,7,9,7,14.75,0,0,7,12,5,13.8,3,16.2,0.3,-0.92,14.275,12,-0.9499999999999993,14,0.8571428571428571
1,1,5,9238,1,1,126.0,1,30,19,0,2,121.5,1,0,0,1,0,0,18,0,0,6,8,6,11.333333333333334,0,0,6,6,6,11.666666666666666,0,7.6,2.6,0.32,11.5,12,0.33333333333333215,12,1.0
2,39,1,9991,0,1,140.0,1,36,14,9,10,130.0,1,0,0,1,1,0,41,0,0,5,9,4,10.75,0,0,5,7,2,10.0,0,9.4,-0.8,-3.12,10.375,6,-0.75,10,0.6
1,1,1,9670,1,1,135.0,1,37,37,9,7,132.6,1,0,0,1,0,1,18,0,0,6,7,6,13.5,0,0,6,9,5,14.0,0,8.9,1.4,3.51,13.75,11,0.5,12,0.9166666666666666
1,1,1,9670,1,1,112.0,1,37,1,7,0,110.6,0,0,0,1,0,0,20,0,0,5,7,4,11.75,0,0,5,7,5,11.8,1,7.6,2.6,0.32,11.775,9,0.05000000000000071,10,0.9
1,1,1,9238,1,1,125.0,1,37,38,9,9,125.0,1,0,1,0,0,1,19,0,0,6,8,5,10.6,0,0,6,8,5,11.0,0,10.8,1.4,1.74,10.8,10,0.40000000000000036,12,0.8333333333333334
2,39,1,9500,1,19,133.1,1,38,38,2,10,120.0,0,0,0,1,0,0,37,0,0,7,9,2,10.75,0,0,7,9,0,0.0,0,16.2,0.3,-0.92,5.375,2,-10.75,14,0.14285714285714285
1,1,1,9670,1,1,126.0,1,1,1,90,90,119.0,1,0,1,1,1,0,20,0,0,6,10,1,12.0,1,0,6,0,0,0.0,0,10.8,1.4,1.74,6.0,1,-12.0,12,0.08333333333333333
1,1,1,9670,1,1,128.0,1,19,1,4,1,118.2,0,0,0,1,0,0,19,0,0,6,6,6,13.166666666666666,0,0,6,9,6,13.0,0,10.8,1.4,1.74,13.083333333333332,12,-0.16666666666666607,12,1.0
1,1,1,9238,1,1,128.0,1,19,19,5,5,124.5,1,0,0,1,0,1,18,0,0,6,10,4,12.4,0,0,6,8,6,12.5,0,12.4,0.5,1.79,12.45,10,0.09999999999999964,12,0.8333333333333334
1,17,6,9773,1,1,141.0,1,37,37,5,5,127.7,1,0,0,1,1,0,18,0,0,6,6,6,15.166666666666666,0,0,6,6,6,14.833333333333334,0,9.4,-0.8,-3.12,15.0,12,-0.33333333333333215,12,1.0
1,1,3,9500,1,1,108.0,1,19,1,9,3,107.8,1,0,0,1,0,1,20,0,0,7,10,6,12.357142857142858,0,0,8,9,7,13.0,0,13.9,-0.3,0.79,12.678571428571429,13,0.6428571428571423,15,0.8666666666666667
2,39,1,9003,1,1,130.0,1,38,37,9,9,144.0,0,0,0,1,0,0,29,0,13,18,20,18,15.444444444444445,0,11,13,13,13,15.307692307692308,0,15.5,2.8,-4.06,15.376068376068377,31,-0.13675213675213627,31,1.0
1,17,1,9254,1,1,126.0,1,37,37,5,1,126.0,0,0,0,0,1,0,29,0,0,6,12,0,0.0,0,0,6,6,0,0.0,6,9.4,-0.8,-3.12,0.0,0,0.0,12,0.0
1,17,1,9670,1,1,127.0,1,1,38,4,7,125.6,0,0,1,1,0,1,18,0,0,6,7,1,14.0,0,0,6,6,0,0.0,0,15.5,2.8,-4.06,7.0,1,-14.0,12,0.08333333333333333
1,17,1,9130,1,1,145.0,1,38,37,9,7,129.3,1,0,0,1,0,0,19,0,0,5,5,5,11.8,0,0,5,5,5,13.2,0,10.8,1.4,1.74,12.5,10,1.3999999999999986,10,1.0
1,39,1,9670,1,1,120.0,1,34,34,0,0,106.0,1,0,0,0,1,0,28,0,0,5,7,3,11.666666666666666,0,0,5,8,2,11.5,1,7.6,2.6,0.32,11.583333333333332,5,-0.16666666666666607,10,0.5
1,18,2,9147,1,1,102.0,1,37,38,191,143,101.7,1,0,0,1,0,1,20,0,0,5,6,5,11.8,0,0,5,6,5,11.6,0,8.9,1.4,3.51,11.7,10,-0.20000000000000107,10,1.0
2,39,1,9070,1,19,133.1,1,37,37,9,10,126.3,0,0,0,0,1,0,38,0,0,6,6,0,0.0,0,0,6,8,0,0.0,0,10.8,1.4,1.74,0.0,0,0.0,12,0.0
1,44,1,9003,1,39,160.0,1,3,1,2,6,160.0,1,0,0,0,0,0,20,0,0,6,10,6,13.375,0,0,6,10,6,13.0,0,16.2,0.3,-0.92,13.1875,12,-0.375,12,1.0
1,17,5,9500,1,1,124.0,1,3,38,2,1,119.8,0,0,0,1,1,0,19,0,0,8,11,7,13.867142857142856,0,0,8,11,7,13.867142857142856,0,10.8,1.4,1.74,13.867142857142856,14,0.0,16,0.875
1,17,1,9773,1,1,150.0,1,38,38,7,7,137.8,1,0,0,1,0,1,18,0,0,6,6,6,15.0,0,0,6,6,6,15.5,0,8.9,1.4,3.51,15.25,12,0.5,12,1.0
1,39,1,9670,1,1,130.0,1,19,3,4,2,159.0,0,0,0,1,0,1,51,0,0,6,8,5,11.6,0,0,6,9,5,14.2,0,12.4,0.5,1.79,12.899999999999999,10,2.5999999999999996,12,0.8333333333333334
1,51,1,9670,1,1,126.0,1,3,3,1,10,111.0,0,0,1,1,1,0,21,0,5,11,12,10,12.1,0,2,8,9,8,13.333333333333334,0,11.1,0.6,2.02,12.716666666666667,18,1.2333333333333343,19,0.9473684210526315
1,17,2,9773,1,1,122.0,1,38,37,5,3,119.6,1,0,0,1,0,0,20,0,0,6,8,6,13.428571428571429,0,0,6,10,5,12.4,0,9.4,-0.8,-3.12,12.914285714285715,11,-1.0285714285714285,12,0.9166666666666666
1,1,1,9085,1,1,127.0,1,37,37,9,9,122.8,1,0,0,1,0,0,19,0,0,5,10,2,14.5,1,0,5,9,3,11.333333333333334,0,12.7,3.7,-1.7,12.916666666666668,5,-3.166666666666666,10,0.5
1,1,1,9147,1,1,130.0,1,38,37,9,9,124.8,1,0,0,1,1,0,22,0,0,5,9,0,0.0,0,0,5,5,1,12.0,0,7.6,2.6,0.32,6.0,1,12.0,10,0.1
1,39,1,9003,1,1,133.1,1,38,37,9,4,120.0,0,0,0,1,1,0,30,0,0,6,10,6,11.375,0,0,6,10,5,11.6,0,13.9,-0.3,0.79,11.4875,11,0.22499999999999964,12,0.9166666666666666
1,17,1,171,1,1,123.0,1,3,12,2,9,116.4,1,0,1,1,1,0,19,0,0,0,0,0,0.0,0,0,0,0,0,0.0,0,10.8,1.4,1.74,0.0,0,0.0,0,0.0
1,1,1,9238,1,1,141.0,1,37,37,4,4,138.9,0,0,0,1,0,0,21,0,0,6,7,6,13.333333333333334,0,0,6,6,6,14.5,0,10.8,1.4,1.74,13.916666666666668,12,1.166666666666666,12,1.0
1,39,1,9991,0,1,120.0,1,19,19,9,9,115.0,1,0,0,1,1,0,27,0,0,5,9,1,10.0,0,0,5,5,0,0.0,0,12.7,3.7,-1.7,5.0,1,-10.0,10,0.1
1,53,1,9003,1,42,150.0,1,1,38,8,8,150.0,0,0,0,1,0,1,23,0,7,12,14,12,14.384615384615383,0,5,10,12,10,13.3,0,8.9,1.4,3.51,13.842307692307692,22,-1.0846153846153825,22,1.0
2,39,1,8014,0,1,133.1,1,37,37,6,8,100.0,0,0,1,1,0,0,37,0,3,8,12,7,11.375,0,2,7,10,6,12.166666666666666,0,13.9,-0.3,0.79,11.770833333333332,13,0.7916666666666661,15,0.8666666666666667
1,1,1,8014,0,1,123.0,1,34,37,9,90,121.3,1,0,0,1,0,0,25,0,0,6,6,6,12.833333333333334,0,0,6,6,6,12.833333333333334,0,7.6,2.6,0.32,12.833333333333334,12,0.0,12,1.0
1,39,1,9991,0,1,120.0,1,37,37,6,6,147.8,0,0,0,1,0,0,40,0,0,5,9,4,11.25,0,0,5,6,5,12.0,0,13.9,-0.3,0.79,11.625,9,0.75,10,0.9
1,1,1,9147,1,1,123.0,1,1,1,4,6,118.8,1,0,0,1,0,0,21,0,0,5,9,3,10.666666666666666,0,0,5,13,2,12.5,0,7.6,2.6,0.32,11.583333333333332,5,1.833333333333334,10,0.5
1,1,1,9500,1,1,145.0,1,19,19,9,7,136.6,0,0,0,1,0,1,19,0,0,7,12,6,13.766666666666666,0,0,8,10,7,14.051428571428572,0,15.5,2.8,-4.06,13.90904761904762,13,0.2847619047619059,15,0.8666666666666667
4,1,1,8014,0,1,133.1,1,39,19,4,10,143.0,1,0,0,1,0,1,47,0,0,6,9,5,14.166666666666666,0,0,6,7,6,14.166666666666666,0,16.2,0.3,-0.92,14.166666666666666,11,0.0,12,0.9166666666666666
1,17,2,9254,1,1,136.0,1,19,19,4,7,123.1,1,0,0,1,0,0,19,0,0,6,8,6,12.166666666666666,0,0,6,6,6,13.5,0,11.1,0.6,2.02,12.833333333333332,12,1.333333333333334,12,1.0
1,1,1,9500,1,1,146.0,1,1,37,9,9,129.3,0,0,0,1,0,0,18,0,0,8,8,7,14.2,0,0,8,8,7,14.2,0,12.7,3.7,-1.7,14.2,14,0.0,16,0.875
1,1,4,9147,1,1,146.0,1,3,1,3,10,138.7,0,0,0,1,1,0,18,0,0,5,0,0,0.0,0,0,5,0,0,0.0,0,8.9,1.4,3.51,0.0,0,0.0,10,0.0
1,1,1,9238,1,1,147.0,1,1,19,4,4,137.2,0,0,0,0,0,0,18,0,0,6,6,6,14.5,0,0,6,6,6,15.166666666666666,0,10.8,1.4,1.74,14.833333333333332,12,0.6666666666666661,12,1.0
2,39,1,9119,1,1,140.0,1,34,34,9,9,140.0,0,0,0,0,1,0,34,0,0,5,5,0,0.0,0,0,5,5,0,0.0,0,15.5,2.8,-4.06,0.0,0,0.0,10,0.0
1,18,1,9500,1,1,136.0,1,3,3,3,3,130.8,0,0,0,1,0,0,18,0,0,7,7,7,14.05714285714286,0,0,8,9,8,14.6,0,16.2,0.3,-0.92,14.32857142857143,15,0.5428571428571392,15,1.0
1,39,1,9991,0,1,150.0,1,1,37,4,6,120.0,0,0,0,1,1,0,25,0,0,5,6,4,10.5,0,0,5,6,5,12.0,0,9.4,-0.8,-3.12,11.25,9,1.5,10,0.9
1,18,2,9556,1,1,126.0,1,3,3,2,2,115.5,0,0,0,1,1,0,18,0,0,7,11,6,13.433333333333332,0,0,7,10,4,13.6,0,8.9,1.4,3.51,13.516666666666666,10,0.16666666666666785,14,0.7142857142857143
1,16,2,9238,1,1,122.0,1,19,37,9,7,127.3,1,0,0,1,0,1,19,0,0,6,8,4,11.25,0,0,6,6,6,12.0,0,10.8,1.4,1.74,11.625,10,0.75,12,0.8333333333333334
1,1,1,9254,1,1,143.0,1,2,37,1,1,133.2,1,0,0,1,0,0,19,0,0,6,9,5,13.4,0,0,6,16,2,13.5,0,10.8,1.4,1.74,13.45,7,0.09999999999999964,12,0.5833333333333334
1,1,1,9500,1,1,138.0,1,38,1,9,4,127.5,1,0,0,1,0,0,19,0,0,7,10,5,12.94,0,0,7,7,5,13.76,0,16.2,0.3,-0.92,13.35,10,0.8200000000000003,14,0.7142857142857143
1,1,1,9238,1,1,150.0,1,19,37,5,4,142.7,1,0,0,1,0,1,18,0,0,6,6,6,14.666666666666666,0,0,6,6,6,15.166666666666666,0,9.4,-0.8,-3.12,14.916666666666666,12,0.5,12,1.0
1,44,1,9085,1,39,150.0,1,19,38,194,193,150.0,1,0,0,1,0,0,23,0,0,6,11,4,11.5,0,0,6,12,4,12.2,0,8.9,1.4,3.51,11.85,8,0.6999999999999993,12,0.6666666666666666
1,17,1,9085,1,1,121.0,1,19,37,1,3,131.5,0,0,0,1,0,0,21,0,0,5,10,0,0.0,1,0,5,9,2,13.5,0,7.6,2.6,0.32,6.75,2,13.5,10,0.2
1,1,4,9500,1,1,130.0,1,19,19,9,7,119.9,1,0,0,1,0,0,18,0,0,7,7,7,13.78,0,0,8,8,8,12.6125,0,12.4,0.5,1.79,13.19625,15,-1.1674999999999986,15,1.0
1,1,1,9238,1,1,132.0,1,37,37,9,5,135.9,0,0,0,1,0,0,18,0,0,6,11,5,12.4,0,0,6,7,6,13.0,0,9.4,-0.8,-3.12,12.7,11,0.5999999999999996,12,0.9166666666666666
1,1,2,9500,1,1,130.0,1,1,1,4,3,125.1,1,0,0,1,0,0,18,0,0,7,10,7,13.78,0,0,8,10,8,13.661,0,15.5,2.8,-4.06,13.7205,15,-0.11899999999999977,15,1.0
1,1,1,9500,1,1,135.0,1,19,19,4,5,126.8,1,0,0,1,1,0,19,0,0,7,9,0,0.0,0,0,7,8,0,0.0,0,15.5,2.8,-4.06,0.0,0,0.0,14,0.0
1,17,1,9085,1,1,120.0,1,2,3,2,2,116.1,0,0,0,1,0,0,20,0,0,5,12,3,11.666666666666666,2,0,5,11,4,11.5,1,9.4,-0.8,-3.12,11.583333333333332,7,-0.16666666666666607,10,0.7
1,17,4,9500,1,1,133.0,1,19,19,3,10,131.1,1,0,0,1,0,0,18,0,0,7,7,7,13.971428571428572,0,0,8,8,8,15.75,0,13.9,-0.3,0.79,14.860714285714286,15,1.7785714285714285,15,1.0
1,7,1,9991,0,40,120.0,1,37,37,9,7,120.0,0,0,0,1,0,0,32,0,0,5,7,5,11.6,0,0,5,8,5,12.333333333333334,0,12.4,0.5,1.79,11.966666666666667,10,0.7333333333333343,10,1.0
1,1,1,9670,1,1,128.0,1,1,1,2,2,130.8,1,0,0,1,0,0,20,0,0,5,5,4,15.0,0,0,5,5,4,13.75,0,7.6,2.6,0.32,14.375,8,-1.25,10,0.8
1,1,1,9773,1,1,133.1,1,1,3,9,9,116.0,0,0,0,1,1,0,20,0,0,6,8,6,11.5,0,0,6,8,6,11.0,0,16.2,0.3,-0.92,11.25,12,-0.5,12,1.0
1,1,1,9500,1,1,136.0,1,19,19,4,7,136.0,0,0,0,1,0,1,19,0,0,7,7,7,14.014285714285714,0,0,8,8,8,15.35,0,13.9,-0.3,0.79,14.682142857142857,15,1.3357142857142854,15,1.0
1,44,1,9085,1,39,150.0,6,5,4,1,1,150.0,0,0,0,1,0,0,20,1,2,6,7,6,13.333333333333334,0,1,6,16,5,13.375,0,12.4,0.5,1.79,13.354166666666668,11,0.041666666666666075,12,0.9166666666666666
1,17,2,9130,1,1,127.0,1,3,1,2,1,116.5,0,0,0,1,0,0,19,0,0,6,0,0,0.0,0,0,6,0,0,0.0,0,15.5,2.8,-4.06,0.0,0,0.0,12,0.0
1,39,1,9556,1,1,130.0,1,19,38,9,8,113.3,0,0,0,1,0,0,24,0,0,7,15,5,12.4,0,0,8,14,7,12.15,0,12.4,0.5,1.79,12.275,12,-0.25,15,0.8
1,17,6,9500,1,1,143.0,1,38,1,9,10,127.3,1,0,0,1,0,0,18,0,0,7,8,7,12.217142857142855,0,0,8,11,7,12.11875,0,11.1,0.6,2.02,12.167946428571428,14,-0.09839285714285495,15,0.9333333333333333
1,44,1,9003,1,39,150.0,1,1,19,4,10,150.0,0,0,0,1,1,1,21,0,0,6,8,6,13.0,0,0,6,10,6,12.625,0,15.5,2.8,-4.06,12.8125,12,-0.375,12,1.0
1,17,6,9500,1,1,142.0,1,19,37,4,9,131.9,1,0,0,1,0,0,19,0,0,7,7,7,13.642857142857142,0,0,8,8,8,14.3875,0,13.9,-0.3,0.79,14.01517857142857,15,0.7446428571428569,15,1.0
1,17,1,9147,1,1,145.0,1,19,38,4,4,132.1,1,0,0,1,1,0,21,0,0,5,10,1,10.0,0,0,5,5,0,0.0,0,11.1,0.6,2.02,5.0,1,-10.0,10,0.1
2,39,1,9147,1,1,140.0,1,38,37,4,7,130.0,1,0,0,0,0,0,39,0,0,5,12,3,10.666666666666666,2,0,5,15,3,10.666666666666666,0,9.4,-0.8,-3.12,10.666666666666666,6,0.0,10,0.6
1,43,3,9147,1,1,127.0,21,3,37,3,3,117.9,1,0,0,1,0,0,22,1,0,5,8,1,10.0,0,0,5,8,2,13.0,0,7.6,2.6,0.32,11.5,3,3.0,10,0.3
1,39,1,8014,0,19,149.0,1,34,34,0,0,126.3,0,0,0,1,0,0,55,0,0,6,6,6,13.833333333333334,0,1,6,6,6,12.833333333333334,0,7.6,2.6,0.32,13.333333333333334,12,-1.0,12,1.0
1,15,1,9670,1,1,133.1,41,1,1,9,4,100.0,0,0,0,1,0,0,21,1,2,7,9,7,14.666666666666666,0,1,6,8,6,14.0,0,11.1,0.6,2.02,14.333333333333332,13,-0.6666666666666661,13,1.0
1,17,2,9670,1,1,129.0,1,19,19,5,4,129.4,0,0,0,1,0,1,19,0,0,6,7,5,11.2,0,0,6,10,5,13.125,0,10.8,1.4,1.74,12.1625,10,1.9250000000000007,12,0.8333333333333334
1,1,1,9254,1,1,123.0,1,38,38,4,7,114.3,0,0,0,1,0,0,19,0,0,6,0,0,0.0,0,0,6,0,0,0.0,0,11.1,0.6,2.02,0.0,0,0.0,12,0.0
1,39,1,9991,0,1,133.0,1,37,37,9,5,139.2,1,0,1,1,1,0,33,0,0,5,11,2,12.5,0,0,5,9,2,11.5,1,12.7,3.7,-1.7,12.0,4,-1.0,10,0.4
1,39,1,8014,0,1,130.0,1,37,37,9,9,120.0,0,0,0,1,0,0,58,0,0,6,14,5,12.4,0,0,6,10,5,11.6,0,9.4,-0.8,-3.12,12.0,10,-0.8000000000000007,12,0.8333333333333334
1,1,2,9500,1,1,134.0,1,1,1,5,3,128.4,1,0,0,1,0,0,18,0,0,7,7,7,13.471428571428572,0,0,8,9,8,13.944444444444445,0,16.2,0.3,-0.92,13.707936507936509,15,0.4730158730158731,15,1.0
1,39,1,9670,1,1,133.1,1,37,37,9,9,100.2,1,0,0,0,0,0,26,0,0,6,9,3,11.75,0,0,6,11,4,11.5,3,16.2,0.3,-0.92,11.625,7,-0.25,12,0.5833333333333334
1,17,4,9556,1,1,112.0,1,1,1,4,10,107.1,1,0,0,1,0,0,20,0,0,7,7,7,12.5,0,0,8,8,8,13.1375,0,12.4,0.5,1.79,12.81875,15,0.6374999999999993,15,1.0
1,1,1,9254,1,1,133.1,1,4,19,4,5,98.0,0,0,0,1,1,0,26,0,0,6,6,0,0.0,0,0,6,12,0,0.0,0,10.8,1.4,1.74,0.0,0,0.0,12,0.0
1,17,1,9070,1,1,141.0,1,19,38,4,5,133.7,1,0,0,1,1,0,22,0,0,6,7,5,11.4,0,0,6,6,6,12.166666666666666,0,7.6,2.6,0.32,11.783333333333333,11,0.7666666666666657,12,0.9166666666666666
1,44,1,9003,1,39,140.0,1,37,37,9,4,140.0,0,0,0,1,0,0,24,0,0,6,10,6,11.428571428571429,0,0,6,12,5,13.0,0,12.4,0.5,1.79,12.214285714285715,11,1.5714285714285712,12,0.9166666666666666
1,17,2,9773,1,1,120.0,1,1,1,2,5,127.0,1,0,0,0,1,0,18,0,0,6,6,0,0.0,0,0,6,0,0,0.0,0,8.9,1.4,3.51,0.0,0,0.0,12,0.0
2,39,1,9991,0,1,130.0,1,38,38,9,3,145.6,0,0,0,1,1,0,34,0,0,5,10,4,11.75,0,0,5,10,4,10.833333333333334,0,13.9,-0.3,0.79,11.291666666666668,8,-0.9166666666666661,10,0.8
1,15,1,9853,1,1,133.1,41,43,1,153,135,128.2,0,0,0,1,0,0,23,1,11,16,17,16,14.625,0,6,10,12,9,14.88888888888889,0,8.9,1.4,3.51,14.756944444444445,25,0.2638888888888893,26,0.9615384615384616
1,43,1,9070,1,1,125.0,1,19,19,7,8,133.4,1,0,0,1,1,1,19,0,4,6,6,4,13.0,0,2,6,7,5,12.2,0,13.9,-0.3,0.79,12.6,9,-0.8000000000000007,12,0.75
1,39,1,9991,0,1,130.0,1,37,37,9,9,130.1,0,0,0,1,0,0,25,0,0,5,8,3,11.0,0,0,5,8,3,11.25,0,10.8,1.4,1.74,11.125,6,0.25,10,0.6
1,39,1,8014,0,39,110.0,1,19,37,9,8,127.5,0,0,1,0,0,0,26,0,0,6,13,4,12.0,0,0,6,7,5,13.2,0,16.2,0.3,-0.92,12.6,9,1.1999999999999993,12,0.75
1,17,4,9500,1,1,133.0,1,4,4,4,4,130.7,1,0,0,1,0,0,19,0,0,7,7,7,14.757142857142856,0,0,8,9,8,15.366666666666667,0,12.4,0.5,1.79,15.061904761904762,15,0.6095238095238109,15,1.0
1,44,1,9991,0,39,160.0,1,37,37,9,9,160.0,0,0,0,1,0,0,26,0,0,5,5,5,12.0,0,0,5,7,5,11.4,0,12.7,3.7,-1.7,11.7,10,-0.5999999999999996,10,1.0
1,17,2,9147,1,1,142.0,1,19,19,4,8,127.3,0,0,0,1,0,1,18,0,0,5,5,5,11.2,0,0,5,5,5,11.8,0,11.1,0.6,2.02,11.5,10,0.6000000000000014,10,1.0
1,1,1,9070,1,1,141.0,1,37,37,9,9,126.7,1,0,1,1,0,1,20,0,0,6,9,6,13.333333333333334,0,0,6,10,6,14.666666666666666,0,12.7,3.7,-1.7,14.0,12,1.3333333333333321,12,1.0
1,51,1,9147,1,1,135.0,1,1,1,4,4,118.5,0,0,0,1,0,0,25,0,0,5,12,2,10.5,0,0,5,5,0,0.0,0,11.1,0.6,2.02,5.25,2,-10.5,10,0.2
1,43,1,9130,1,1,120.0,6,1,3,9,2,120.0,0,0,1,1,0,0,21,1,2,5,9,5,13.2,2,0,5,7,2,12.5,2,10.8,1.4,1.74,12.85,7,-0.6999999999999993,10,0.7
1,39,1,8014,0,19,133.1,1,37,37,9,9,100.0,0,0,0,1,0,0,38,0,0,6,10,3,10.25,0,0,6,7,1,12.0,0,13.9,-0.3,0.79,11.125,4,1.75,12,0.3333333333333333
1,39,2,9670,1,19,133.1,1,34,34,0,0,100.0,1,0,0,0,1,0,27,0,0,5,8,1,11.0,0,0,5,6,3,10.666666666666666,1,7.6,2.6,0.32,10.833333333333332,4,-0.3333333333333339,10,0.4
1,7,1,9130,1,2,133.1,6,42,1,4,9,100.0,0,0,0,1,1,0,35,1,0,7,8,0,0.0,1,0,6,9,0,0.0,0,8.9,1.4,3.51,0.0,0,0.0,13,0.0
2,39,1,9991,0,1,140.0,1,37,37,9,6,130.2,0,0,0,1,0,1,39,0,0,5,13,4,12.333333333333334,0,0,5,14,2,10.0,4,16.2,0.3,-0.92,11.166666666666668,6,-2.333333333333334,10,0.6
1,1,1,171,1,1,115.0,1,1,1,9,9,134.3,1,0,0,1,1,0,25,0,16,17,19,17,11.61111111111111,0,14,17,22,17,12.055555555555555,0,12.4,0.5,1.79,11.833333333333332,34,0.44444444444444464,34,1.0
1,43,1,9991,0,1,133.1,41,37,37,9,8,114.7,0,0,0,1,0,0,34,1,2,2,2,2,10.5,0,1,1,1,1,11.0,0,10.8,1.4,1.74,10.75,3,0.5,3,1.0
1,1,1,9238,1,1,116.0,1,1,19,5,9,111.1,0,0,0,1,1,0,18,0,0,6,8,6,12.0,0,0,6,7,6,11.714285714285714,0,15.5,2.8,-4.06,11.857142857142858,12,-0.2857142857142865,12,1.0
1,17,1,9853,1,1,133.1,1,34,34,0,0,118.9,1,0,0,1,0,0,21,0,0,6,12,3,11.333333333333334,0,0,6,10,3,11.333333333333334,0,7.6,2.6,0.32,11.333333333333334,6,0.0,12,0.5
1,17,2,9773,1,1,124.0,1,1,1,4,4,127.9,1,0,0,1,1,0,20,0,0,6,11,3,13.666666666666666,0,0,6,13,4,10.25,0,9.4,-0.8,-3.12,11.958333333333332,7,-3.416666666666666,12,0.5833333333333334
1,10,1,9085,1,1,134.0,1,37,37,5,5,134.0,1,0,0,1,0,0,22,0,2,5,7,5,14.2,0,0,5,10,5,12.2,0,12.7,3.7,-1.7,13.2,10,-2.0,10,1.0
4,7,1,9500,1,40,130.0,1,37,37,3,3,130.0,1,0,0,1,0,0,32,0,0,7,16,4,13.625,0,0,7,8,7,12.6375,0,12.4,0.5,1.79,13.13125,11,-0.9875000000000007,14,0.7857142857142857
1,1,1,9500,1,1,103.0,1,1,19,9,9,108.3,0,0,0,1,0,1,20,0,0,7,14,0,0.0,0,0,7,15,0,0.0,0,11.1,0.6,2.02,0.0,0,0.0,14,0.0
2,39,1,9991,0,12,133.1,1,37,37,9,9,133.8,1,0,0,1,1,0,52,0,0,5,5,5,13.6,0,0,5,5,5,14.2,0,7.6,2.6,0.32,13.899999999999999,10,0.5999999999999996,10,1.0
1,1,3,9254,1,1,122.0,1,19,38,3,10,114.3,1,0,0,1,0,1,20,0,0,6,8,5,12.8,0,0,6,9,5,12.8,0,12.4,0.5,1.79,12.8,10,0.0,12,0.8333333333333334
1,44,1,9670,1,39,110.0,1,37,1,9,4,110.0,0,0,0,1,0,1,20,0,2,6,9,6,12.125,0,2,6,7,6,13.571428571428571,0,11.1,0.6,2.02,12.848214285714285,12,1.4464285714285712,12,1.0
1,43,1,8014,0,1,130.0,1,38,3,132,122,100.0,0,0,0,1,1,0,54,0,9,13,14,13,13.307692307692308,0,7,11,12,11,12.818181818181818,0,12.7,3.7,-1.7,13.062937062937063,24,-0.48951048951049003,24,1.0
1,17,1,9254,1,1,132.0,1,38,38,0,5,126.1,0,0,0,1,1,0,20,0,0,6,9,4,10.75,0,0,6,12,0,0.0,0,7.6,2.6,0.32,5.375,4,-10.75,12,0.3333333333333333
1,1,1,171,1,1,135.0,1,1,38,5,7,137.5,1,0,1,0,1,0,19,0,0,0,0,0,0.0,0,0,0,0,0,0.0,0,12.7,3.7,-1.7,0.0,0,0.0,0,0.0
1,18,1,9254,1,1,137.0,1,19,19,4,5,126.9,0,0,0,1,1,0,20,0,0,6,7,6,13.857142857142858,0,0,6,7,5,12.8,0,16.2,0.3,-0.92,13.32857142857143,11,-1.057142857142857,12,0.9166666666666666
1,15,1,9119,1,1,160.0,32,1,3,143,152,160.0,0,0,1,1,0,0,19,1,0,6,11,2,13.5,1,0,5,11,2,11.0,0,8.9,1.4,3.51,12.25,4,-2.5,11,0.36363636363636365
1,17,1,9670,1,1,126.0,1,12,38,9,5,122.2,0,0,0,1,0,1,19,0,0,6,6,6,13.666666666666666,0,0,6,9,6,13.666666666666666,0,8.9,1.4,3.51,13.666666666666666,12,0.0,12,1.0
1,17,5,9254,1,1,114.0,1,38,1,5,9,109.5,0,0,0,1,1,0,19,0,0,5,5,0,0.0,0,0,5,10,0,0.0,0,10.8,1.4,1.74,0.0,0,0.0,10,0.0
1,1,4,9500,1,1,132.0,1,19,38,5,5,118.0,1,0,0,1,0,0,18,0,0,8,8,7,12.328571428571427,0,0,8,8,7,12.328571428571427,0,12.7,3.7,-1.7,12.328571428571427,14,0.0,16,0.875
1,39,1,9991,0,1,150.0,1,1,37,9,7,130.2,0,0,0,1,0,1,24,0,0,5,7,5,12.285714285714286,0,0,5,9,5,12.75,1,16.2,0.3,-0.92,12.517857142857142,10,0.4642857142857135,10,1.0
1,17,3,9085,1,1,120.0,1,37,38,9,9,111.3,0,0,0,1,0,0,20,0,0,6,0,0,0.0,0,0,6,0,0,0.0,0,11.1,0.6,2.02,0.0,0,0.0,12,0.0
1,15,1,9147,1,1,133.1,41,41,1,3,4,100.0,0,0,1,0,1,0,26,1,6,7,7,6,13.0,0,2,6,6,2,14.0,0,11.1,0.6,2.02,13.5,8,1.0,13,0.6153846153846154
1,1,4,171,1,1,132.0,1,1,19,4,5,138.0,1,0,1,0,1,0,19,0,0,0,0,0,0.0,0,0,0,0,0,0.0,0,15.5,2.8,-4.06,0.0,0,0.0,0,0.0
1,43,1,9500,1,1,133.1,1,38,19,9,10,114.5,0,0,0,1,0,0,23,0,0,7,11,6,12.1,0,0,7,7,6,12.616666666666667,0,16.2,0.3,-0.92,12.358333333333334,12,0.5166666666666675,14,0.8571428571428571
1,1,1,9238,1,1,130.0,1,1,1,4,4,124.8,0,0,0,1,0,1,18,0,0,6,9,6,11.5,0,0,6,11,5,14.0,0,11.1,0.6,2.02,12.75,11,2.5,12,0.9166666666666666
1,39,1,9500,1,1,100.0,1,1,19,4,8,122.0,0,0,0,1,0,0,24,0,0,8,8,7,12.412857142857144,0,0,8,8,7,12.412857142857144,0,10.8,1.4,1.74,12.412857142857144,14,0.0,16,0.875
1,44,1,9003,1,39,160.0,1,1,38,4,4,160.0,1,0,0,1,1,1,20,0,0,6,9,6,13.444444444444445,0,0,6,9,5,12.6,0,13.9,-0.3,0.79,13.022222222222222,11,-0.844444444444445,12,0.9166666666666666
2,1,1,9147,1,1,137.0,1,19,37,9,9,124.4,0,0,0,1,0,0,19,0,0,5,6,4,11.25,0,0,5,10,3,11.714285714285714,0,10.8,1.4,1.74,11.482142857142858,7,0.4642857142857135,10,0.7
1,17,1,9085,1,1,133.1,1,1,19,5,9,130.0,0,0,0,1,1,0,22,0,0,5,8,3,13.0,0,0,5,8,3,10.666666666666666,0,7.6,2.6,0.32,11.833333333333332,6,-2.333333333333334,10,0.6
1,17,5,9119,1,1,131.0,1,19,37,9,7,123.3,1,0,0,1,1,1,19,0,0,5,9,5,12.6,0,0,5,8,2,12.5,0,8.9,1.4,3.51,12.55,7,-0.09999999999999964,10,0.7
1,1,1,171,1,1,115.0,1,37,37,9,8,129.0,1,0,1,0,0,1,23,0,0,0,0,0,0.0,0,0,0,0,0,0.0,0,9.4,-0.8,-3.12,0.0,0,0.0,0,0.0
2,39,1,9119,1,1,110.0,1,37,37,90,5,150.0,1,0,0,1,1,0,46,0,0,5,6,0,0.0,0,0,5,5,0,0.0,0,7.6,2.6,0.32,0.0,0,0.0,10,0.0
1,17,4,9670,1,1,122.0,1,3,1,2,3,119.6,1,0,0,1,1,0,18,0,0,6,8,6,13.625,0,0,6,7,6,14.285714285714286,0,11.1,0.6,2.02,13.955357142857142,12,0.6607142857142865,12,1.0
1,1,1,9238,1,1,107.0,1,38,38,7,7,103.5,1,0,0,1,0,0,20,0,0,6,7,6,12.0,0,0,6,7,6,13.0,0,12.4,0.5,1.79,12.5,12,1.0,12,1.0
1,17,1,9070,1,1,136.0,1,38,19,7,7,121.7,1,0,0,1,0,0,18,0,0,6,6,2,13.0,0,0,6,6,0,0.0,0,12.4,0.5,1.79,6.5,2,-13.0,12,0.16666666666666666
1,43,1,8014,0,6,133.1,1,34,34,0,0,100.0,0,0,1,1,0,0,29,0,1,6,9,4,12.0,0,1,6,13,2,10.5,0,7.6,2.6,0.32,11.25,6,-1.5,12,0.5
1,1,4,9085,1,1,145.0,1,37,1,9,9,145.0,1,0,0,1,0,1,19,0,0,5,7,4,14.5,0,0,5,5,5,13.6,0,10.8,1.4,1.74,14.05,9,-0.9000000000000004,10,0.9
1,39,1,33,1,1,130.0,1,38,37,9,6,102.5,0,0,1,0,1,0,37,0,0,7,7,0,0.0,0,0,7,7,1,10.0,0,8.9,1.4,3.51,5.0,1,10.0,14,0.07142857142857142
1,39,1,9670,1,1,120.0,1,1,19,4,5,100.0,0,0,0,1,0,1,25,0,0,5,7,4,10.5,0,0,5,7,5,11.6,0,9.4,-0.8,-3.12,11.05,9,1.0999999999999996,10,0.9
1,44,1,9003,1,39,140.0,1,19,38,3,9,140.0,1,0,0,1,1,0,21,0,0,6,7,6,12.857142857142858,0,0,6,6,6,13.166666666666666,0,12.4,0.5,1.79,13.011904761904763,12,0.3095238095238084,12,1.0
1,1,2,9085,1,1,118.0,1,1,19,3,3,112.4,1,0,0,1,1,0,21,0,0,5,7,4,11.5,0,0,5,15,3,10.6,4,10.8,1.4,1.74,11.05,7,-0.9000000000000004,10,0.7
1,1,1,9238,1,1,128.0,1,19,19,9,9,120.0,0,0,0,1,0,1,18,0,0,6,8,6,13.5,0,0,6,9,6,12.833333333333334,0,11.1,0.6,2.02,13.166666666666668,12,-0.6666666666666661,12,1.0
1,1,1,9147,1,1,130.0,1,38,38,2,9,124.8,0,0,0,1,0,0,19,0,0,5,14,1,11.0,0,0,5,6,0,0.0,0,13.9,-0.3,0.79,5.5,1,-11.0,10,0.1
1,1,1,9238,1,1,135.0,1,37,1,3,5,121.0,0,0,0,1,0,0,21,0,0,6,11,5,11.2,0,0,6,15,1,10.0,0,7.6,2.6,0.32,10.6,6,-1.1999999999999993,12,0.5
1,1,1,9254,1,1,160.0,1,19,38,9,9,140.8,1,0,0,1,1,0,23,0,0,6,8,6,12.666666666666666,0,0,6,10,5,12.2,0,7.6,2.6,0.32,12.433333333333334,11,-0.4666666666666668,12,0.9166666666666666
1,39,1,9119,1,19,120.0,1,37,37,9,4,98.6,0,0,1,0,1,0,28,0,0,5,10,0,0.0,0,0,5,7,0,0.0,0,12.4,0.5,1.79,0.0,0,0.0,10,0.0
1,17,1,9119,1,1,126.0,1,1,1,9,9,116.2,0,0,1,0,1,0,21,0,0,5,9,2,11.0,0,0,5,8,2,11.5,2,7.6,2.6,0.32,11.25,4,0.5,10,0.4
1,1,1,9853,1,1,143.0,1,19,3,4,4,147.2,0,0,0,1,0,0,18,0,0,7,7,7,15.714285714285714,0,0,7,7,7,15.0,0,11.1,0.6,2.02,15.357142857142858,14,-0.7142857142857135,14,1.0
1,7,1,9853,1,40,110.0,1,41,3,2,1,110.0,0,0,1,1,0,0,40,0,0,7,8,7,15.0,0,0,7,7,7,14.571428571428571,0,12.4,0.5,1.79,14.785714285714285,14,-0.4285714285714288,14,1.0
1,39,1,9556,1,19,133.1,1,42,1,3,7,110.5,0,0,0,1,1,0,37,0,0,7,15,0,0.0,0,0,7,13,0,0.0,1,11.1,0.6,2.02,0.0,0,0.0,14,0.0
1,1,2,9085,1,1,125.0,1,37,19,90,90,137.3,0,0,0,1,1,0,18,0,0,6,0,0,0.0,0,0,6,0,0,0.0,0,7.6,2.6,0.32,0.0,0,0.0,12,0.0
2,43,1,9991,0,1,134.0,1,37,37,9,9,113.7,0,0,0,1,0,0,32,0,1,5,5,5,10.2,0,0,5,9,4,11.25,0,9.4,-0.8,-3.12,10.725,9,1.0500000000000007,10,0.9
2,39,1,9003,1,19,133.1,1,19,37,9,10,120.0,0,0,1,1,0,0,37,0,0,6,10,6,12.875,0,0,6,12,6,12.9,0,16.2,0.3,-0.92,12.8875,12,0.025000000000000355,12,1.0
1,42,1,9500,1,1,150.0,1,19,1,9,3,110.0,1,0,0,1,1,1,33,0,6,14,20,14,13.072857142857144,6,6,14,20,14,13.072857142857144,6,9.4,-0.8,-3.12,13.072857142857144,28,0.0,28,1.0
1,1,1,171,1,1,162.0,1,19,19,4,7,152.9,1,0,0,1,0,1,18,0,0,0,0,0,0.0,0,0,0,0,0,0.0,0,12.4,0.5,1.79,0.0,0,0.0,0,0.0
1,17,1,9085,1,1,120.0,1,19,38,4,8,122.5,0,0,0,0,1,0,19,0,0,6,11,5,13.6,0,0,6,11,5,13.666666666666666,0,11.1,0.6,2.02,13.633333333333333,10,0.06666666666666643,12,0.8333333333333334
1,1,3,9085,1,1,133.0,1,1,38,9,90,128.2,0,0,0,1,0,0,21,0,0,5,7,5,12.0,0,0,5,7,4,12.5,0,7.6,2.6,0.32,12.25,9,0.5,10,0.9
1,1,3,9773,1,1,149.0,1,1,3,0,0,148.7,0,0,0,0,1,0,20,0,0,4,4,0,0.0,0,0,4,8,0,0.0,0,10.8,1.4,1.74,0.0,0,0.0,8,0.0
2,39,1,9991,0,19,133.1,1,37,37,5,5,111.9,1,0,0,1,1,0,41,0,0,5,5,0,0.0,0,0,5,5,0,0.0,0,7.6,2.6,0.32,0.0,0,0.0,10,0.0
1,1,1,9147,1,1,140.0,1,19,38,9,9,129.2,1,0,0,1,0,0,26,0,0,5,6,0,0.0,0,0,5,0,0,0.0,0,15.5,2.8,-4.06,0.0,0,0.0,10,0.0
1,1,1,171,1,1,118.0,1,37,37,3,5,110.0,0,0,0,1,1,0,19,0,0,0,0,0,0.0,0,0,0,0,0,0.0,0,13.9,-0.3,0.79,0.0,0,0.0,0,0.0
2,39,1,9003,1,19,133.1,1,37,19,9,4,140.0,0,0,1,1,0,0,29,0,0,6,11,5,12.6,0,0,6,6,6,12.666666666666666,0,11.1,0.6,2.02,12.633333333333333,11,0.06666666666666643,12,0.9166666666666666
1,51,1,8014,0,1,121.0,1,1,38,5,7,112.3,0,0,0,1,0,0,22,0,14,16,16,13,10.923076923076923,0,13,13,13,11,11.454545454545457,0,16.2,0.3,-0.92,11.18881118881119,24,0.5314685314685335,29,0.8275862068965517
1,1,1,9500,1,1,148.0,1,3,1,4,5,132.8,0,0,0,1,0,0,18,0,0,8,8,7,14.537142857142856,0,0,8,8,7,14.537142857142856,0,10.8,1.4,1.74,14.537142857142856,14,0.0,16,0.875
1,17,1,9670,1,1,124.0,1,37,19,5,8,114.2,1,0,1,1,0,0,18,0,0,6,6,5,11.8,0,0,6,9,4,13.714285714285714,0,10.8,1.4,1.74,12.757142857142856,9,1.9142857142857128,12,0.75
1,1,6,9500,1,1,141.0,1,19,1,9,10,126.8,1,0,0,1,0,0,18,0,0,8,8,7,12.944285714285714,0,0,8,8,7,12.944285714285714,0,10.8,1.4,1.74,12.944285714285714,14,0.0,16,0.875
1,17,2,9773,1,1,130.0,1,2,1,2,7,126.2,1,0,0,1,0,0,20,0,0,6,6,6,14.333333333333334,0,0,6,6,6,15.5,0,12.4,0.5,1.79,14.916666666666668,12,1.166666666666666,12,1.0
1,18,2,9773,1,1,109.0,1,1,1,4,4,109.0,1,0,0,0,0,0,20,0,0,6,6,0,0.0,0,0,6,0,0,0.0,0,8.9,1.4,3.51,0.0,0,0.0,12,0.0
1,1,1,9085,1,1,123.0,1,19,37,9,9,124.1,1,0,0,1,0,1,20,0,0,5,13,5,14.0,2,0,5,10,3,12.0,1,9.4,-0.8,-3.12,13.0,8,-2.0,10,0.8
1,1,2,9238,1,1,147.0,1,19,38,9,8,135.8,1,0,0,1,0,1,19,0,0,6,8,6,12.714285714285714,0,0,6,12,5,11.0,0,13.9,-0.3,0.79,11.857142857142858,11,-1.7142857142857135,12,0.9166666666666666
1,39,1,9119,1,1,133.1,1,37,37,9,9,101.6,0,0,0,1,1,1,30,0,0,5,11,0,0.0,0,0,5,5,0,0.0,0,12.7,3.7,-1.7,0.0,0,0.0,10,0.0
1,1,2,9670,1,1,120.0,1,3,19,4,5,115.5,1,0,0,1,0,0,18,0,0,6,8,5,13.0,0,0,6,8,5,14.0,0,13.9,-0.3,0.79,13.5,10,1.0,12,0.8333333333333334
1,17,6,9147,1,1,133.0,1,19,38,5,6,123.2,1,0,0,1,1,0,20,0,0,5,7,3,12.666666666666666,1,0,5,12,2,12.5,0,9.4,-0.8,-3.12,12.583333333333332,5,-0.16666666666666607,10,0.5
1,43,1,9070,1,1,114.0,1,19,38,9,7,135.9,0,0,0,1,1,0,26,0,9,14,14,14,14.0,0,7,13,13,13,13.615384615384617,0,15.5,2.8,-4.06,13.807692307692308,27,-0.38461538461538325,27,1.0
1,1,3,9238,1,1,124.0,1,19,1,7,10,116.0,1,0,1,1,0,0,19,0,0,6,7,0,0.0,0,0,5,5,0,0.0,0,13.9,-0.3,0.79,0.0,0,0.0,11,0.0
2,39,1,9003,1,1,111.0,1,1,3,4,2,162.4,0,0,1,0,1,0,49,0,4,12,16,5,11.6,0,2,7,7,5,11.2,0,8.9,1.4,3.51,11.399999999999999,10,-0.40000000000000036,19,0.5263157894736842
2,17,5,9119,1,1,126.0,1,37,38,4,4,122.9,1,0,0,1,1,0,21,0,0,5,10,4,13.2,0,0,5,7,4,14.25,2,7.6,2.6,0.32,13.725,8,1.0500000000000007,10,0.8
1,44,1,9085,1,39,140.0,1,38,37,4,10,140.0,0,0,1,0,0,0,20,0,1,6,13,4,13.0,0,1,6,11,5,12.0,0,16.2,0.3,-0.92,12.5,9,-1.0,12,0.75
1,17,1,9670,1,1,132.0,1,38,37,9,9,122.9,0,0,0,0,1,0,20,0,0,6,6,6,11.5,0,0,6,9,2,13.0,0,10.8,1.4,1.74,12.25,8,1.5,12,0.6666666666666666
1,17,3,9070,1,1,131.0,1,38,37,5,5,120.2,1,0,0,1,1,0,18,0,0,6,6,6,12.833333333333334,0,0,6,8,5,11.4,0,15.5,2.8,-4.06,12.116666666666667,11,-1.4333333333333336,12,0.9166666666666666
1,1,4,9085,1,1,138.0,1,3,1,1,4,123.3,1,0,0,1,0,1,19,0,0,6,7,6,14.857142857142858,0,0,6,10,6,13.11111111111111,0,12.4,0.5,1.79,13.984126984126984,12,-1.746031746031747,12,1.0
1,39,1,9556,1,19,100.0,1,37,38,9,9,120.0,0,0,0,1,0,0,29,0,0,7,9,1,10.0,0,0,7,0,0,0.0,0,12.7,3.7,-1.7,5.0,1,-10.0,14,0.07142857142857142
2,1,4,9500,1,1,143.0,1,38,38,5,5,128.7,1,0,0,1,0,0,18,0,0,7,10,7,14.455000000000002,0,0,8,8,8,13.91,0,15.5,2.8,-4.06,14.182500000000001,15,-0.5450000000000017,15,1.0
1,1,1,9130,1,1,120.0,1,19,37,1,9,116.1,1,0,0,1,1,0,22,0,0,5,9,2,10.5,0,0,5,5,0,0.0,0,12.7,3.7,-1.7,5.25,2,-10.5,10,0.2
1,1,1,9773,1,1,130.0,1,1,38,3,5,128.6,1,0,0,1,1,0,19,0,0,6,8,5,12.0,0,0,6,8,5,12.4,0,9.4,-0.8,-3.12,12.2,10,0.40000000000000036,12,0.8333333333333334
2,39,1,8014,0,19,133.1,1,1,1,4,4,130.0,0,0,0,1,1,0,24,0,0,6,14,1,10.0,0,0,5,5,0,0.0,0,16.2,0.3,-0.92,5.0,1,-10.0,11,0.09090909090909091
1,1,2,9556,1,1,130.0,1,1,38,3,8,119.5,1,0,0,1,0,1,21,0,0,7,7,7,12.242857142857144,0,0,8,8,8,14.125,0,15.5,2.8,-4.06,13.183928571428572,15,1.8821428571428562,15,1.0
1,1,1,9119,1,1,132.0,1,1,12,3,3,133.1,1,0,0,1,1,0,19,0,0,5,7,3,12.0,0,0,6,10,2,10.5,0,11.1,0.6,2.02,11.25,5,-1.5,11,0.45454545454545453
1,39,1,9147,1,12,133.1,1,37,37,9,9,140.0,0,0,0,1,1,0,29,0,0,5,0,0,0.0,0,0,5,0,0,0.0,0,9.4,-0.8,-3.12,0.0,0,0.0,10,0.0
1,16,2,9147,1,1,139.0,1,38,37,9,9,123.7,1,0,0,1,0,1,22,0,0,5,8,4,12.0,0,0,5,8,4,11.4,2,16.2,0.3,-0.92,11.7,8,-0.5999999999999996,10,0.8
1,17,1,9238,1,1,139.0,1,19,38,4,9,146.7,1,0,0,1,0,1,20,0,0,6,6,6,13.333333333333334,0,0,6,7,6,14.0,0,15.5,2.8,-4.06,13.666666666666668,12,0.6666666666666661,12,1.0
1,16,2,9147,1,1,129.0,1,19,19,4,9,127.6,1,0,0,1,1,0,19,0,0,5,8,5,11.6,0,0,5,9,3,11.0,0,10.8,1.4,1.74,11.3,8,-0.5999999999999996,10,0.8
1,1,1,9119,1,1,148.0,1,19,19,9,8,129.8,0,0,0,0,1,1,18,0,0,5,6,5,15.0,0,0,5,6,5,14.2,0,8.9,1.4,3.51,14.6,10,-0.8000000000000007,10,1.0
1,17,2,9773,1,1,126.0,1,19,38,9,8,118.7,1,0,0,1,0,1,18,0,0,6,6,6,14.166666666666666,0,0,6,6,6,13.666666666666666,0,12.4,0.5,1.79,13.916666666666666,12,-0.5,12,1.0
1,44,1,171,1,39,150.0,1,19,1,9,9,154.8,1,0,0,1,1,0,21,0,0,0,0,0,0.0,0,0,0,0,0,0.0,0,12.4,0.5,1.79,0.0,0,0.0,0,0.0
1,1,3,9500,1,1,139.0,1,1,19,9,3,130.3,1,0,0,1,0,1,18,0,0,8,8,8,14.15375,0,0,8,8,8,14.15375,0,9.4,-0.8,-3.12,14.15375,16,0.0,16,1.0
1,17,1,9254,1,1,128.0,1,19,1,5,7,120.7,1,0,1,1,0,0,18,0,0,6,8,6,11.666666666666666,0,0,6,10,4,11.5,0,13.9,-0.3,0.79,11.583333333333332,10,-0.16666666666666607,12,0.8333333333333334
1,1,1,9147,1,1,150.0,1,1,19,5,5,137.8,1,0,0,1,1,1,19,0,0,5,6,5,13.2,0,0,5,6,5,12.666666666666666,0,16.2,0.3,-0.92,12.933333333333334,10,-0.5333333333333332,10,1.0
1,53,1,9085,1,42,140.0,1,19,37,9,8,142.5,1,0,0,1,0,1,22,0,7,11,18,8,13.5,0,4,9,16,7,13.714285714285714,0,8.9,1.4,3.51,13.607142857142858,15,0.21428571428571352,20,0.75
1,39,1,9500,1,40,130.0,1,37,37,9,7,130.0,0,0,0,1,0,0,27,0,3,8,12,7,12.457142857142856,0,3,8,12,7,12.457142857142856,0,12.7,3.7,-1.7,12.457142857142856,14,0.0,16,0.875
1,17,1,9670,1,1,133.1,1,1,37,4,9,96.0,1,0,0,1,0,1,25,0,0,6,8,6,11.285714285714286,0,0,6,10,5,12.2,0,15.5,2.8,-4.06,11.742857142857144,11,0.9142857142857128,12,0.9166666666666666
1,1,2,8014,0,1,107.0,1,19,11,0,0,103.5,1,0,0,1,0,0,22,0,0,6,7,5,13.4,0,0,6,9,5,12.2,0,7.6,2.6,0.32,12.8,10,-1.200000000000001,12,0.8333333333333334
1,1,1,9670,1,1,110.0,1,3,19,4,5,109.0,0,0,0,1,1,1,19,0,0,6,7,6,13.142857142857142,0,0,6,8,6,14.166666666666666,0,15.5,2.8,-4.06,13.654761904761905,12,1.0238095238095237,12,1.0
1,1,3,9556,1,1,122.0,1,19,19,3,10,113.3,1,0,0,1,0,1,20,0,0,7,7,7,13.0,0,0,8,8,8,15.0625,0,12.4,0.5,1.79,14.03125,15,2.0625,15,1.0
1,44,1,9003,1,39,150.0,1,19,1,1,1,150.0,0,0,0,1,1,0,22,0,0,6,12,3,13.333333333333334,0,0,6,12,3,12.75,0,15.5,2.8,-4.06,13.041666666666668,6,-0.5833333333333339,12,0.5
1,7,1,9991,0,40,130.0,1,19,19,7,3,130.0,0,0,0,1,0,0,26,0,5,10,13,8,12.666666666666666,0,5,10,12,10,13.4,0,11.1,0.6,2.02,13.033333333333333,18,0.7333333333333343,20,0.9
1,1,1,9085,1,1,133.1,1,38,37,1,1,115.0,1,0,0,1,0,0,21,0,0,5,8,3,11.333333333333334,1,0,5,8,3,13.333333333333334,0,12.7,3.7,-1.7,12.333333333333334,6,2.0,10,0.6
1,44,1,9003,1,39,140.0,1,19,19,9,4,140.0,0,0,0,1,0,0,21,0,0,6,12,3,10.666666666666666,2,0,6,12,4,12.0,0,15.5,2.8,-4.06,11.333333333333332,7,1.333333333333334,12,0.5833333333333334
1,1,2,9070,1,1,124.0,1,19,1,9,3,123.7,1,0,0,1,0,1,18,0,1,6,8,6,12.714285714285714,1,0,6,8,6,12.625,0,13.9,-0.3,0.79,12.669642857142858,12,-0.08928571428571352,12,1.0
1,1,1,9500,1,1,143.0,1,38,38,9,9,138.8,1,0,0,1,0,0,31,0,0,7,9,7,15.46875,0,0,8,8,8,16.3875,0,11.1,0.6,2.02,15.928125,15,0.9187499999999993,15,1.0
1,7,1,9003,1,4,150.0,1,1,1,4,6,150.0,0,0,0,1,1,0,28,0,0,6,14,6,14.875,0,0,6,12,6,15.8,0,16.2,0.3,-0.92,15.3375,12,0.9250000000000007,12,1.0
1,44,1,9070,1,39,130.0,1,1,1,9,9,131.8,0,0,0,1,1,1,22,0,2,7,7,7,12.285714285714286,0,5,9,10,8,12.375,0,12.4,0.5,1.79,12.330357142857142,15,0.08928571428571352,16,0.9375
1,17,6,9500,1,1,132.0,1,37,19,7,7,132.4,1,0,0,1,0,1,22,0,0,7,8,6,13.516666666666666,0,0,8,9,7,13.771428571428572,0,11.1,0.6,2.02,13.644047619047619,13,0.2547619047619065,15,0.8666666666666667
1,1,1,9238,1,1,151.0,1,37,1,9,9,138.4,1,0,0,1,0,1,20,0,0,6,8,6,14.25,0,0,6,8,6,11.0,0,12.7,3.7,-1.7,12.625,12,-3.25,12,1.0
2,39,1,9773,1,38,100.0,1,37,37,9,7,154.0,1,0,0,1,1,0,57,0,0,6,7,5,14.2,0,0,6,6,6,14.166666666666666,0,9.4,-0.8,-3.12,14.183333333333334,11,-0.033333333333333215,12,0.9166666666666666
1,43,1,9003,1,1,150.0,1,2,4,4,1,150.0,0,0,0,1,1,0,35,0,16,18,22,18,11.666666666666666,0,12,13,13,12,11.5,1,15.5,2.8,-4.06,11.583333333333332,30,-0.16666666666666607,31,0.967741935483871
1,1,1,9670,1,1,129.0,1,1,37,4,9,118.2,0,0,0,1,1,0,19,0,0,5,5,5,10.8,0,0,5,5,4,12.25,0,9.4,-0.8,-3.12,11.525,9,1.4499999999999993,10,0.9
1,17,1,9500,1,1,150.0,1,37,37,9,9,130.3,0,0,0,1,0,1,19,0,0,8,8,7,15.114285714285714,0,0,8,8,7,15.114285714285714,0,12.7,3.7,-1.7,15.114285714285714,14,0.0,16,0.875
1,17,2,9500,1,1,135.0,1,19,1,5,4,127.3,1,0,0,1,0,0,18,0,0,7,8,7,13.30625,0,0,8,8,8,14.545,0,15.5,2.8,-4.06,13.925625,15,1.2387499999999996,15,1.0
2,39,1,9853,1,1,110.0,1,37,37,9,9,95.5,0,0,1,0,0,0,32,0,0,6,6,0,0.0,0,0,5,10,0,0.0,0,10.8,1.4,1.74,0.0,0,0.0,11,0.0
1,17,1,9085,1,1,125.0,1,1,38,4,9,118.4,1,0,0,1,0,0,21,0,0,5,13,3,11.333333333333334,2,0,5,12,2,10.5,1,9.4,-0.8,-3.12,10.916666666666668,5,-0.8333333333333339,10,0.5
1,17,1,9119,1,1,125.0,1,19,1,5,4,121.5,1,0,0,1,1,0,20,0,0,5,7,5,15.8,0,0,5,7,5,14.571428571428571,0,11.1,0.6,2.02,15.185714285714287,10,-1.2285714285714295,10,1.0
2,39,1,8014,0,1,130.0,1,37,37,6,5,113.5,1,0,0,1,0,0,36,0,0,6,0,0,0.0,0,0,6,0,0,0.0,0,9.4,-0.8,-3.12,0.0,0,0.0,12,0.0
1,1,1,9500,1,1,147.0,1,38,19,5,8,147.3,0,0,0,1,0,0,18,0,0,7,7,6,13.966666666666669,0,0,7,7,6,13.966666666666669,0,7.6,2.6,0.32,13.966666666666669,12,0.0,14,0.8571428571428571
1,1,2,9238,1,1,124.0,1,38,19,9,7,129.6,1,0,0,1,1,0,19,0,0,6,10,6,11.125,0,0,6,7,6,11.857142857142858,0,7.6,2.6,0.32,11.491071428571429,12,0.7321428571428577,12,1.0
1,1,2,9070,1,1,145.0,1,38,19,7,7,130.0,1,0,0,1,1,0,18,0,0,6,7,6,12.833333333333334,0,0,6,7,6,12.571428571428571,0,8.9,1.4,3.51,12.702380952380953,12,-0.26190476190476275,12,1.0
1,1,1,9238,1,1,137.0,1,3,1,4,9,128.6,0,0,0,1,0,1,18,0,0,6,7,6,13.166666666666666,0,0,6,6,6,12.5,0,12.4,0.5,1.79,12.833333333333332,12,-0.6666666666666661,12,1.0
1,7,1,9085,1,40,140.0,1,5,3,2,2,140.0,0,0,1,1,1,0,27,0,8,13,13,8,13.5,2,5,11,12,5,14.4,0,11.1,0.6,2.02,13.95,13,0.9000000000000004,24,0.5416666666666666
1,17,5,9556,1,1,139.0,1,19,19,9,8,121.3,1,0,0,1,0,1,19,0,0,7,8,7,13.385714285714286,0,0,8,8,8,13.3875,0,10.8,1.4,1.74,13.386607142857143,15,0.0017857142857131691,15,1.0
1,1,1,9085,1,1,113.0,1,1,1,4,4,106.7,1,0,0,1,0,0,20,0,0,6,15,4,14.2,0,0,6,17,4,13.25,0,15.5,2.8,-4.06,13.725,8,-0.9499999999999993,12,0.6666666666666666
1,1,3,9238,1,1,126.0,1,38,19,5,8,120.8,1,0,0,1,0,0,19,0,0,6,7,6,12.285714285714286,0,0,6,7,6,12.833333333333334,0,12.4,0.5,1.79,12.55952380952381,12,0.5476190476190474,12,1.0
1,1,1,9238,1,1,124.0,1,37,38,9,3,114.2,0,0,0,1,0,0,18,0,0,6,13,4,11.0,0,0,6,12,5,10.833333333333334,0,15.5,2.8,-4.06,10.916666666666668,9,-0.16666666666666607,12,0.75
2,39,1,9500,1,38,133.1,1,37,37,9,3,146.6,0,0,0,1,1,0,37,0,0,7,8,7,12.828571428571427,0,0,8,8,8,12.6875,0,13.9,-0.3,0.79,12.758035714285715,15,-0.1410714285714274,15,1.0
1,17,2,9556,1,1,133.1,1,37,37,3,10,108.0,0,0,0,1,0,0,20,0,0,7,8,7,12.457142857142856,0,0,8,8,8,13.5625,0,15.5,2.8,-4.06,13.009821428571428,15,1.1053571428571445,15,1.0
1,1,1,9500,1,1,150.0,1,19,1,4,4,137.8,0,0,0,1,0,0,18,0,0,7,10,7,15.145,0,0,8,8,8,15.7425,0,15.5,2.8,-4.06,15.44375,15,0.5975000000000001,15,1.0
1,44,1,8014,0,39,130.0,1,1,19,9,9,133.4,0,0,0,1,0,1,21,0,3,6,6,6,11.5,0,2,6,7,6,13.285714285714286,0,12.4,0.5,1.79,12.392857142857142,12,1.7857142857142865,12,1.0
2,39,1,9500,1,1,133.1,1,1,19,9,9,120.0,0,0,0,1,1,1,34,0,0,8,8,7,13.842857142857143,0,0,8,8,7,13.842857142857143,0,12.7,3.7,-1.7,13.842857142857143,14,0.0,16,0.875
5,39,1,9147,1,1,180.0,1,1,1,4,8,140.5,0,0,1,0,0,0,24,0,0,5,0,0,0.0,0,0,5,0,0,0.0,0,13.9,-0.3,0.79,0.0,0,0.0,10,0.0
1,44,1,9003,1,39,140.0,1,37,37,9,6,140.0,1,0,0,1,1,1,20,0,0,6,10,5,12.6,0,0,6,6,5,13.2,0,12.4,0.5,1.79,12.899999999999999,10,0.5999999999999996,12,0.8333333333333334
1,18,2,9500,1,1,135.0,1,19,1,5,5,128.9,1,0,0,1,0,1,19,0,0,7,8,6,12.648333333333332,0,0,8,9,8,12.205555555555556,0,11.1,0.6,2.02,12.426944444444445,14,-0.44277777777777594,15,0.9333333333333333
2,7,1,9130,1,2,110.0,1,19,19,4,8,110.0,1,0,0,1,1,0,37,0,0,6,9,0,0.0,0,0,6,6,0,0.0,0,16.2,0.3,-0.92,0.0,0,0.0,12,0.0
1,17,3,9070,1,1,116.0,1,37,37,9,9,110.8,0,0,0,1,0,0,18,0,0,6,6,6,11.833333333333334,0,0,6,6,6,12.5,0,7.6,2.6,0.32,12.166666666666668,12,0.6666666666666661,12,1.0
1,39,1,9003,1,1,133.1,1,37,37,4,7,130.0,0,0,1,0,1,0,32,0,0,6,8,3,13.0,0,4,10,14,6,11.428571428571429,0,16.2,0.3,-0.92,12.214285714285715,9,-1.5714285714285712,16,0.5625
1,1,2,9773,1,1,148.0,1,19,1,3,9,140.0,1,0,0,1,0,1,18,0,0,6,6,6,13.666666666666666,0,0,6,6,6,14.666666666666666,0,16.2,0.3,-0.92,14.166666666666666,12,1.0,12,1.0
1,43,1,9670,1,1,130.0,1,34,34,0,0,114.8,0,0,0,1,1,0,25,0,0,5,5,4,13.75,0,0,5,5,4,14.75,0,7.6,2.6,0.32,14.25,8,1.0,10,0.8
1,53,1,9085,1,42,140.0,1,1,1,4,3,140.0,1,0,1,1,0,0,21,0,7,9,10,8,13.25,0,4,9,14,5,12.2,0,8.9,1.4,3.51,12.725,13,-1.0500000000000007,18,0.7222222222222222
1,7,1,9556,1,4,190.0,1,5,5,2,2,190.0,1,0,0,1,1,0,43,0,4,4,4,4,13.875,0,1,1,1,1,12.5,0,11.1,0.6,2.02,13.1875,5,-1.375,5,1.0
1,1,1,9500,1,1,118.0,1,1,19,9,10,113.1,1,0,0,1,0,0,19,0,0,7,7,7,13.79857142857143,0,0,8,8,8,14.75625,0,11.1,0.6,2.02,14.277410714285715,15,0.9576785714285698,15,1.0
1,18,2,9147,1,1,143.0,1,19,38,9,7,132.2,1,0,0,1,0,1,18,0,0,5,8,5,13.75,0,0,5,6,5,12.166666666666666,0,13.9,-0.3,0.79,12.958333333333332,10,-1.583333333333334,10,1.0
1,39,1,9147,1,12,133.1,1,19,37,7,9,118.2,0,0,0,1,0,0,31,0,0,5,8,1,13.0,2,0,5,9,4,12.25,0,10.8,1.4,1.74,12.625,5,-0.75,10,0.5
1,1,1,9853,1,1,129.0,1,38,37,6,6,138.1,0,0,0,1,0,0,19,0,0,6,8,6,12.0,0,0,6,10,4,11.5,0,7.6,2.6,0.32,11.75,10,-0.5,12,0.8333333333333334
1,17,4,9853,1,1,143.0,1,37,37,9,5,127.3,1,0,0,1,0,0,18,0,0,6,7,5,11.8,0,0,6,7,5,11.4,0,10.8,1.4,1.74,11.600000000000001,10,-0.40000000000000036,12,0.8333333333333334
1,39,1,9119,1,1,139.0,1,19,19,9,7,110.3,0,0,1,1,1,0,24,0,0,5,12,1,10.0,0,0,5,11,1,11.0,0,8.9,1.4,3.51,10.5,2,1.0,10,0.2
1,43,2,9254,1,1,140.0,1,19,19,9,9,126.0,1,0,0,1,0,0,19,0,0,6,0,0,0.0,0,0,6,12,0,0.0,0,10.8,1.4,1.74,0.0,0,0.0,12,0.0
1,1,2,9773,1,1,130.0,1,1,1,9,4,126.2,1,0,0,1,0,0,18,0,0,6,6,6,11.666666666666666,0,0,6,6,5,12.2,0,12.7,3.7,-1.7,11.933333333333334,11,0.5333333333333332,12,0.9166666666666666
2,39,1,9003,1,1,150.0,1,3,3,2,2,120.0,0,0,1,0,0,0,34,0,1,6,10,6,14.333333333333334,0,0,6,9,6,12.833333333333334,0,11.1,0.6,2.02,13.583333333333334,12,-1.5,12,1.0
1,1,1,9238,1,1,117.0,1,1,19,4,7,113.5,1,0,0,1,0,1,18,0,0,6,6,6,13.166666666666666,0,0,6,7,6,14.142857142857142,0,11.1,0.6,2.02,13.654761904761905,12,0.9761904761904763,12,1.0
1,1,2,9254,1,1,132.0,1,1,19,9,9,129.9,1,0,0,1,0,1,19,0,0,6,8,6,13.0,0,0,6,6,6,12.166666666666666,0,8.9,1.4,3.51,12.583333333333332,12,-0.8333333333333339,12,1.0
1,39,1,9085,1,1,130.0,1,34,1,0,2,128.2,0,0,0,1,1,0,25,0,0,5,5,0,0.0,0,0,5,5,0,0.0,0,7.6,2.6,0.32,0.0,0,0.0,10,0.0
2,7,1,8014,0,3,110.0,1,37,37,9,9,110.0,0,0,0,1,0,0,39,0,9,13,19,12,13.416666666666666,0,4,10,10,10,14.5,0,16.2,0.3,-0.92,13.958333333333332,22,1.083333333333334,23,0.9565217391304348
1,17,3,9500,1,1,132.0,1,37,37,9,7,128.3,1,0,0,1,0,1,19,0,0,7,8,7,14.70625,0,0,8,8,8,14.4775,0,15.5,2.8,-4.06,14.591875,15,-0.22875000000000156,15,1.0
2,39,1,9500,1,1,140.0,1,37,37,9,4,127.3,0,0,0,1,1,0,26,0,0,8,8,7,13.075714285714286,0,0,8,8,7,13.075714285714286,0,10.8,1.4,1.74,13.075714285714286,14,0.0,16,0.875
1,44,1,9003,1,39,150.0,1,37,38,4,8,150.0,0,0,0,1,0,1,21,0,0,6,9,6,12.666666666666666,0,0,6,8,5,12.8,0,13.9,-0.3,0.79,12.733333333333334,11,0.13333333333333464,12,0.9166666666666666
1,39,1,9991,0,40,130.0,1,19,1,3,4,152.0,1,0,0,1,0,0,27,0,0,5,0,0,0.0,0,0,5,0,0,0.0,0,8.9,1.4,3.51,0.0,0,0.0,10,0.0
1,1,1,9670,1,1,146.0,1,1,1,9,8,149.5,1,0,0,1,1,1,17,0,0,6,8,6,14.875,0,0,6,8,6,13.428571428571429,0,11.1,0.6,2.02,14.151785714285715,12,-1.4464285714285712,12,1.0
1,1,5,9070,1,1,125.0,1,3,3,2,2,140.8,1,0,0,1,1,0,22,0,0,6,6,6,14.666666666666666,0,0,6,6,6,15.0,0,9.4,-0.8,-3.12,14.833333333333332,12,0.3333333333333339,12,1.0
1,1,1,9853,1,1,122.0,1,3,19,2,3,112.9,0,0,0,1,0,0,18,0,0,7,9,7,11.857142857142858,0,0,7,7,7,11.857142857142858,0,16.2,0.3,-0.92,11.857142857142858,14,0.0,14,1.0
1,1,2,9254,1,1,110.0,1,4,19,4,3,114.8,1,0,0,0,1,0,18,0,0,5,6,0,0.0,0,0,5,5,0,0.0,0,12.7,3.7,-1.7,0.0,0,0.0,10,0.0
1,17,2,9500,1,1,135.0,1,19,19,9,10,133.4,1,0,0,1,0,0,19,0,0,7,7,7,14.125714285714285,0,0,8,8,8,14.36875,0,11.1,0.6,2.02,14.247232142857143,15,0.2430357142857158,15,1.0
1,17,2,9773,1,1,139.0,1,3,1,2,7,124.0,1,0,0,1,0,1,20,0,0,6,6,6,14.0,0,0,6,7,6,13.857142857142858,0,15.5,2.8,-4.06,13.928571428571429,12,-0.14285714285714235,12,1.0
2,39,1,9853,1,19,133.1,1,37,37,9,9,131.0,0,0,0,1,0,1,32,0,0,7,10,7,13.428571428571429,0,2,8,8,8,13.25,0,13.9,-0.3,0.79,13.339285714285715,15,-0.17857142857142883,15,1.0
1,44,1,9238,1,39,130.0,1,1,19,4,5,127.4,0,0,1,0,1,0,27,0,3,6,8,5,11.6,0,2,6,9,5,12.0,0,13.9,-0.3,0.79,11.8,10,0.40000000000000036,12,0.8333333333333334
1,1,1,9070,1,1,152.0,1,37,37,5,7,136.3,0,0,0,1,0,1,18,0,1,6,8,6,13.571428571428571,1,0,6,11,6,12.375,0,13.9,-0.3,0.79,12.973214285714285,12,-1.1964285714285712,12,1.0
1,17,2,9670,1,1,129.0,1,1,19,5,5,119.2,1,0,0,1,0,0,21,0,0,6,0,0,0.0,0,0,6,0,0,0.0,0,8.9,1.4,3.51,0.0,0,0.0,12,0.0
1,1,4,9147,1,1,123.0,1,1,1,9,7,117.4,1,0,0,1,0,1,18,0,0,5,7,5,12.0,0,0,5,10,5,11.4,0,8.9,1.4,3.51,11.7,10,-0.5999999999999996,10,1.0
1,17,4,9085,1,1,123.0,1,19,19,4,10,124.4,1,0,0,1,0,0,19,0,0,6,14,6,15.666666666666666,0,0,6,9,6,14.5,0,15.5,2.8,-4.06,15.083333333333332,12,-1.166666666666666,12,1.0
1,39,1,9254,1,1,130.0,1,19,38,9,7,113.5,0,0,0,1,0,1,24,0,0,6,6,6,13.666666666666666,0,0,6,6,6,14.166666666666666,0,12.4,0.5,1.79,13.916666666666666,12,0.5,12,1.0
1,1,1,171,1,1,163.0,1,1,1,4,3,149.7,1,0,0,1,0,1,18,0,0,0,0,0,0.0,0,0,0,0,0,0.0,0,13.9,-0.3,0.79,0.0,0,0.0,0,0.0
1,5,1,9130,1,1,157.0,1,5,43,2,2,149.7,1,0,0,1,0,0,18,0,0,6,6,6,15.0,0,0,6,6,6,14.833333333333334,0,8.9,1.4,3.51,14.916666666666668,12,-0.16666666666666607,12,1.0
1,17,4,9670,1,1,126.0,1,38,19,9,6,119.4,1,0,0,1,0,1,18,0,0,6,6,6,14.0,0,0,6,9,5,13.8,0,8.9,1.4,3.51,13.9,11,-0.1999999999999993,12,0.9166666666666666
1,39,1,9991,0,19,133.1,1,37,37,9,9,117.2,0,0,0,1,0,0,41,0,0,5,8,5,11.0,0,0,5,6,5,11.8,1,7.6,2.6,0.32,11.4,10,0.8000000000000007,10,1.0
1,1,1,9147,1,1,151.0,1,1,38,4,7,137.0,1,0,0,1,1,0,18,0,0,5,5,5,13.4,0,0,5,5,5,15.0,0,8.9,1.4,3.51,14.2,10,1.5999999999999996,10,1.0
1,17,1,9147,1,1,115.0,1,19,37,5,7,112.9,1,0,0,0,1,0,19,0,0,5,7,2,12.5,0,0,5,13,1,11.0,0,9.4,-0.8,-3.12,11.75,3,-1.5,10,0.3
1,1,2,9556,1,1,125.0,1,38,1,9,3,116.3,1,0,0,1,0,0,18,0,0,7,8,7,13.428571428571429,0,0,8,8,8,15.3125,0,16.2,0.3,-0.92,14.370535714285715,15,1.8839285714285712,15,1.0
1,1,4,9500,1,1,125.0,1,19,1,1,1,117.8,1,0,0,1,0,0,18,0,0,7,10,7,13.03,0,0,8,8,8,13.21875,0,15.5,2.8,-4.06,13.124375,15,0.18875000000000064,15,1.0
1,1,1,9670,1,1,130.0,1,19,37,4,5,118.8,0,0,0,1,0,1,18,0,0,6,6,6,14.5,0,0,6,8,6,13.666666666666666,0,12.7,3.7,-1.7,14.083333333333332,12,-0.8333333333333339,12,1.0
1,1,5,9500,1,1,143.0,1,37,37,9,5,131.6,1,0,0,1,0,1,19,0,0,7,10,7,14.368,0,0,8,8,8,14.44875,0,15.5,2.8,-4.06,14.408375,15,0.0807500000000001,15,1.0
1,39,1,9500,1,1,133.1,1,19,19,5,6,121.4,0,0,1,1,0,0,28,0,0,7,12,4,13.375,0,0,7,7,5,13.5,0,13.9,-0.3,0.79,13.4375,9,0.125,14,0.6428571428571429
1,7,3,9130,1,3,130.0,1,37,26,90,10,130.0,0,0,0,0,1,0,41,0,0,5,9,0,0.0,4,0,5,9,0,0.0,3,10.8,1.4,1.74,0.0,0,0.0,10,0.0
1,1,2,9500,1,1,152.0,1,37,37,9,9,139.0,1,0,0,1,0,0,18,0,0,7,7,6,14.333333333333334,0,0,7,7,6,14.333333333333334,0,7.6,2.6,0.32,14.333333333333334,12,0.0,14,0.8571428571428571
1,1,1,9773,1,1,140.0,1,19,38,9,9,132.0,0,0,0,1,1,1,18,0,0,6,6,5,12.0,0,0,6,6,6,12.833333333333334,0,12.7,3.7,-1.7,12.416666666666668,11,0.8333333333333339,12,0.9166666666666666
2,1,2,8014,0,1,110.0,1,37,1,9,10,108.7,1,0,0,1,0,0,43,0,0,6,6,6,13.0,0,0,6,6,6,12.5,0,9.4,-0.8,-3.12,12.75,12,-0.5,12,1.0
1,44,1,9003,1,39,130.0,1,1,3,9,2,130.0,1,0,1,0,1,0,23,0,0,6,12,2,11.333333333333334,0,0,6,8,2,13.0,0,13.9,-0.3,0.79,12.166666666666668,4,1.666666666666666,12,0.3333333333333333
1,1,1,9147,1,1,122.0,1,1,19,9,9,120.3,1,0,0,1,1,1,19,0,0,5,8,5,12.6,0,0,5,9,5,13.6,0,8.9,1.4,3.51,13.1,10,1.0,10,1.0
1,18,2,9238,1,1,121.0,1,19,1,4,3,121.4,1,0,0,1,0,1,19,0,0,6,8,4,10.75,0,0,6,11,5,11.5,0,15.5,2.8,-4.06,11.125,9,0.75,12,0.75
1,1,1,8014,0,1,126.0,1,38,37,5,5,118.7,0,0,0,1,0,0,19,0,0,6,6,6,12.5,0,0,6,6,6,11.5,0,12.7,3.7,-1.7,12.0,12,-1.0,12,1.0
1,18,1,171,1,1,110.0,1,19,2,5,5,117.7,1,0,1,1,1,1,20,0,0,0,0,0,0.0,0,0,0,0,0,0.0,0,12.4,0.5,1.79,0.0,0,0.0,0,0.0
1,53,1,9147,1,42,140.0,1,1,1,6,6,142.2,0,0,0,1,1,1,21,0,6,11,11,11,12.636363636363637,0,3,9,11,9,12.6,0,8.9,1.4,3.51,12.618181818181817,20,-0.03636363636363704,20,1.0
1,17,1,9500,1,1,145.0,1,3,3,2,3,141.8,0,0,0,1,0,0,19,0,0,8,8,8,13.3475,0,0,8,8,8,13.3475,0,9.4,-0.8,-3.12,13.3475,16,0.0,16,1.0
1,43,1,9991,0,1,133.1,1,37,19,3,10,136.1,0,0,0,1,1,1,42,0,0,5,14,1,10.0,0,0,5,14,1,11.0,0,13.9,-0.3,0.79,10.5,2,1.0,10,0.2
2,39,2,9147,1,1,120.0,1,37,37,9,9,104.7,1,0,0,1,1,0,36,0,0,4,4,0,0.0,0,0,5,9,0,0.0,0,10.8,1.4,1.74,0.0,0,0.0,9,0.0
1,1,1,9130,1,1,133.1,1,6,11,4,5,138.4,0,0,0,1,1,0,21,0,0,5,8,3,14.0,0,0,5,5,5,12.8,0,7.6,2.6,0.32,13.4,8,-1.1999999999999993,10,0.8
1,17,6,9500,1,1,150.0,1,1,37,1,1,131.5,1,0,0,1,0,0,19,0,0,8,8,7,13.925714285714283,0,0,8,8,7,13.925714285714283,0,10.8,1.4,1.74,13.925714285714283,14,0.0,16,0.875
1,1,1,171,1,1,138.0,1,19,37,7,7,124.0,1,0,0,0,0,0,19,0,0,0,0,0,0.0,0,0,0,0,0,0.0,0,10.8,1.4,1.74,0.0,0,0.0,0,0.0
1,7,2,9500,1,3,140.0,1,37,38,9,9,138.0,0,0,0,1,1,0,28,0,0,7,7,7,14.114285714285714,0,0,8,9,8,15.91111111111111,0,16.2,0.3,-0.92,15.012698412698413,15,1.7968253968253958,15,1.0
1,17,1,171,1,1,125.0,1,1,1,7,3,143.9,1,0,0,1,0,0,20,0,0,0,0,0,0.0,0,0,0,0,0,0.0,0,15.5,2.8,-4.06,0.0,0,0.0,0,0.0
1,1,1,171,1,1,147.0,1,1,12,4,4,148.4,1,0,0,1,1,1,20,0,8,14,15,12,10.923076923076923,0,7,13,14,11,12.181818181818182,0,11.1,0.6,2.02,11.552447552447553,23,1.2587412587412583,27,0.8518518518518519
1,1,1,9130,1,1,138.0,1,3,19,2,4,131.0,1,0,0,1,1,0,19,0,0,6,8,4,11.6,0,0,6,14,2,13.0,0,11.1,0.6,2.02,12.3,6,1.4000000000000004,12,0.5
1,39,1,9670,1,1,140.0,1,37,37,6,6,120.0,0,0,0,1,0,0,28,0,0,6,8,1,10.0,0,0,6,9,0,0.0,0,10.8,1.4,1.74,5.0,1,-10.0,12,0.08333333333333333
1,1,2,9254,1,1,136.0,1,1,1,9,4,123.4,1,0,0,1,0,1,18,0,0,6,9,6,13.571428571428571,0,0,6,6,6,12.166666666666666,0,8.9,1.4,3.51,12.869047619047619,12,-1.404761904761905,12,1.0
1,43,1,9238,1,1,120.0,1,1,38,4,3,118.3,0,0,0,1,0,1,20,0,8,11,12,11,12.0,0,6,11,14,11,12.75,0,13.9,-0.3,0.79,12.375,22,0.75,22,1.0
1,39,1,9500,1,1,110.0,1,1,37,9,9,126.0,1,0,0,1,1,0,27,0,0,7,7,7,14.085714285714284,0,0,7,7,7,14.085714285714284,0,7.6,2.6,0.32,14.085714285714284,14,0.0,14,1.0
1,15,1,9670,1,1,160.0,1,37,12,9,9,149.5,1,0,0,0,1,0,19,0,0,6,6,6,13.0,0,0,6,8,6,13.0,0,13.9,-0.3,0.79,13.0,12,0.0,12,1.0
1,39,2,9556,1,19,133.1,1,37,37,3,7,117.8,0,0,0,1,0,0,24,0,0,7,10,6,11.416666666666666,0,0,8,9,8,11.9625,0,13.9,-0.3,0.79,11.689583333333333,14,0.5458333333333343,15,0.9333333333333333
1,43,1,8014,0,3,133.1,1,9,9,90,90,130.0,0,0,0,1,0,0,26,0,8,11,16,10,11.8,0,3,7,7,7,13.285714285714286,0,7.6,2.6,0.32,12.542857142857144,17,1.4857142857142858,18,0.9444444444444444
1,1,3,9500,1,1,125.0,1,3,1,4,4,119.4,1,0,0,1,0,0,19,0,0,7,10,6,12.471428571428572,0,0,7,8,7,11.4625,0,12.4,0.5,1.79,11.966964285714287,13,-1.0089285714285712,14,0.9285714285714286
1,1,1,9130,1,1,133.0,1,1,37,9,9,123.2,1,0,0,1,0,1,19,0,0,6,8,6,13.333333333333334,0,0,6,7,6,13.666666666666666,0,8.9,1.4,3.51,13.5,12,0.33333333333333215,12,1.0
1,1,1,9500,1,1,141.0,1,3,1,9,9,124.3,0,0,0,1,0,0,19,0,0,8,8,7,14.514285714285714,0,0,8,8,7,14.514285714285714,0,12.7,3.7,-1.7,14.514285714285714,14,0.0,16,0.875
1,17,2,9238,1,3,105.0,1,37,37,7,8,129.7,1,0,0,1,0,1,20,0,0,6,6,6,12.333333333333334,0,0,6,6,6,10.666666666666666,0,9.4,-0.8,-3.12,11.5,12,-1.6666666666666679,12,1.0
1,17,6,9147,1,1,129.0,1,19,1,9,4,122.0,1,0,0,1,1,0,19,0,0,5,8,5,11.6,1,0,5,10,4,10.75,0,9.4,-0.8,-3.12,11.175,9,-0.8499999999999996,10,0.9
1,17,5,9500,1,1,141.0,1,19,19,9,7,131.9,1,0,0,1,0,1,18,0,0,7,8,7,13.56875,0,0,8,8,8,14.02625,0,15.5,2.8,-4.06,13.7975,15,0.4574999999999996,15,1.0
1,7,1,9991,0,40,130.0,1,38,38,9,7,130.0,0,0,0,1,1,0,38,0,10,10,10,10,13.6,0,5,10,10,5,13.6,0,8.9,1.4,3.51,13.6,15,0.0,20,0.75
1,39,1,9500,1,1,130.0,1,38,37,5,7,120.0,1,0,0,1,0,1,25,0,0,8,11,7,13.29,3,0,8,11,7,13.29,3,9.4,-0.8,-3.12,13.29,14,0.0,16,0.875
2,43,1,9991,0,1,130.0,1,37,37,9,9,128.2,0,0,0,1,0,0,34,0,3,8,9,3,11.0,0,2,7,7,2,10.0,0,9.4,-0.8,-3.12,10.5,5,-1.0,15,0.3333333333333333
1,1,3,9254,1,1,122.0,1,37,37,9,3,124.5,1,0,0,1,0,0,19,0,0,6,12,6,11.666666666666666,0,0,6,14,3,12.0,0,7.6,2.6,0.32,11.833333333333332,9,0.3333333333333339,12,0.75
1,1,1,9254,1,1,140.0,1,19,1,9,8,140.9,1,0,0,1,0,1,18,0,0,6,7,6,12.857142857142858,0,0,6,10,4,13.0,0,12.7,3.7,-1.7,12.928571428571429,10,0.14285714285714235,12,0.8333333333333334
1,17,2,9991,0,1,116.0,1,37,19,9,4,118.5,0,0,0,1,1,0,23,0,0,5,6,4,13.0,0,0,5,5,5,13.0,0,7.6,2.6,0.32,13.0,9,0.0,10,0.9
1,1,6,9238,1,1,125.0,1,38,1,7,4,118.4,1,0,0,1,0,1,19,0,0,6,6,6,13.5,0,0,6,7,6,13.285714285714286,0,11.1,0.6,2.02,13.392857142857142,12,-0.21428571428571352,12,1.0
1,44,1,9003,1,39,160.0,1,38,38,9,6,160.0,1,0,0,1,0,0,20,0,0,6,7,6,13.571428571428571,0,0,6,9,6,12.714285714285714,0,12.4,0.5,1.79,13.142857142857142,12,-0.8571428571428577,12,1.0
1,44,1,9085,1,39,150.0,1,38,38,4,1,150.0,1,0,0,1,1,0,20,0,1,6,11,6,13.8,0,1,6,7,6,13.142857142857142,0,16.2,0.3,-0.92,13.471428571428572,12,-0.6571428571428584,12,1.0
1,42,1,9500,1,1,111.0,1,1,3,9,10,128.2,1,0,0,1,1,0,23,0,0,8,8,8,12.5075,0,0,8,8,8,12.5075,0,9.4,-0.8,-3.12,12.5075,16,0.0,16,1.0
1,39,1,9991,0,1,133.1,1,37,37,9,9,109.7,0,0,0,1,0,0,29,0,0,5,0,0,0.0,0,0,5,0,0,0.0,0,16.2,0.3,-0.92,0.0,0,0.0,10,0.0
1,1,4,9238,1,1,118.0,1,19,38,9,9,110.0,0,0,0,1,0,1,18,0,0,6,7,6,12.285714285714286,0,0,6,8,6,11.428571428571429,0,12.4,0.5,1.79,11.857142857142858,12,-0.8571428571428577,12,1.0
1,17,1,9670,1,1,120.0,1,19,19,5,5,113.0,1,0,0,1,0,0,20,0,0,5,7,4,12.2,0,0,5,5,4,11.5,0,7.6,2.6,0.32,11.85,8,-0.6999999999999993,10,0.8
1,1,1,9070,1,1,126.0,1,1,19,4,0,120.1,0,1,0,1,0,1,20,0,0,6,6,6,13.166666666666666,0,0,6,6,6,12.666666666666666,0,11.1,0.6,2.02,12.916666666666666,12,-0.5,12,1.0
1,42,1,9119,1,1,140.0,1,3,3,3,2,133.6,1,0,0,1,1,0,22,0,0,5,0,0,0.0,0,0,5,0,0,0.0,0,10.8,1.4,1.74,0.0,0,0.0,10,0.0
1,17,1,9119,1,1,141.0,1,37,1,9,2,133.0,1,0,0,1,1,0,18,0,0,5,10,4,13.0,0,0,5,10,3,12.333333333333334,3,7.6,2.6,0.32,12.666666666666668,7,-0.6666666666666661,10,0.7
1,42,1,9500,1,1,100.0,1,19,37,5,7,134.3,1,0,0,1,0,0,28,0,12,17,21,17,13.394736842105264,0,11,17,19,17,13.554736842105264,0,16.2,0.3,-0.92,13.474736842105264,34,0.16000000000000014,34,1.0
1,44,1,9147,1,39,130.0,22,2,37,2,8,130.0,0,0,1,0,1,0,25,1,0,5,6,0,0.0,0,0,5,5,0,0.0,0,15.5,2.8,-4.06,0.0,0,0.0,10,0.0
1,42,1,9853,1,1,141.0,1,37,19,9,3,133.0,0,0,0,1,0,0,20,0,6,14,22,12,12.153846153846152,0,5,12,18,10,12.9,0,10.8,1.4,1.74,12.526923076923076,22,0.7461538461538488,26,0.8461538461538461
1,39,1,9119,1,19,133.1,1,37,38,3,7,96.7,0,0,0,1,1,1,29,0,0,5,6,0,0.0,0,0,5,7,0,0.0,0,12.4,0.5,1.79,0.0,0,0.0,10,0.0
1,17,3,9773,1,1,153.0,1,34,34,99,99,133.1,1,0,1,1,0,1,19,0,0,6,8,6,12.166666666666666,0,0,6,8,5,12.4,0,9.4,-0.8,-3.12,12.283333333333333,11,0.23333333333333428,12,0.9166666666666666
1,17,1,9500,1,1,141.0,1,38,38,7,10,139.8,1,0,0,1,0,0,18,0,0,8,8,8,14.935,0,0,8,8,8,14.935,0,9.4,-0.8,-3.12,14.935,16,0.0,16,1.0
1,43,5,9853,1,1,150.0,1,34,34,0,0,150.2,1,0,0,0,0,0,28,0,0,6,9,4,12.75,1,0,5,5,0,0.0,5,9.4,-0.8,-3.12,6.375,4,-12.75,11,0.36363636363636365
1,17,1,9853,1,1,150.0,1,19,19,3,4,135.0,0,0,0,1,0,0,29,0,2,8,10,7,11.142857142857142,0,2,8,11,8,11.375,0,12.7,3.7,-1.7,11.258928571428571,15,0.23214285714285765,16,0.9375
1,1,1,9085,1,1,142.0,1,38,38,9,10,127.0,1,0,0,1,0,0,18,0,0,5,7,3,12.333333333333334,0,0,5,9,5,12.6,0,10.8,1.4,1.74,12.466666666666667,8,0.2666666666666657,10,0.8
1,39,1,9085,1,12,133.1,1,38,19,9,8,138.3,1,0,1,0,1,0,25,0,0,6,6,0,0.0,0,0,6,6,0,0.0,0,8.9,1.4,3.51,0.0,0,0.0,12,0.0
1,39,1,9991,0,1,150.0,1,3,5,2,2,135.8,0,0,1,1,1,0,29,0,1,5,9,3,11.0,0,0,5,11,2,13.5,0,12.7,3.7,-1.7,12.25,5,2.5,10,0.5
1,16,1,9085,1,1,150.0,1,3,3,2,1,153.5,1,0,0,1,0,0,19,0,0,6,7,6,15.714285714285714,0,0,6,6,6,14.666666666666666,0,13.9,-0.3,0.79,15.19047619047619,12,-1.0476190476190474,12,1.0
1,1,1,9773,1,1,142.0,1,19,37,4,7,141.3,0,0,0,1,0,1,19,0,0,6,7,6,14.714285714285714,0,0,6,6,6,15.166666666666666,0,13.9,-0.3,0.79,14.94047619047619,12,0.45238095238095255,12,1.0
1,1,1,9085,1,1,138.0,1,19,19,3,3,131.0,1,0,0,1,0,0,18,0,0,5,9,5,12.666666666666666,2,0,5,7,4,13.0,0,9.4,-0.8,-3.12,12.833333333333332,9,0.3333333333333339,10,0.9
1,17,1,9500,1,1,160.0,1,38,38,7,7,147.8,0,0,0,1,0,0,20,0,0,7,11,6,11.757142857142856,0,0,8,12,6,13.083333333333334,0,15.5,2.8,-4.06,12.420238095238094,12,1.3261904761904777,15,0.8
2,39,1,9991,0,1,160.0,1,1,3,1,2,130.0,0,0,0,0,1,1,26,0,0,5,12,3,10.666666666666666,0,0,5,11,3,10.666666666666666,0,9.4,-0.8,-3.12,10.666666666666666,6,0.0,10,0.6
1,1,5,9119,1,1,132.0,1,38,19,5,3,119.1,0,0,0,1,0,0,18,0,0,5,11,0,0.0,0,0,5,8,0,0.0,0,9.4,-0.8,-3.12,0.0,0,0.0,10,0.0
1,1,4,9773,1,1,155.0,1,3,19,1,4,149.8,1,0,0,1,0,1,18,0,0,6,6,6,13.833333333333334,0,0,6,6,6,14.166666666666666,0,16.2,0.3,-0.92,14.0,12,0.33333333333333215,12,1.0
1,1,6,9070,1,6,119.0,1,1,1,9,9,123.2,1,0,0,1,1,0,22,0,0,6,6,6,14.166666666666666,0,0,6,8,6,13.625,0,10.8,1.4,1.74,13.895833333333332,12,-0.5416666666666661,12,1.0
1,1,1,9085,1,1,126.0,1,3,1,2,8,123.9,1,0,0,1,0,0,19,0,0,6,13,4,11.8,0,0,6,18,4,12.2,0,12.4,0.5,1.79,12.0,8,0.3999999999999986,12,0.6666666666666666
1,1,1,9500,1,1,141.0,1,19,19,7,9,139.8,0,0,0,1,0,1,19,0,0,8,8,7,14.4,0,0,8,8,7,14.4,0,12.7,3.7,-1.7,14.4,14,0.0,16,0.875
1,17,1,9853,1,1,127.0,1,1,1,5,7,121.4,1,0,0,1,0,0,18,0,0,7,8,7,11.571428571428571,0,0,7,9,6,13.166666666666666,0,11.1,0.6,2.02,12.369047619047619,13,1.595238095238095,14,0.9285714285714286
1,1,1,9773,1,1,139.0,1,38,38,9,9,145.0,1,0,0,1,0,1,18,0,0,6,6,6,13.333333333333334,0,0,6,6,6,13.333333333333334,0,9.4,-0.8,-3.12,13.333333333333334,12,0.0,12,1.0
1,44,1,8014,0,39,120.0,1,19,37,7,6,121.8,1,0,0,1,0,0,22,0,3,6,6,6,12.5,0,2,6,7,6,13.285714285714286,0,12.4,0.5,1.79,12.892857142857142,12,0.7857142857142865,12,1.0
1,17,5,171,1,1,122.0,1,19,12,5,9,127.3,1,0,0,1,1,0,20,0,0,0,0,0,0.0,0,0,0,0,0,0.0,0,10.8,1.4,1.74,0.0,0,0.0,0,0.0
1,17,2,9500,1,1,140.0,1,1,1,5,10,128.5,1,0,0,1,0,0,18,0,0,7,9,5,14.06,0,0,7,9,6,12.571428571428571,0,12.4,0.5,1.79,13.315714285714286,11,-1.4885714285714293,14,0.7857142857142857
1,1,2,9500,1,1,140.0,1,1,19,7,7,129.9,1,0,0,1,0,0,18,0,0,7,8,7,12.92875,0,0,8,8,8,14.0625,0,15.5,2.8,-4.06,13.495625,15,1.1337499999999991,15,1.0
1,17,5,9147,1,1,131.0,1,19,38,3,10,119.8,1,0,0,1,0,0,19,0,0,5,8,5,12.6,0,0,5,9,4,11.6,0,8.9,1.4,3.51,12.1,9,-1.0,10,0.9
1,17,5,9119,1,1,138.0,1,19,19,5,5,123.3,1,0,1,1,1,0,18,0,0,5,9,4,12.5,0,0,5,11,5,11.285714285714286,0,12.4,0.5,1.79,11.892857142857142,9,-1.2142857142857135,10,0.9
2,39,1,9085,1,1,133.1,1,36,36,99,5,128.2,0,0,0,0,0,1,28,0,0,5,14,1,12.0,3,0,5,5,0,0.0,5,9.4,-0.8,-3.12,6.0,1,-12.0,10,0.1
1,17,1,9238,1,1,125.0,1,1,38,9,7,119.8,0,0,0,1,0,0,18,0,0,6,0,0,0.0,0,0,6,0,0,0.0,0,11.1,0.6,2.02,0.0,0,0.0,12,0.0
1,1,4,9500,1,1,117.0,1,1,1,4,7,109.3,1,0,0,1,0,1,18,0,0,7,7,7,13.117142857142856,0,0,8,9,7,12.6,0,11.1,0.6,2.02,12.858571428571427,14,-0.517142857142856,15,0.9333333333333333
1,1,1,9500,1,1,143.0,1,38,38,5,5,133.9,0,0,0,1,0,0,18,0,0,7,7,7,15.014285714285714,0,0,8,8,8,16.0875,0,12.4,0.5,1.79,15.550892857142856,15,1.0732142857142843,15,1.0
1,1,5,9500,1,1,146.0,1,19,37,7,7,133.8,1,0,0,1,0,0,19,0,0,8,9,8,13.2325,1,0,8,9,8,13.2325,1,9.4,-0.8,-3.12,13.2325,16,0.0,16,1.0
1,1,2,9147,1,1,113.0,1,38,38,9,5,107.4,1,0,0,1,1,0,20,0,0,5,12,3,10.5,0,0,5,10,4,11.25,0,12.4,0.5,1.79,10.875,7,0.75,10,0.7
1,1,1,9853,1,1,142.0,1,19,1,9,1,132.6,0,0,0,1,0,0,18,0,0,6,8,5,12.8,0,0,6,14,3,10.0,0,9.4,-0.8,-3.12,11.4,8,-2.8000000000000007,12,0.6666666666666666
1,43,1,9670,1,1,132.0,1,3,19,4,8,120.5,0,0,0,1,1,0,19,0,0,6,17,4,12.5,0,0,6,8,4,13.25,0,13.9,-0.3,0.79,12.875,8,0.75,12,0.6666666666666666
1,17,1,171,1,1,145.0,1,37,37,9,1,150.3,1,0,0,1,0,0,19,0,0,0,0,0,0.0,0,0,0,0,0,0.0,0,15.5,2.8,-4.06,0.0,0,0.0,0,0.0
1,17,4,9070,1,1,160.0,1,1,19,5,7,155.5,1,0,0,1,0,0,18,0,0,6,6,6,14.0,0,0,6,6,6,15.0,0,11.1,0.6,2.02,14.5,12,1.0,12,1.0
1,1,2,9773,1,1,115.0,1,34,38,0,5,108.4,1,0,0,1,0,0,20,0,0,6,10,4,10.5,0,0,6,8,4,11.75,0,7.6,2.6,0.32,11.125,8,1.25,12,0.6666666666666666
1,7,1,8014,0,3,120.0,1,19,37,5,3,121.3,0,0,0,1,0,0,32,0,7,11,13,11,13.454545454545457,0,5,11,13,7,12.428571428571429,0,12.7,3.7,-1.7,12.941558441558442,18,-1.025974025974028,22,0.8181818181818182
1,1,3,9500,1,1,113.0,1,3,1,134,135,107.8,1,0,0,1,0,1,20,0,0,7,10,5,14.46,0,0,7,8,6,13.55,0,12.4,0.5,1.79,14.005,11,-0.9100000000000001,14,0.7857142857142857
1,15,1,9254,1,1,160.0,1,1,3,3,3,142.5,1,0,0,0,1,0,19,0,0,6,6,6,14.0,0,0,6,6,6,13.666666666666666,0,13.9,-0.3,0.79,13.833333333333332,12,-0.3333333333333339,12,1.0
1,1,1,171,1,1,133.1,1,3,1,2,4,128.2,1,0,0,1,0,0,20,0,5,12,13,12,11.23076923076923,0,3,11,18,9,12.77777777777778,0,11.1,0.6,2.02,12.004273504273506,21,1.5470085470085504,23,0.9130434782608695
1,1,1,9085,1,1,131.0,1,19,19,9,9,139.8,1,0,0,1,0,0,19,0,0,5,6,5,13.4,0,0,5,5,5,12.8,0,10.8,1.4,1.74,13.100000000000001,10,-0.5999999999999996,10,1.0
1,42,1,9003,1,39,120.0,1,3,1,2,6,128.2,1,0,0,1,1,0,24,0,4,9,13,8,13.333333333333334,0,5,10,12,9,13.11111111111111,0,16.2,0.3,-0.92,13.222222222222221,17,-0.2222222222222232,19,0.8947368421052632
1,17,1,9085,1,1,163.0,14,37,37,9,9,150.8,1,0,0,1,0,0,19,1,0,6,13,6,16.0,0,0,6,8,6,14.5,0,15.5,2.8,-4.06,15.25,12,-1.5,12,1.0
1,1,1,9070,1,1,130.0,1,37,1,9,8,120.2,1,0,0,1,1,0,22,0,0,6,9,6,14.666666666666666,0,0,6,12,6,14.666666666666666,0,12.7,3.7,-1.7,14.666666666666666,12,0.0,12,1.0
1,1,3,9500,1,1,140.0,1,37,37,9,9,141.5,1,0,1,0,0,0,19,0,0,8,8,7,13.327142857142857,0,0,8,8,7,13.327142857142857,0,10.8,1.4,1.74,13.327142857142857,14,0.0,16,0.875
1,17,1,9130,1,1,131.0,1,19,9,5,3,118.4,0,0,0,1,0,0,19,0,0,5,8,3,12.0,0,0,5,7,5,12.833333333333334,0,7.6,2.6,0.32,12.416666666666668,8,0.8333333333333339,10,0.8
2,39,1,9991,0,1,160.0,1,37,37,9,9,160.0,0,0,0,1,0,0,35,0,0,5,5,5,11.6,0,0,5,6,5,11.166666666666666,0,15.5,2.8,-4.06,11.383333333333333,10,-0.43333333333333357,10,1.0
1,18,2,9147,1,1,140.0,1,37,37,5,9,124.3,1,0,0,1,1,0,20,0,0,5,7,4,10.75,0,0,5,12,3,10.571428571428571,0,10.8,1.4,1.74,10.660714285714285,7,-0.17857142857142883,10,0.7
1,39,1,9238,1,1,170.0,1,38,19,9,9,140.0,1,0,0,1,0,0,24,0,0,6,9,4,15.75,0,0,6,10,5,16.4,0,9.4,-0.8,-3.12,16.075,9,0.6499999999999986,12,0.75
1,17,2,9773,1,1,133.1,1,3,1,4,5,115.0,1,0,0,1,0,0,19,0,0,6,6,6,12.833333333333334,0,0,6,6,6,12.666666666666666,0,16.2,0.3,-0.92,12.75,12,-0.16666666666666785,12,1.0
1,1,1,9500,1,1,139.0,1,37,38,6,6,121.3,1,0,0,1,0,1,19,0,0,8,10,6,11.833333333333334,0,0,8,10,6,11.833333333333334,0,9.4,-0.8,-3.12,11.833333333333334,12,0.0,16,0.75
1,17,4,9773,1,1,129.0,1,3,1,2,7,132.5,1,0,0,1,1,0,21,0,0,6,7,0,0.0,0,0,6,11,1,10.0,0,10.8,1.4,1.74,5.0,1,10.0,12,0.08333333333333333
1,42,1,9773,1,6,120.0,1,34,34,0,0,122.0,1,0,0,1,0,0,34,0,8,10,11,10,12.2,0,5,10,12,9,12.333333333333334,0,7.6,2.6,0.32,12.266666666666666,19,0.13333333333333464,20,0.95
1,7,1,8014,0,3,140.0,1,1,1,4,4,140.0,0,0,0,1,0,0,30,0,0,6,0,0,0.0,0,0,6,0,0,0.0,0,10.8,1.4,1.74,0.0,0,0.0,12,0.0
1,1,1,9500,1,1,142.0,1,19,38,7,10,128.4,1,0,0,1,0,1,18,0,0,7,9,7,13.3,0,0,8,8,8,14.345,0,15.5,2.8,-4.06,13.822500000000002,15,1.045,15,1.0
1,1,1,9147,1,1,133.1,1,34,34,0,0,125.3,0,0,0,1,1,0,26,0,11,15,15,11,10.818181818181818,0,12,14,15,11,11.636363636363637,1,7.6,2.6,0.32,11.227272727272727,22,0.8181818181818183,29,0.7586206896551724
1,43,1,9003,1,1,125.0,1,1,38,4,7,125.0,1,0,0,1,0,0,21,0,9,14,23,9,12.0,2,6,12,21,8,11.25,0,15.5,2.8,-4.06,11.625,17,-0.75,26,0.6538461538461539
1,1,4,9070,1,1,140.0,1,4,19,2,10,125.0,1,0,0,1,1,0,19,0,0,6,7,6,12.666666666666666,0,0,6,8,6,12.142857142857142,0,9.4,-0.8,-3.12,12.404761904761905,12,-0.5238095238095237,12,1.0
1,1,1,9773,1,1,144.0,1,37,37,8,8,138.4,0,0,0,1,0,0,18,0,0,6,7,6,13.428571428571429,0,0,6,7,6,14.142857142857142,0,13.9,-0.3,0.79,13.785714285714285,12,0.7142857142857135,12,1.0
1,1,1,9238,1,1,141.0,1,19,1,7,3,128.8,1,0,0,1,1,0,18,0,0,6,10,5,11.6,0,0,6,6,6,11.166666666666666,0,10.8,1.4,1.74,11.383333333333333,11,-0.43333333333333357,12,0.9166666666666666
1,7,1,9500,1,3,120.0,1,1,1,7,10,120.0,1,0,0,0,1,0,23,0,0,7,0,0,0.0,0,0,8,0,0,0.0,0,12.7,3.7,-1.7,0.0,0,0.0,15,0.0
1,43,1,9119,1,1,130.0,1,37,38,9,9,120.0,0,0,1,0,0,0,30,0,8,12,17,8,11.75,0,6,12,19,6,12.166666666666666,2,7.6,2.6,0.32,11.958333333333332,14,0.4166666666666661,24,0.5833333333333334
1,39,1,9670,1,1,133.1,1,19,19,3,3,125.3,0,1,0,1,1,1,30,0,0,6,0,0,0.0,0,0,6,0,0,0.0,0,12.4,0.5,1.79,0.0,0,0.0,12,0.0
2,1,1,9991,0,2,120.0,1,37,37,6,3,129.2,0,0,0,1,0,0,31,0,4,10,16,5,11.4,0,4,10,10,6,12.833333333333334,0,9.4,-0.8,-3.12,12.116666666666667,11,1.4333333333333336,20,0.55
1,1,1,9254,1,1,133.1,1,38,19,3,3,98.6,0,0,0,1,0,0,21,0,0,6,16,2,11.0,0,0,6,12,0,0.0,0,12.7,3.7,-1.7,5.5,2,-11.0,12,0.16666666666666666
1,44,1,9085,1,39,140.0,1,1,1,3,7,140.0,1,0,0,1,0,0,20,0,2,6,11,5,14.2,0,0,6,12,2,13.5,0,13.9,-0.3,0.79,13.85,7,-0.6999999999999993,12,0.5833333333333334
1,1,1,9085,1,1,122.0,1,1,1,2,5,113.3,1,0,0,1,0,0,18,0,0,5,9,4,14.25,0,0,5,8,5,12.714285714285714,0,10.8,1.4,1.74,13.482142857142858,9,-1.5357142857142865,10,0.9
1,17,1,9500,1,1,142.0,1,38,1,5,4,136.6,0,0,0,1,0,1,18,0,0,7,7,7,13.464285714285714,0,0,8,9,8,14.788888888888888,0,12.4,0.5,1.79,14.1265873015873,15,1.3246031746031743,15,1.0
1,1,1,9254,1,1,128.0,1,19,19,7,8,120.0,1,0,0,1,0,1,20,0,0,6,6,6,14.5,0,0,6,7,5,15.0,0,12.4,0.5,1.79,14.75,11,0.5,12,0.9166666666666666
1,1,1,9670,1,1,141.0,1,1,19,4,4,132.6,0,0,0,1,0,1,18,0,0,6,8,6,14.0,0,0,6,7,6,13.142857142857142,0,11.1,0.6,2.02,13.571428571428571,12,-0.8571428571428577,12,1.0
1,17,4,9500,1,1,148.0,1,3,19,4,7,131.9,1,0,0,1,0,1,18,0,0,7,8,7,14.15,0,0,8,8,8,14.51125,0,15.5,2.8,-4.06,14.330625000000001,15,0.36125000000000007,15,1.0
1,51,1,9085,1,40,120.0,1,3,3,4,2,125.0,0,0,0,1,0,0,28,0,0,6,8,6,14.428571428571429,0,0,6,12,4,15.6,0,11.1,0.6,2.02,15.014285714285714,10,1.1714285714285708,12,0.8333333333333334
1,17,6,9670,1,1,120.0,1,1,14,4,5,113.7,1,0,0,1,0,0,18,0,0,5,7,4,11.4,0,0,5,5,4,11.25,0,9.4,-0.8,-3.12,11.325,8,-0.15000000000000036,10,0.8
1,1,1,9773,1,1,133.1,1,3,19,2,5,127.0,0,0,0,1,1,0,20,0,0,6,6,6,14.333333333333334,0,0,6,7,6,15.0,0,15.5,2.8,-4.06,14.666666666666668,12,0.6666666666666661,12,1.0
1,1,1,9500,1,1,148.0,1,1,1,9,9,127.0,1,0,0,1,1,0,20,0,0,8,8,7,12.84142857142857,0,0,8,8,7,12.84142857142857,0,10.8,1.4,1.74,12.84142857142857,14,0.0,16,0.875
1,44,1,9085,1,39,140.0,1,3,1,4,3,140.0,1,0,0,1,0,1,20,0,2,6,11,6,11.833333333333334,0,1,6,17,5,11.857142857142858,0,12.4,0.5,1.79,11.845238095238095,11,0.023809523809523725,12,0.9166666666666666
1,39,1,9070,1,1,139.3,1,38,38,5,5,117.5,0,0,0,1,1,0,28,0,0,6,0,0,0.0,0,0,6,0,0,0.0,0,12.4,0.5,1.79,0.0,0,0.0,12,0.0
1,17,2,8014,0,1,134.0,1,1,19,4,99,126.0,1,0,0,1,1,0,22,0,0,6,7,6,12.666666666666666,0,0,6,6,6,12.166666666666666,0,7.6,2.6,0.32,12.416666666666666,12,-0.5,12,1.0
1,18,1,9853,1,1,132.0,1,37,37,9,5,126.1,0,0,0,1,0,1,18,0,0,7,9,6,12.333333333333334,0,0,7,7,6,12.666666666666666,0,11.1,0.6,2.02,12.5,12,0.33333333333333215,14,0.8571428571428571
1,1,6,9773,1,1,133.1,1,1,37,3,3,100.0,1,0,1,0,0,0,20,0,0,4,4,0,0.0,0,0,5,5,0,0.0,0,12.4,0.5,1.79,0.0,0,0.0,9,0.0
1,1,1,9500,1,1,153.0,1,38,37,7,8,147.9,0,0,0,1,0,1,18,0,0,7,7,7,14.652857142857142,0,0,8,9,8,14.755555555555556,0,12.4,0.5,1.79,14.704206349206348,15,0.10269841269841429,15,1.0
1,1,3,9500,1,1,134.0,1,1,37,8,7,120.5,1,0,0,1,1,1,18,0,0,7,12,7,11.716666666666663,0,0,8,13,4,10.868,0,15.5,2.8,-4.06,11.292333333333332,11,-0.8486666666666629,15,0.7333333333333333
1,1,2,8014,0,1,96.0,1,3,1,3,9,100.0,0,0,0,1,0,0,20,0,0,6,10,5,12.0,0,0,6,9,4,11.25,0,9.4,-0.8,-3.12,11.625,9,-0.75,12,0.75
1,1,1,9238,1,1,133.0,1,34,37,5,5,120.4,0,0,0,0,0,0,21,0,0,6,12,2,11.5,0,0,6,13,1,13.0,0,9.4,-0.8,-3.12,12.25,3,1.5,12,0.25
1,1,1,9773,1,1,121.0,1,1,38,4,9,114.4,0,0,0,1,0,1,18,0,0,6,6,6,12.666666666666666,0,0,6,6,6,12.833333333333334,0,11.1,0.6,2.02,12.75,12,0.16666666666666785,12,1.0
1,7,1,9991,0,3,120.0,1,37,37,6,7,120.0,0,0,1,0,1,0,46,0,0,5,5,0,0.0,0,0,5,5,1,10.0,0,11.1,0.6,2.02,5.0,1,10.0,10,0.1
1,39,1,9130,1,19,133.1,1,34,34,99,99,96.0,0,0,0,1,1,0,31,0,0,5,5,0,0.0,0,0,5,5,0,0.0,0,7.6,2.6,0.32,0.0,0,0.0,10,0.0
1,1,1,9853,1,1,133.0,1,37,37,9,7,124.6,1,0,0,1,0,1,18,0,0,6,8,5,13.0,0,0,6,9,5,13.5,0,9.4,-0.8,-3.12,13.25,10,0.5,12,0.8333333333333334
2,1,1,9254,1,1,136.0,1,37,37,9,9,122.7,0,0,0,1,0,1,45,0,0,6,10,4,11.5,0,0,6,16,2,10.5,0,7.6,2.6,0.32,11.0,6,-1.0,12,0.5
1,39,1,9500,1,1,150.0,1,38,3,9,1,140.0,0,0,0,1,1,0,24,0,0,7,11,7,11.294444444444444,0,0,8,22,2,12.6,0,15.5,2.8,-4.06,11.947222222222223,9,1.3055555555555554,15,0.6
1,1,3,9670,1,1,120.0,1,37,37,7,7,111.3,1,0,0,1,1,0,19,0,0,5,7,3,11.333333333333334,0,0,5,7,4,11.0,0,9.4,-0.8,-3.12,11.166666666666668,7,-0.3333333333333339,10,0.7
1,15,1,9085,1,1,133.1,41,3,3,4,2,101.3,0,0,0,1,0,0,18,1,0,6,13,6,13.0,0,0,6,15,6,12.25,0,11.1,0.6,2.02,12.625,12,-0.75,12,1.0
1,1,1,9254,1,1,117.0,1,1,1,5,5,116.3,1,0,0,1,1,1,21,0,0,6,6,6,11.666666666666666,0,0,6,7,5,12.2,0,10.8,1.4,1.74,11.933333333333334,11,0.5333333333333332,12,0.9166666666666666
1,1,1,9500,1,1,143.0,1,38,38,9,9,140.0,0,0,0,1,1,0,19,0,0,8,8,7,14.285714285714286,0,0,8,8,7,14.285714285714286,0,12.7,3.7,-1.7,14.285714285714286,14,0.0,16,0.875
1,44,1,171,1,39,160.0,1,19,38,9,9,160.0,1,0,1,1,1,1,21,0,0,0,0,0,0.0,0,0,0,0,0,0.0,0,15.5,2.8,-4.06,0.0,0,0.0,0,0.0
4,39,1,9003,1,12,133.1,1,37,37,9,6,160.0,0,0,0,1,0,0,43,0,13,18,19,18,14.63157894736842,0,10,13,14,13,14.23076923076923,1,15.5,2.8,-4.06,14.431174089068826,31,-0.4008097165991895,31,1.0
1,1,2,9500,1,1,99.0,1,1,3,5,10,100.0,1,0,0,1,1,0,19,0,0,7,9,7,11.975,0,0,8,9,7,13.12857142857143,0,13.9,-0.3,0.79,12.551785714285714,14,1.1535714285714302,15,0.9333333333333333
1,17,2,9238,1,1,133.0,1,2,1,3,4,136.2,1,0,0,1,0,0,19,0,0,6,14,1,11.5,0,0,6,12,2,10.5,0,7.6,2.6,0.32,11.0,3,-1.0,12,0.25
1,43,1,9238,1,1,130.0,1,38,19,9,4,118.4,0,0,1,1,0,0,28,0,15,16,16,13,12.076923076923077,0,13,13,13,11,12.090909090909092,0,16.2,0.3,-0.92,12.083916083916083,24,0.013986013986015067,29,0.8275862068965517
1,51,1,9670,1,1,140.0,1,12,5,3,3,126.6,0,0,0,1,1,0,19,0,2,6,7,6,14.428571428571429,0,1,7,8,7,14.375,0,11.1,0.6,2.02,14.401785714285715,13,-0.053571428571428825,13,1.0
1,1,2,9670,1,1,130.0,1,26,30,0,5,128.6,1,0,1,1,0,0,19,0,0,5,8,4,12.25,0,0,5,7,4,12.75,2,7.6,2.6,0.32,12.5,8,0.5,10,0.8
1,44,1,9238,1,39,140.0,1,1,1,9,3,135.7,1,0,0,1,0,0,20,0,3,6,6,6,12.833333333333334,0,2,6,6,6,13.833333333333334,0,12.4,0.5,1.79,13.333333333333334,12,1.0,12,1.0
1,43,1,9003,1,1,120.0,1,37,37,5,9,120.0,1,0,0,1,1,0,39,0,0,6,8,0,0.0,0,1,6,8,2,11.0,0,16.2,0.3,-0.92,5.5,2,11.0,12,0.16666666666666666
1,17,2,9238,1,1,143.0,1,1,11,4,3,128.0,1,0,0,1,0,0,19,0,0,6,11,0,0.0,0,0,6,0,0,0.0,0,9.4,-0.8,-3.12,0.0,0,0.0,12,0.0
1,17,1,9773,1,1,136.0,1,1,38,9,8,131.5,1,0,0,1,0,0,18,0,0,6,7,6,12.571428571428571,0,0,6,8,6,11.857142857142858,0,13.9,-0.3,0.79,12.214285714285715,12,-0.7142857142857135,12,1.0
1,10,1,9773,1,1,151.0,22,38,37,0,5,151.0,1,0,0,1,0,0,18,1,0,6,12,0,0.0,1,0,6,0,0,0.0,0,9.4,-0.8,-3.12,0.0,0,0.0,12,0.0
2,43,1,9670,1,1,100.0,1,34,34,0,0,128.2,0,0,0,1,1,0,32,0,6,10,12,10,11.4,0,4,9,9,4,11.5,0,7.6,2.6,0.32,11.45,14,0.09999999999999964,19,0.7368421052631579
1,1,2,9773,1,1,137.0,1,1,19,7,7,133.2,1,0,0,1,0,1,19,0,0,6,7,6,14.714285714285714,0,0,6,6,6,15.0,0,13.9,-0.3,0.79,14.857142857142858,12,0.2857142857142865,12,1.0
1,1,5,9147,1,1,125.0,1,37,38,7,7,122.2,1,0,0,1,0,0,18,0,0,5,9,1,11.0,0,0,5,9,2,12.5,0,7.6,2.6,0.32,11.75,3,1.5,10,0.3
1,17,2,9556,1,1,120.0,1,37,37,5,5,111.3,1,0,0,1,0,0,32,0,0,7,7,0,0.0,0,0,8,8,0,0.0,0,16.2,0.3,-0.92,0.0,0,0.0,15,0.0
5,39,1,9147,1,1,133.1,1,19,19,9,9,119.8,0,0,0,1,1,0,26,0,0,5,9,5,12.0,0,0,5,5,5,10.2,0,11.1,0.6,2.02,11.1,10,-1.8000000000000007,10,1.0
1,43,1,9500,1,1,121.0,1,38,19,5,5,115.4,1,0,0,1,0,1,24,0,0,8,8,7,11.971428571428572,0,0,8,8,7,11.971428571428572,0,12.7,3.7,-1.7,11.971428571428572,14,0.0,16,0.875
2,39,1,9991,0,1,110.0,1,37,37,9,4,160.0,0,0,0,1,0,0,44,0,0,5,5,5,11.8,0,0,5,5,5,12.4,0,15.5,2.8,-4.06,12.100000000000001,10,0.5999999999999996,10,1.0
1,17,1,9853,1,1,147.0,1,37,37,9,9,142.8,1,0,0,1,0,0,23,0,0,6,11,2,10.0,0,0,6,15,2,11.0,0,7.6,2.6,0.32,10.5,4,1.0,12,0.3333333333333333
1,17,2,9119,1,1,133.1,1,1,2,3,3,117.0,1,0,0,1,1,0,21,0,0,5,10,5,11.166666666666666,0,0,5,10,3,10.8,0,12.4,0.5,1.79,10.983333333333334,8,-0.36666666666666536,10,0.8
1,39,1,9254,1,19,133.1,1,37,37,9,4,100.0,0,0,0,1,1,0,27,0,0,6,11,3,11.333333333333334,0,0,6,10,3,14.75,0,16.2,0.3,-0.92,13.041666666666668,6,3.416666666666666,12,0.5
1,1,3,9147,1,1,133.0,1,37,37,9,5,119.7,1,0,0,1,1,0,19,0,0,5,8,5,13.25,0,0,5,6,5,11.833333333333334,0,13.9,-0.3,0.79,12.541666666666668,10,-1.416666666666666,10,1.0
1,17,1,9147,1,1,117.0,1,37,37,9,9,109.3,0,0,0,0,0,0,22,0,0,5,9,2,10.0,1,0,5,11,1,10.0,0,9.4,-0.8,-3.12,10.0,3,0.0,10,0.3
1,1,1,9500,1,1,149.0,1,38,37,9,9,139.5,0,0,0,1,1,1,18,0,0,8,8,8,15.3,0,0,8,8,8,15.3,0,9.4,-0.8,-3.12,15.3,16,0.0,16,1.0
1,17,1,9238,1,1,131.0,1,1,1,4,10,129.3,0,0,0,1,0,0,19,0,4,8,8,8,13.875,0,1,6,8,5,14.0,0,11.1,0.6,2.02,13.9375,13,0.125,14,0.9285714285714286
2,39,1,9085,1,9,133.1,1,1,1,4,4,120.0,1,0,0,0,1,0,29,0,0,5,12,0,0.0,4,0,5,8,0,0.0,1,9.4,-0.8,-3.12,0.0,0,0.0,10,0.0
2,39,1,8014,0,19,133.1,1,37,37,4,8,112.5,0,0,0,1,0,0,32,0,0,6,8,5,13.8,0,0,6,7,6,12.166666666666666,0,9.4,-0.8,-3.12,12.983333333333334,11,-1.6333333333333346,12,0.9166666666666666
1,18,1,9147,1,1,119.0,1,37,37,7,7,112.0,1,0,0,0,1,0,20,0,0,5,5,0,0.0,0,0,5,0,0,0.0,0,9.4,-0.8,-3.12,0.0,0,0.0,10,0.0
2,42,1,9070,1,1,170.0,1,37,25,0,4,148.5,0,0,0,1,1,0,47,0,8,10,14,8,14.625,0,5,7,7,5,13.4,0,9.4,-0.8,-3.12,14.0125,13,-1.2249999999999996,17,0.7647058823529411
1,1,3,9085,1,1,138.0,1,1,1,4,8,128.7,1,0,0,1,0,0,18,0,0,6,7,6,14.666666666666666,0,0,6,12,6,13.833333333333334,0,8.9,1.4,3.51,14.25,12,-0.8333333333333321,12,1.0
1,1,1,171,1,1,122.0,1,37,37,9,3,115.7,1,0,0,1,0,0,20,0,0,0,0,0,0.0,0,0,0,0,0,0.0,0,9.4,-0.8,-3.12,0.0,0,0.0,0,0.0
1,44,1,9003,1,39,130.0,1,3,1,4,6,130.0,0,0,0,1,1,0,19,0,0,6,8,5,11.5,0,0,6,11,6,11.333333333333334,0,12.4,0.5,1.79,11.416666666666668,11,-0.16666666666666607,12,0.9166666666666666
1,1,4,9147,1,1,116.0,1,1,1,3,4,113.6,1,0,0,1,0,1,22,0,0,5,6,3,14.0,0,0,5,8,5,12.4,0,11.1,0.6,2.02,13.2,8,-1.5999999999999996,10,0.8
1,1,1,9773,1,1,133.0,1,1,3,3,3,135.8,1,0,0,1,0,0,19,0,0,6,6,6,15.0,0,0,6,6,6,13.333333333333334,0,11.1,0.6,2.02,14.166666666666668,12,-1.666666666666666,12,1.0
1,17,2,9147,1,1,133.0,1,19,1,9,3,120.1,1,0,0,1,0,1,18,0,0,5,15,2,10.0,0,0,5,14,2,12.0,0,13.9,-0.3,0.79,11.0,4,2.0,10,0.4
1,1,1,171,1,1,143.0,1,3,37,9,9,142.7,1,0,0,1,0,0,18,0,0,0,0,0,0.0,0,0,0,0,0,0.0,0,16.2,0.3,-0.92,0.0,0,0.0,0,0.0
1,39,1,9670,1,19,133.1,1,19,1,5,8,97.2,1,0,0,1,1,1,24,0,0,6,10,4,11.6,0,0,6,8,5,13.0,0,11.1,0.6,2.02,12.3,9,1.4000000000000004,12,0.75
1,44,1,9085,1,39,150.0,1,38,37,4,6,150.0,1,0,0,1,0,1,22,0,3,6,11,6,13.142857142857142,0,2,6,10,3,12.0,0,13.9,-0.3,0.79,12.571428571428571,9,-1.1428571428571423,12,0.75
4,39,1,9254,1,1,120.0,1,37,19,9,9,131.0,1,0,0,1,1,0,44,0,0,6,6,6,12.666666666666666,0,0,6,6,6,11.5,0,12.4,0.5,1.79,12.083333333333332,12,-1.166666666666666,12,1.0
1,7,1,9147,1,3,130.0,1,37,37,9,9,130.0,0,0,0,1,0,0,25,0,0,5,0,0,0.0,0,0,5,0,0,0.0,0,12.7,3.7,-1.7,0.0,0,0.0,10,0.0
1,17,1,9085,1,1,139.0,1,38,38,5,3,136.2,0,0,0,1,0,0,19,0,0,5,7,5,13.0,1,0,5,7,5,13.333333333333334,0,7.6,2.6,0.32,13.166666666666668,10,0.3333333333333339,10,1.0
1,1,6,9773,1,1,133.1,1,1,1,90,90,129.6,0,0,0,1,0,0,22,0,0,6,0,0,0.0,0,0,6,0,0,0.0,0,7.6,2.6,0.32,0.0,0,0.0,12,0.0
1,39,1,8014,0,1,134.0,1,37,38,4,7,110.0,1,0,0,1,0,0,24,0,0,6,10,1,10.0,0,0,6,12,0,0.0,0,9.4,-0.8,-3.12,5.0,1,-10.0,12,0.08333333333333333
1,1,3,9500,1,1,141.0,1,3,19,2,10,126.8,1,0,0,1,1,0,18,0,0,8,8,8,13.24875,0,0,8,8,8,13.24875,0,9.4,-0.8,-3.12,13.24875,16,0.0,16,1.0
1,1,4,9500,1,1,122.0,1,19,38,7,7,117.1,1,0,0,1,0,1,18,0,0,7,7,7,14.572857142857142,0,0,8,9,8,14.955555555555556,0,12.4,0.5,1.79,14.764206349206349,15,0.38269841269841365,15,1.0
1,43,2,9670,1,1,130.0,1,19,1,4,4,127.6,1,0,0,1,1,0,22,0,4,6,6,6,11.833333333333334,0,0,6,11,4,11.142857142857142,0,10.8,1.4,1.74,11.488095238095237,10,-0.6904761904761916,12,0.8333333333333334
1,1,2,9773,1,1,133.0,1,3,1,2,4,130.2,0,0,0,1,1,0,19,0,0,6,9,5,12.6,0,6,10,16,8,11.0,1,8.9,1.4,3.51,11.8,13,-1.5999999999999996,16,0.8125
1,17,1,9238,1,1,158.0,1,1,1,5,6,140.5,0,0,0,1,0,1,20,0,0,6,9,6,11.333333333333334,0,0,6,6,6,12.333333333333334,0,10.8,1.4,1.74,11.833333333333334,12,1.0,12,1.0
1,17,3,9773,1,1,132.0,1,1,1,4,9,124.3,1,0,1,1,0,1,19,0,0,6,6,6,11.833333333333334,0,0,6,7,6,12.285714285714286,0,15.5,2.8,-4.06,12.05952380952381,12,0.45238095238095255,12,1.0
1,53,1,9556,1,42,140.0,1,1,19,4,5,140.0,0,0,0,1,0,1,22,0,1,7,10,6,13.314285714285717,0,2,8,10,7,12.875,0,8.9,1.4,3.51,13.094642857142858,13,-0.4392857142857167,15,0.8666666666666667
5,39,1,9254,1,1,133.1,1,2,2,2,2,103.0,0,0,0,1,0,0,62,0,0,6,7,6,15.0,0,0,6,10,6,12.833333333333334,0,10.8,1.4,1.74,13.916666666666668,12,-2.166666666666666,12,1.0
1,39,1,9556,1,1,140.0,1,37,37,9,8,105.0,1,0,0,1,0,1,36,0,0,7,11,6,12.35,0,0,7,12,5,12.5,0,8.9,1.4,3.51,12.425,11,0.15000000000000036,14,0.7857142857142857
1,1,1,9147,1,1,150.0,1,37,37,9,6,138.5,0,0,0,1,0,1,18,0,0,5,5,5,14.0,0,0,5,6,5,13.6,0,12.4,0.5,1.79,13.8,10,-0.40000000000000036,10,1.0
1,51,1,9119,1,1,136.0,1,1,19,3,5,133.6,1,0,0,1,1,0,20,0,4,9,12,9,13.454545454545457,0,2,7,9,6,13.875,0,11.1,0.6,2.02,13.664772727272728,15,0.4204545454545432,16,0.9375
1,1,5,9773,1,1,130.0,1,34,38,0,8,128.3,1,0,0,0,0,1,18,0,0,6,12,3,12.0,0,0,6,15,3,10.666666666666666,0,7.6,2.6,0.32,11.333333333333332,6,-1.333333333333334,12,0.5
1,17,1,9070,1,1,131.0,1,19,19,7,7,125.1,0,0,0,1,1,0,18,0,0,6,7,6,12.333333333333334,0,0,6,10,5,10.8,4,16.2,0.3,-0.92,11.566666666666666,11,-1.5333333333333332,12,0.9166666666666666
1,17,4,9085,1,1,106.0,1,37,1,3,9,106.0,0,0,0,1,0,0,20,0,0,6,9,6,13.166666666666666,0,0,6,8,4,14.0,0,13.9,-0.3,0.79,13.583333333333332,10,0.8333333333333339,12,0.8333333333333334
1,1,1,9254,1,1,125.0,1,1,1,191,193,114.5,0,0,0,1,1,0,20,0,0,6,8,6,13.142857142857142,0,0,6,7,6,12.5,0,8.9,1.4,3.51,12.821428571428571,12,-0.6428571428571423,12,1.0
1,17,1,9853,1,1,128.0,1,38,38,9,7,128.4,1,0,0,1,0,1,20,0,0,6,10,5,13.2,0,0,6,12,5,12.833333333333334,0,9.4,-0.8,-3.12,13.016666666666666,10,-0.36666666666666536,12,0.8333333333333334
1,7,1,9085,1,3,150.0,1,19,37,90,90,140.0,0,0,0,1,1,0,24,0,3,5,10,3,14.666666666666666,1,0,5,5,0,0.0,0,7.6,2.6,0.32,7.333333333333333,3,-14.666666666666666,10,0.3
1,1,1,9500,1,1,125.0,1,1,1,9,4,117.0,0,0,0,1,0,1,21,0,0,8,8,8,13.2575,0,0,8,8,8,13.2575,0,9.4,-0.8,-3.12,13.2575,16,0.0,16,1.0
1,1,3,9500,1,1,143.0,1,19,37,7,7,127.0,1,0,0,1,0,0,18,0,0,8,8,8,13.07375,0,0,8,8,8,13.07375,0,9.4,-0.8,-3.12,13.07375,16,0.0,16,1.0
1,17,1,9670,1,1,141.0,1,1,19,8,7,128.8,1,0,0,1,0,0,19,0,0,6,6,6,14.833333333333334,0,0,6,8,6,13.285714285714286,0,8.9,1.4,3.51,14.05952380952381,12,-1.5476190476190474,12,1.0
1,1,4,171,1,1,139.0,1,37,38,9,9,127.8,1,0,0,1,0,0,19,0,0,0,0,0,0.0,0,0,0,0,0,0.0,0,10.8,1.4,1.74,0.0,0,0.0,0,0.0
1,18,1,9853,1,1,123.0,1,19,19,9,7,117.4,1,0,0,1,0,0,19,0,0,6,0,0,0.0,0,0,6,0,0,0.0,0,11.1,0.6,2.02,0.0,0,0.0,12,0.0
1,17,1,9070,1,1,135.0,1,19,37,5,9,145.9,0,0,0,1,0,1,18,0,0,6,6,6,12.666666666666666,0,0,6,6,6,12.166666666666666,0,16.2,0.3,-0.92,12.416666666666666,12,-0.5,12,1.0
5,7,1,9991,0,2,120.0,1,37,37,6,6,120.0,0,0,0,1,0,0,46,0,6,8,12,8,12.375,0,4,9,11,5,12.4,0,8.9,1.4,3.51,12.3875,13,0.025000000000000355,17,0.7647058823529411
1,1,1,9070,1,1,145.0,1,1,38,5,7,127.5,1,0,0,1,1,0,20,0,0,6,6,4,12.0,0,0,6,8,2,11.333333333333334,0,10.8,1.4,1.74,11.666666666666668,6,-0.6666666666666661,12,0.5
1,43,1,9500,1,1,130.0,1,38,38,9,5,100.0,0,0,0,1,0,0,20,0,0,7,11,6,11.616666666666667,0,0,7,7,7,13.0,0,13.9,-0.3,0.79,12.308333333333334,13,1.3833333333333329,14,0.9285714285714286
2,7,1,9670,1,3,110.0,1,37,37,7,7,110.0,0,0,0,1,0,0,32,0,4,11,15,8,13.6,0,2,8,10,8,15.11111111111111,0,13.9,-0.3,0.79,14.355555555555554,16,1.511111111111111,19,0.8421052631578947
1,51,1,9070,1,1,130.0,1,19,19,5,7,124.5,0,0,0,1,0,1,20,0,5,11,11,11,13.818181818181818,0,5,11,11,11,13.454545454545457,0,11.1,0.6,2.02,13.636363636363637,22,-0.36363636363636154,22,1.0
1,1,1,9085,1,1,140.0,1,3,1,2,4,124.1,0,0,0,1,0,0,18,0,0,5,12,5,14.5,2,0,5,5,5,13.6,0,9.4,-0.8,-3.12,14.05,10,-0.9000000000000004,10,1.0
1,1,4,9147,1,1,126.0,1,1,19,4,8,120.1,1,0,0,1,0,0,19,0,0,5,7,5,12.4,0,0,5,5,5,14.6,0,8.9,1.4,3.51,13.5,10,2.1999999999999993,10,1.0
1,17,4,9238,1,1,140.0,1,19,37,9,9,130.2,1,0,0,1,0,1,18,0,0,6,8,6,12.75,0,0,6,10,6,12.166666666666666,0,12.7,3.7,-1.7,12.458333333333332,12,-0.5833333333333339,12,1.0
1,39,1,9085,1,19,133.1,1,19,19,9,7,140.0,0,0,1,0,0,0,24,0,2,6,11,3,11.75,0,1,6,14,3,10.333333333333334,0,16.2,0.3,-0.92,11.041666666666668,6,-1.416666666666666,12,0.5
1,1,2,9085,1,1,130.0,1,1,38,5,5,122.3,1,0,0,1,0,0,18,0,0,5,10,5,14.333333333333334,2,0,5,8,5,13.0,1,9.4,-0.8,-3.12,13.666666666666668,10,-1.333333333333334,10,1.0
1,17,5,9853,1,1,132.0,1,12,12,4,4,123.3,1,0,0,1,0,0,21,0,0,6,13,4,11.5,0,0,6,10,3,11.0,0,10.8,1.4,1.74,11.25,7,-0.5,12,0.5833333333333334
1,1,2,9670,1,1,111.0,1,19,19,9,9,114.2,1,0,0,1,0,0,18,0,0,6,9,4,13.2,0,0,6,10,5,12.8,0,12.4,0.5,1.79,13.0,9,-0.3999999999999986,12,0.75
1,17,1,9147,1,1,120.0,1,3,3,2,2,112.0,0,0,0,1,0,0,20,0,0,5,10,4,11.0,0,0,5,7,4,11.5,0,15.5,2.8,-4.06,11.25,8,0.5,10,0.8
1,18,1,9238,1,1,137.0,1,19,38,5,8,137.4,1,0,0,1,0,0,18,0,0,6,10,1,12.0,0,0,6,14,2,11.0,0,10.8,1.4,1.74,11.5,3,-1.0,12,0.25
1,39,1,9670,1,1,120.0,1,38,37,7,7,140.0,0,0,0,1,1,0,24,0,0,6,15,4,10.5,0,0,6,16,4,12.5,0,15.5,2.8,-4.06,11.5,8,2.0,12,0.6666666666666666
1,1,3,9500,1,1,142.0,1,1,1,4,7,131.0,1,0,0,1,0,0,18,0,0,8,8,7,14.7,0,0,8,8,7,14.7,0,10.8,1.4,1.74,14.7,14,0.0,16,0.875
1,17,5,9773,1,1,113.0,1,38,38,191,175,110.2,1,0,1,1,0,0,19,0,0,6,6,5,11.6,0,0,6,6,6,12.5,0,8.9,1.4,3.51,12.05,11,0.9000000000000004,12,0.9166666666666666
1,39,2,9670,1,1,140.0,1,34,34,0,0,97.0,1,0,0,1,0,0,28,0,0,5,5,0,0.0,0,0,5,5,0,0.0,0,7.6,2.6,0.32,0.0,0,0.0,10,0.0
1,1,1,9147,1,1,120.0,1,34,34,99,99,111.6,0,0,1,1,1,1,21,0,0,5,5,5,12.6,0,0,5,9,3,12.833333333333334,0,10.8,1.4,1.74,12.716666666666667,8,0.23333333333333428,10,0.8
1,7,1,9119,1,1,140.8,1,34,34,0,0,134.0,0,0,0,1,1,0,24,0,0,5,0,0,0.0,0,0,5,0,0,0.0,0,7.6,2.6,0.32,0.0,0,0.0,10,0.0
1,17,1,9085,1,1,131.0,1,1,3,4,1,129.3,1,0,0,1,0,0,19,0,0,5,10,4,11.25,1,0,5,10,3,10.333333333333334,0,12.7,3.7,-1.7,10.791666666666668,7,-0.9166666666666661,10,0.7
1,17,2,9500,1,1,135.0,1,19,19,9,4,129.8,1,0,0,1,0,0,18,0,0,7,8,7,13.175,0,0,8,8,8,14.875,0,13.9,-0.3,0.79,14.025,15,1.6999999999999993,15,1.0
1,17,1,9500,1,1,135.0,1,19,38,9,9,129.2,0,0,0,1,0,1,18,0,0,7,7,7,14.145714285714286,0,0,8,9,8,13.627777777777778,0,11.1,0.6,2.02,13.886746031746032,15,-0.5179365079365077,15,1.0
1,1,1,9500,1,1,141.0,1,37,38,6,6,125.6,1,0,0,1,0,1,22,0,0,7,9,6,13.081666666666669,0,0,8,12,6,13.15,0,11.1,0.6,2.02,13.115833333333335,12,0.06833333333333158,15,0.8
1,1,2,9670,1,1,122.0,1,1,19,4,4,116.1,0,0,0,1,1,1,19,0,0,6,10,6,13.125,0,0,6,9,6,12.714285714285714,0,11.1,0.6,2.02,12.919642857142858,12,-0.4107142857142865,12,1.0
1,17,2,9773,1,1,125.0,1,1,38,5,6,115.9,1,0,0,1,0,0,18,0,0,6,6,6,13.0,0,0,6,6,6,14.166666666666666,0,12.4,0.5,1.79,13.583333333333332,12,1.166666666666666,12,1.0
1,1,3,9070,1,1,125.0,1,1,38,9,7,118.0,0,0,0,1,0,1,18,0,0,6,6,6,14.333333333333334,0,0,6,7,6,14.0,0,11.1,0.6,2.02,14.166666666666668,12,-0.3333333333333339,12,1.0
1,39,2,9556,1,1,130.0,1,37,37,9,9,159.0,1,0,0,1,0,0,25,0,0,7,11,7,11.857142857142858,0,0,8,21,5,11.7,0,12.4,0.5,1.79,11.778571428571428,12,-0.15714285714285836,15,0.8
1,17,2,9119,1,1,135.0,1,12,19,5,5,121.0,0,0,0,1,1,0,19,0,0,5,0,0,0.0,0,0,5,0,0,0.0,0,12.4,0.5,1.79,0.0,0,0.0,10,0.0
1,7,1,9119,1,3,130.0,1,34,34,90,90,130.0,0,0,0,1,1,0,26,0,0,5,5,0,0.0,0,0,5,6,0,0.0,0,10.8,1.4,1.74,0.0,0,0.0,10,0.0
1,17,6,9670,1,1,125.0,1,38,1,9,7,125.0,1,0,0,1,1,0,20,0,0,6,8,4,14.25,0,0,6,10,5,14.0,0,10.8,1.4,1.74,14.125,9,-0.25,12,0.75
4,7,1,9147,1,3,130.0,1,19,1,5,5,130.0,0,0,0,1,0,0,35,0,0,5,5,0,0.0,0,0,5,5,0,0.0,0,11.1,0.6,2.02,0.0,0,0.0,10,0.0
1,17,1,9130,1,1,156.0,1,2,9,3,5,166.9,0,0,0,1,0,0,18,0,0,5,9,4,11.25,0,0,5,6,4,12.5,0,7.6,2.6,0.32,11.875,8,1.25,10,0.8
1,1,4,9500,1,1,128.0,1,19,1,4,4,124.3,1,0,0,1,1,0,19,0,0,8,8,7,12.665714285714284,0,0,8,8,7,12.665714285714284,0,10.8,1.4,1.74,12.665714285714284,14,0.0,16,0.875
1,18,1,9130,1,1,146.0,1,3,3,5,2,137.8,0,0,0,1,1,0,18,0,0,6,11,5,13.6,0,0,6,13,3,12.666666666666666,0,13.9,-0.3,0.79,13.133333333333333,8,-0.9333333333333336,12,0.6666666666666666
1,17,1,9238,1,1,128.0,1,38,19,191,175,118.6,1,0,0,1,0,1,21,0,0,6,8,5,13.2,0,0,6,7,5,11.8,0,8.9,1.4,3.51,12.5,10,-1.3999999999999986,12,0.8333333333333334
1,39,1,9500,1,19,133.1,1,37,37,9,7,116.0,0,0,0,1,0,1,26,0,0,7,8,6,10.983333333333334,0,0,7,8,6,10.983333333333334,0,7.6,2.6,0.32,10.983333333333334,12,0.0,14,0.8571428571428571
1,51,1,8014,0,42,140.0,1,19,37,134,193,138.0,1,0,1,1,0,1,21,0,13,13,13,11,12.727272727272728,0,9,11,11,10,12.6,0,8.9,1.4,3.51,12.663636363636364,21,-0.12727272727272876,24,0.875
1,43,2,9147,1,1,130.0,1,34,37,9,9,118.5,1,0,0,1,1,0,23,0,5,10,19,8,11.625,1,4,10,16,10,11.181818181818182,3,7.6,2.6,0.32,11.40340909090909,18,-0.44318181818181834,20,0.9
1,1,6,9500,1,1,150.0,1,37,38,9,9,131.5,1,0,0,1,0,1,19,0,0,8,8,7,12.657142857142857,0,0,8,8,7,12.657142857142857,0,12.7,3.7,-1.7,12.657142857142857,14,0.0,16,0.875
1,17,5,9773,1,1,122.0,1,38,38,7,7,123.1,1,0,0,0,0,0,19,0,0,6,12,3,11.0,0,0,6,12,3,12.0,0,9.4,-0.8,-3.12,11.5,6,1.0,12,0.5
1,1,3,9773,1,1,135.0,1,1,1,3,5,130.1,1,0,0,1,0,0,18,0,0,6,6,6,13.666666666666666,0,0,6,7,6,13.0,0,15.5,2.8,-4.06,13.333333333333332,12,-0.6666666666666661,12,1.0
1,43,1,9130,1,6,133.1,1,1,29,4,90,123.3,1,0,0,1,0,1,21,0,0,5,7,0,0.0,0,0,5,5,0,0.0,0,7.6,2.6,0.32,0.0,0,0.0,10,0.0
1,17,3,9500,1,1,140.0,1,3,2,3,3,126.4,1,0,0,1,0,0,18,0,0,7,7,7,13.884285714285712,0,0,8,9,8,14.75,0,11.1,0.6,2.02,14.317142857142855,15,0.8657142857142883,15,1.0
1,17,1,9773,1,1,122.0,1,1,1,4,7,116.8,1,0,1,1,0,0,18,0,0,6,6,6,11.666666666666666,0,0,6,6,6,12.333333333333334,0,16.2,0.3,-0.92,12.0,12,0.6666666666666679,12,1.0
1,17,1,9238,1,1,120.0,1,37,1,9,5,113.4,1,0,0,1,0,1,20,0,0,6,10,5,11.857142857142858,0,0,6,8,6,11.666666666666666,0,12.7,3.7,-1.7,11.761904761904763,11,-0.19047619047619158,12,0.9166666666666666
1,17,1,9070,1,1,137.0,1,1,1,1,5,131.8,0,0,0,1,0,1,22,0,0,6,7,6,12.166666666666666,0,0,6,9,4,12.0,0,9.4,-0.8,-3.12,12.083333333333332,10,-0.16666666666666607,12,0.8333333333333334
1,17,1,9119,1,1,142.0,1,19,38,9,7,127.3,0,0,0,1,1,0,18,0,0,5,10,3,11.0,0,0,5,6,3,11.0,1,16.2,0.3,-0.92,11.0,6,0.0,10,0.6
1,17,5,9070,1,1,122.0,1,19,38,5,7,119.6,0,0,1,0,0,0,21,0,0,6,6,4,13.0,0,0,6,8,4,11.6,0,10.8,1.4,1.74,12.3,8,-1.4000000000000004,12,0.6666666666666666
1,1,1,9147,1,1,140.0,1,19,19,7,3,120.0,1,0,0,1,1,0,21,0,0,5,8,3,10.0,0,0,5,10,4,11.0,0,12.7,3.7,-1.7,10.5,7,1.0,10,0.7
1,39,2,9556,1,1,130.0,1,19,19,4,5,100.0,0,0,0,1,1,1,25,0,0,7,7,2,10.0,0,0,7,7,0,0.0,0,15.5,2.8,-4.06,5.0,2,-10.0,14,0.14285714285714285
1,39,1,9991,0,1,120.0,1,38,38,5,7,146.2,0,0,0,1,0,0,27,0,0,5,10,3,12.333333333333334,0,0,5,10,3,10.666666666666666,0,11.1,0.6,2.02,11.5,6,-1.6666666666666679,10,0.6
1,39,1,9085,1,12,133.1,1,37,37,10,9,144.0,0,0,0,1,1,0,51,0,0,6,0,0,0.0,0,0,6,0,0,0.0,0,12.4,0.5,1.79,0.0,0,0.0,12,0.0
1,1,4,9254,1,1,132.0,1,1,38,5,6,122.6,1,0,0,1,0,1,18,0,0,6,7,6,12.285714285714286,0,0,6,6,6,12.0,0,8.9,1.4,3.51,12.142857142857142,12,-0.2857142857142865,12,1.0
1,39,1,9130,1,19,133.1,1,37,37,9,10,156.4,1,0,1,1,1,0,44,0,0,6,9,5,11.571428571428571,0,0,6,11,0,0.0,0,13.9,-0.3,0.79,5.785714285714286,5,-11.571428571428571,12,0.4166666666666667
1,43,1,9130,1,1,130.0,1,1,1,1,1,130.0,1,0,0,1,1,0,33,0,0,5,12,1,13.0,2,0,5,7,3,14.0,0,9.4,-0.8,-3.12,13.5,4,1.0,10,0.4
1,39,1,9085,1,19,133.1,1,19,37,7,90,104.0,0,0,0,1,0,0,26,0,0,5,11,1,12.0,1,0,5,12,0,0.0,4,10.8,1.4,1.74,6.0,1,-12.0,10,0.1
1,1,2,9773,1,1,130.0,1,19,38,3,9,126.5,1,0,0,1,0,0,18,0,0,6,8,4,12.5,0,0,6,6,5,12.6,0,12.7,3.7,-1.7,12.55,9,0.09999999999999964,12,0.75
1,1,1,9500,1,1,165.0,1,19,37,5,5,142.3,0,0,0,1,0,1,18,0,0,8,8,7,14.428571428571429,0,0,8,8,7,14.428571428571429,0,12.7,3.7,-1.7,14.428571428571429,14,0.0,16,0.875
1,39,1,9991,0,9,133.1,1,37,34,90,90,118.1,1,0,0,1,0,0,39,0,0,5,9,0,0.0,0,0,5,5,2,12.5,0,7.6,2.6,0.32,6.25,2,12.5,10,0.2
1,7,1,9003,1,3,130.0,1,1,19,5,9,130.0,0,0,0,1,1,0,27,0,0,6,8,0,0.0,0,0,6,10,0,0.0,0,16.2,0.3,-0.92,0.0,0,0.0,12,0.0
1,1,1,9147,1,1,118.0,1,1,2,10,10,117.3,1,0,0,1,0,0,19,0,0,5,9,4,12.25,0,0,5,10,4,12.0,0,8.9,1.4,3.51,12.125,8,-0.25,10,0.8
1,1,3,9773,1,1,110.0,1,19,19,5,5,105.5,1,0,0,1,0,0,19,0,0,6,6,6,13.0,0,0,6,8,5,12.4,0,12.4,0.5,1.79,12.7,11,-0.5999999999999996,12,0.9166666666666666
1,17,2,9119,1,1,120.0,1,10,12,9,9,120.4,1,0,0,1,1,0,20,0,0,5,6,3,11.0,0,0,5,6,0,0.0,0,10.8,1.4,1.74,5.5,3,-11.0,10,0.3
1,44,1,9085,1,39,150.0,1,38,37,9,4,150.0,1,0,0,1,1,1,22,0,0,6,9,6,13.428571428571429,0,1,6,12,6,13.625,0,12.4,0.5,1.79,13.526785714285715,12,0.19642857142857117,12,1.0
1,1,1,9670,1,1,154.0,1,1,1,5,7,154.7,0,0,0,1,0,1,18,0,0,5,6,5,11.8,0,0,5,5,5,12.6,0,9.4,-0.8,-3.12,12.2,10,0.7999999999999989,10,1.0
1,17,1,9238,1,1,133.1,1,1,38,9,7,110.5,0,0,0,1,0,0,19,0,0,6,10,6,14.25,0,0,6,7,6,14.0,0,16.2,0.3,-0.92,14.125,12,-0.25,12,1.0
1,1,3,9773,1,1,131.0,1,1,1,4,4,127.2,1,0,0,1,0,1,18,0,0,6,6,6,13.166666666666666,0,0,6,7,5,13.2,0,12.4,0.5,1.79,13.183333333333334,11,0.033333333333333215,12,0.9166666666666666
1,1,2,9853,1,1,112.0,1,37,37,191,182,106.1,1,0,1,1,0,1,20,0,0,7,7,7,13.857142857142858,0,0,7,8,7,12.571428571428571,0,8.9,1.4,3.51,13.214285714285715,14,-1.2857142857142865,14,1.0
1,1,1,9853,1,1,128.0,1,38,37,9,9,124.9,0,0,0,1,0,1,19,0,0,6,6,6,12.5,0,0,6,6,6,12.833333333333334,0,12.7,3.7,-1.7,12.666666666666668,12,0.3333333333333339,12,1.0
1,17,2,9500,1,1,145.0,1,2,38,3,8,136.3,1,0,0,1,0,0,18,0,0,8,12,7,12.285714285714286,0,0,8,12,7,12.285714285714286,0,12.7,3.7,-1.7,12.285714285714286,14,0.0,16,0.875
1,43,4,9500,1,6,118.9,1,38,37,5,9,118.9,1,0,0,1,0,1,19,0,0,7,7,6,13.55,0,0,7,7,6,13.55,0,7.6,2.6,0.32,13.55,12,0.0,14,0.8571428571428571
1,1,1,9853,1,1,137.0,1,37,37,9,9,132.8,1,0,0,1,0,0,18,0,0,6,7,6,13.333333333333334,0,0,6,8,5,11.8,0,7.6,2.6,0.32,12.566666666666666,11,-1.5333333333333332,12,0.9166666666666666
1,17,1,9130,1,1,117.0,1,19,19,4,4,113.5,1,0,0,1,0,0,19,0,0,6,8,6,11.333333333333334,0,0,6,12,4,13.75,0,8.9,1.4,3.51,12.541666666666668,10,2.416666666666666,12,0.8333333333333334
2,39,1,9147,1,1,140.0,1,37,37,9,9,127.7,1,0,0,1,0,0,31,0,0,5,8,3,11.0,0,0,5,9,2,11.5,0,7.6,2.6,0.32,11.25,5,0.5,10,0.5
2,44,1,9991,0,39,130.0,1,1,37,4,9,130.0,0,0,0,0,0,0,21,0,0,5,12,3,11.333333333333334,0,0,5,10,1,13.0,0,15.5,2.8,-4.06,12.166666666666668,4,1.666666666666666,10,0.4
1,39,1,9147,1,12,133.1,1,1,1,9,4,140.0,1,0,1,0,1,0,24,0,0,5,5,0,0.0,0,0,5,5,0,0.0,0,12.7,3.7,-1.7,0.0,0,0.0,10,0.0
1,39,1,9147,1,1,133.1,41,38,38,9,8,134.8,0,0,0,1,0,0,24,1,0,5,12,2,10.5,0,0,5,9,4,10.0,2,16.2,0.3,-0.92,10.25,6,-0.5,10,0.6
1,1,1,9991,0,1,140.0,1,37,37,9,9,124.6,0,0,0,1,0,0,29,0,0,5,11,5,11.4,0,0,5,10,4,10.25,0,15.5,2.8,-4.06,10.825,9,-1.1500000000000004,10,0.9
2,39,1,9991,0,1,147.0,1,34,34,90,90,111.7,1,0,0,1,0,0,28,0,0,5,10,0,0.0,0,0,5,5,0,0.0,0,7.6,2.6,0.32,0.0,0,0.0,10,0.0
1,1,2,9556,1,1,136.0,1,19,19,9,9,129.5,1,0,0,1,0,0,18,0,0,7,9,7,15.155555555555557,0,0,8,8,8,16.8,0,12.7,3.7,-1.7,15.977777777777778,15,1.644444444444444,15,1.0
1,1,6,9500,1,1,130.0,1,38,19,5,6,125.1,1,0,0,1,0,0,18,0,0,7,11,7,13.37,0,0,8,13,7,12.833333333333334,0,15.5,2.8,-4.06,13.101666666666667,14,-0.5366666666666653,15,0.9333333333333333
1,5,1,9853,1,1,119.0,1,1,38,5,8,118.3,1,0,0,1,0,0,22,0,0,6,11,3,15.0,0,0,6,11,4,10.25,0,9.4,-0.8,-3.12,12.625,7,-4.75,12,0.5833333333333334
1,17,1,9254,1,1,113.0,1,1,37,9,10,117.2,1,0,0,1,0,0,20,0,0,6,8,5,11.2,0,0,6,12,3,11.666666666666666,0,7.6,2.6,0.32,11.433333333333334,8,0.4666666666666668,12,0.6666666666666666
1,1,1,9147,1,1,135.0,1,38,19,9,5,126.3,0,0,0,1,1,0,18,0,0,5,11,2,13.5,0,0,5,11,3,12.333333333333334,0,8.9,1.4,3.51,12.916666666666668,5,-1.166666666666666,10,0.5
1,39,1,9991,0,1,133.1,1,37,37,9,9,126.3,0,0,0,1,0,1,26,0,0,5,7,0,0.0,0,0,5,8,0,0.0,0,16.2,0.3,-0.92,0.0,0,0.0,10,0.0
1,39,1,8014,0,1,133.1,1,37,37,9,9,112.5,0,0,0,1,0,1,30,0,0,7,7,6,14.666666666666666,1,0,6,7,6,14.333333333333334,0,10.8,1.4,1.74,14.5,12,-0.33333333333333215,13,0.9230769230769231
1,1,1,9991,0,1,143.0,1,19,37,5,8,135.0,0,0,0,1,0,1,20,0,0,5,5,5,12.4,0,0,5,6,5,12.833333333333334,0,10.8,1.4,1.74,12.616666666666667,10,0.43333333333333357,10,1.0
1,1,1,9773,1,1,146.0,1,1,3,4,1,135.2,1,0,0,1,1,0,18,0,0,6,7,6,14.166666666666666,0,0,6,6,6,12.833333333333334,0,9.4,-0.8,-3.12,13.5,12,-1.3333333333333321,12,1.0
1,15,1,9119,1,1,130.0,26,38,3,9,2,137.0,1,0,0,1,1,0,19,1,0,5,9,5,14.0,0,0,5,11,3,13.25,0,13.9,-0.3,0.79,13.625,8,-0.75,10,0.8
1,18,6,9500,1,1,142.0,1,38,37,9,5,128.0,1,0,0,0,0,0,19,0,0,7,14,0,0.0,0,0,8,0,0,0.0,0,11.1,0.6,2.02,0.0,0,0.0,15,0.0
1,51,1,9853,1,1,139.0,1,1,1,4,10,134.0,0,0,0,1,0,0,21,0,0,6,0,0,0.0,0,0,6,0,0,0.0,0,12.4,0.5,1.79,0.0,0,0.0,12,0.0
1,39,1,9119,1,1,133.1,1,37,19,9,3,123.0,0,0,0,1,1,1,28,0,0,5,16,3,14.333333333333334,0,0,5,9,5,12.428571428571429,0,9.4,-0.8,-3.12,13.380952380952381,8,-1.904761904761905,10,0.8
1,17,2,9773,1,1,126.0,1,37,38,5,5,129.5,1,0,1,0,0,0,18,0,0,6,9,5,12.2,0,0,6,9,4,11.75,0,10.8,1.4,1.74,11.975,9,-0.4499999999999993,12,0.75
1,1,4,9500,1,1,148.0,1,1,37,4,8,132.0,1,0,0,1,0,0,18,0,0,7,7,6,13.45,0,0,7,7,6,13.45,0,7.6,2.6,0.32,13.45,12,0.0,14,0.8571428571428571
2,39,1,9130,1,1,130.0,1,1,19,6,6,154.0,1,0,0,1,1,0,37,0,1,5,12,3,12.0,2,1,5,8,4,13.0,1,10.8,1.4,1.74,12.5,7,1.0,10,0.7
1,1,1,9147,1,1,129.0,1,37,37,9,7,117.8,0,0,0,1,0,1,19,0,0,5,6,4,11.0,0,0,5,9,4,13.857142857142858,0,10.8,1.4,1.74,12.428571428571429,8,2.8571428571428577,10,0.8
1,17,1,9254,1,1,127.0,1,1,1,4,8,126.7,1,0,0,0,1,0,22,0,0,1,1,0,0.0,0,0,6,0,0,0.0,0,12.4,0.5,1.79,0.0,0,0.0,7,0.0
1,7,1,9070,1,3,140.0,1,37,2,9,3,140.0,0,0,0,0,0,0,23,0,0,3,3,2,10.0,0,0,6,0,0,0.0,0,10.8,1.4,1.74,5.0,2,-10.0,9,0.2222222222222222
1,7,1,9853,1,3,140.0,1,34,34,0,0,140.0,1,0,0,0,0,0,24,0,0,6,12,0,0.0,0,0,5,10,0,0.0,0,9.4,-0.8,-3.12,0.0,0,0.0,11,0.0
1,43,1,9556,1,1,128.0,1,38,38,7,8,123.5,1,0,0,1,0,0,22,0,0,7,14,6,10.744444444444444,1,0,8,10,8,11.8375,0,12.7,3.7,-1.7,11.290972222222223,14,1.0930555555555568,15,0.9333333333333333
2,39,1,9853,1,1,130.0,1,37,19,7,3,140.0,0,0,1,1,0,1,34,0,0,6,7,6,16.142857142857142,0,0,6,10,6,16.2,0,9.4,-0.8,-3.12,16.17142857142857,12,0.05714285714285694,12,1.0
1,18,2,9500,1,1,141.0,24,1,1,4,3,126.8,1,0,0,1,0,1,20,1,0,8,8,8,14.2,0,0,8,8,8,14.2,0,9.4,-0.8,-3.12,14.2,16,0.0,16,1.0
1,17,1,9254,1,1,111.0,1,19,19,3,10,117.7,0,0,0,1,0,0,20,0,0,6,8,5,10.8,0,0,6,9,4,11.5,0,9.4,-0.8,-3.12,11.15,9,0.6999999999999993,12,0.75
1,16,1,171,1,1,145.0,1,3,3,3,3,155.0,1,0,0,1,0,0,24,0,11,17,19,11,12.909090909090908,0,9,13,15,9,13.555555555555555,0,12.4,0.5,1.79,13.232323232323232,20,0.6464646464646471,30,0.6666666666666666
1,17,2,9147,1,1,129.0,1,2,3,2,2,128.3,1,0,0,1,0,0,19,0,0,5,10,3,11.0,0,0,5,9,4,11.75,0,12.7,3.7,-1.7,11.375,7,0.75,10,0.7
1,1,4,9147,1,1,108.0,1,3,1,3,4,109.1,1,0,0,1,1,0,19,0,0,5,5,0,0.0,0,0,5,5,0,0.0,0,12.4,0.5,1.79,0.0,0,0.0,10,0.0
1,39,1,9003,1,1,120.0,1,3,4,2,2,120.0,0,0,0,1,1,0,27,0,0,6,10,5,13.0,0,0,6,13,5,11.5,0,16.2,0.3,-0.92,12.25,10,-1.5,12,0.8333333333333334
1,18,5,9119,1,1,136.0,1,3,2,2,3,125.2,1,0,0,1,1,0,19,0,0,5,9,5,11.833333333333334,0,0,5,9,5,14.714285714285714,0,12.4,0.5,1.79,13.273809523809524,10,2.8809523809523796,10,1.0
1,1,1,9773,1,1,160.0,1,1,38,4,7,146.5,0,0,0,1,0,1,18,0,0,6,7,6,13.428571428571429,0,0,6,10,6,13.5,0,13.9,-0.3,0.79,13.464285714285715,12,0.07142857142857117,12,1.0
1,1,6,171,1,1,126.0,1,10,10,4,4,130.2,1,0,0,1,1,1,18,0,0,0,0,0,0.0,0,0,0,0,0,0.0,0,9.4,-0.8,-3.12,0.0,0,0.0,0,0.0
4,42,1,9147,1,1,133.1,1,37,38,7,3,123.0,1,0,0,1,1,0,33,0,0,5,5,1,10.0,0,0,5,5,0,0.0,0,7.6,2.6,0.32,5.0,1,-10.0,10,0.1
1,1,3,9500,1,1,142.0,1,37,38,9,9,137.3,1,0,0,1,0,1,22,0,0,7,7,6,13.9,0,0,7,7,6,13.9,0,7.6,2.6,0.32,13.9,12,0.0,14,0.8571428571428571
1,39,1,9085,1,3,150.0,1,2,3,4,7,173.3,1,0,0,1,0,0,25,0,1,6,7,6,16.857142857142858,0,1,6,6,6,16.5,0,13.9,-0.3,0.79,16.67857142857143,12,-0.35714285714285765,12,1.0
1,5,3,9070,1,1,157.0,1,3,1,9,6,138.1,1,0,0,1,0,0,18,0,0,6,6,6,12.666666666666666,0,0,6,8,6,14.125,0,10.8,1.4,1.74,13.395833333333332,12,1.458333333333334,12,1.0
1,17,4,9254,1,1,130.0,1,19,1,5,5,130.0,1,0,0,1,1,0,18,0,0,6,7,4,11.0,0,0,6,7,3,11.25,0,16.2,0.3,-0.92,11.125,7,0.25,12,0.5833333333333334
2,43,1,9991,0,2,120.0,1,37,37,9,9,120.0,0,0,0,0,0,0,38,0,9,12,12,9,12.22222222222222,2,9,12,12,9,13.0,0,9.4,-0.8,-3.12,12.61111111111111,18,0.7777777777777803,24,0.75
1,1,1,9085,1,1,143.0,1,19,38,9,9,133.4,1,0,0,1,0,0,19,0,0,6,7,6,16.0,0,0,6,8,6,15.875,0,12.4,0.5,1.79,15.9375,12,-0.125,12,1.0
1,1,1,9238,1,1,136.0,1,19,38,9,9,121.7,0,1,0,1,0,1,20,0,0,6,9,6,11.875,0,0,6,7,6,14.428571428571429,0,16.2,0.3,-0.92,13.151785714285715,12,2.553571428571429,12,1.0
1,1,1,9853,1,1,153.0,1,1,19,9,4,139.7,1,0,0,1,0,1,19,0,0,7,7,7,13.428571428571429,0,0,7,7,7,14.857142857142858,0,11.1,0.6,2.02,14.142857142857142,14,1.4285714285714288,14,1.0
1,44,1,9003,1,39,140.0,1,19,19,4,4,140.0,1,0,0,0,1,0,21,0,0,6,17,2,12.5,0,0,6,10,0,0.0,0,16.2,0.3,-0.92,6.25,2,-12.5,12,0.16666666666666666
1,1,5,9500,1,1,151.0,1,1,1,9,9,127.8,0,0,0,1,0,1,18,0,0,8,8,7,13.671428571428573,0,0,8,8,7,13.671428571428573,0,12.7,3.7,-1.7,13.671428571428573,14,0.0,16,0.875
1,17,2,9773,1,1,150.0,1,1,1,4,5,130.8,0,0,0,1,1,0,20,0,0,6,15,2,12.0,0,0,6,12,0,0.0,0,10.8,1.4,1.74,6.0,2,-12.0,12,0.16666666666666666
1,17,3,9147,1,1,127.0,1,37,37,5,7,116.2,0,0,0,1,1,0,18,0,0,5,10,0,0.0,1,0,5,13,0,0.0,0,9.4,-0.8,-3.12,0.0,0,0.0,10,0.0
4,39,1,9254,1,1,120.0,1,37,37,9,8,95.0,0,0,0,1,0,1,36,0,0,6,10,6,11.0,0,0,6,14,3,11.333333333333334,0,10.8,1.4,1.74,11.166666666666668,9,0.3333333333333339,12,0.75
1,17,4,9119,1,1,127.0,1,19,19,5,5,120.4,1,0,1,0,1,0,18,0,0,5,12,0,0.0,0,0,5,8,0,0.0,0,9.4,-0.8,-3.12,0.0,0,0.0,10,0.0
1,43,1,9500,1,1,157.0,1,38,3,5,2,141.4,0,0,0,1,0,0,21,0,3,7,8,7,13.3875,0,2,8,8,8,15.9,0,13.9,-0.3,0.79,14.64375,15,2.512500000000001,15,1.0
1,43,1,9773,1,1,140.0,1,3,37,3,7,116.9,0,0,0,1,1,0,32,0,6,11,15,7,11.285714285714286,0,5,7,10,6,12.333333333333334,0,13.9,-0.3,0.79,11.80952380952381,13,1.0476190476190474,18,0.7222222222222222
1,1,6,9500,1,1,138.0,1,37,37,9,8,127.2,1,0,0,1,0,1,18,0,0,7,8,7,13.26,0,0,8,8,8,14.28625,0,15.5,2.8,-4.06,13.773125,15,1.026250000000001,15,1.0
1,39,1,9003,1,1,133.1,6,1,1,192,144,129.8,0,0,0,1,1,0,24,1,0,7,7,7,13.571428571428571,0,0,6,9,5,13.4,0,8.9,1.4,3.51,13.485714285714286,12,-0.17142857142857082,13,0.9230769230769231
1,1,4,171,1,1,137.0,1,1,38,4,8,141.2,1,0,0,1,1,0,19,0,0,0,0,0,0.0,0,0,0,0,0,0.0,0,11.1,0.6,2.02,0.0,0,0.0,0,0.0
1,44,1,9003,1,1,120.0,1,1,3,144,123,120.0,0,0,0,1,1,0,19,0,0,6,17,1,11.0,0,0,6,19,0,0.0,0,16.2,0.3,-0.92,5.5,1,-11.0,12,0.08333333333333333
4,43,1,9500,1,19,100.0,1,34,34,0,0,110.0,0,0,0,1,1,0,30,0,11,14,26,12,12.52608695652174,1,11,14,26,12,12.52608695652174,1,7.6,2.6,0.32,12.52608695652174,24,0.0,28,0.8571428571428571
1,1,1,9070,1,1,123.0,1,38,38,9,5,124.8,0,0,0,0,0,1,18,0,0,6,7,5,11.8,0,0,6,7,5,13.0,0,8.9,1.4,3.51,12.4,10,1.1999999999999993,12,0.8333333333333334
1,1,3,9500,1,1,140.0,6,2,3,5,2,124.3,1,0,0,1,0,0,19,1,0,7,9,5,12.32,0,0,7,9,5,11.9,0,12.4,0.5,1.79,12.11,10,-0.41999999999999993,14,0.7142857142857143
1,39,1,9991,0,19,133.1,1,19,37,7,5,155.5,1,0,1,0,1,0,39,0,0,5,6,5,10.6,0,0,5,7,5,14.666666666666666,0,10.8,1.4,1.74,12.633333333333333,10,4.066666666666666,10,1.0
1,1,1,9238,1,1,154.0,1,38,38,9,9,156.5,1,1,0,1,0,1,18,0,0,6,8,6,11.714285714285714,0,0,6,6,6,14.666666666666666,0,12.7,3.7,-1.7,13.19047619047619,12,2.9523809523809526,12,1.0
1,1,4,171,1,1,133.1,1,1,1,9,10,110.0,1,0,0,1,0,0,20,0,0,0,0,0,0.0,0,0,0,0,0,0.0,0,16.2,0.3,-0.92,0.0,0,0.0,0,0.0
1,17,2,9238,1,1,133.0,1,1,37,7,9,127.4,1,0,0,1,0,1,18,0,0,6,8,6,12.25,0,0,6,7,6,11.857142857142858,0,12.7,3.7,-1.7,12.053571428571429,12,-0.39285714285714235,12,1.0
1,17,1,9670,1,1,134.0,1,19,37,5,5,125.3,1,0,0,1,1,1,19,0,0,6,7,4,13.75,0,0,6,10,6,11.555555555555555,0,10.8,1.4,1.74,12.652777777777779,10,-2.1944444444444446,12,0.8333333333333334
1,1,2,171,1,1,136.0,1,39,1,3,4,134.3,1,0,1,1,0,0,19,0,0,0,0,0,0.0,0,0,0,0,0,0.0,0,12.4,0.5,1.79,0.0,0,0.0,0,0.0
2,39,1,8014,0,1,130.0,1,34,34,99,99,114.8,0,0,0,1,0,0,44,0,0,6,9,6,11.166666666666666,0,1,6,15,2,11.0,1,7.6,2.6,0.32,11.083333333333332,8,-0.16666666666666607,12,0.6666666666666666
5,39,1,9003,1,1,180.0,1,1,1,4,8,179.6,0,0,1,0,0,0,27,0,0,6,6,0,0.0,0,0,6,7,0,0.0,0,8.9,1.4,3.51,0.0,0,0.0,12,0.0
1,39,1,9670,1,1,133.1,1,1,19,4,9,140.0,0,0,0,1,1,1,25,0,0,6,8,6,12.285714285714286,0,0,6,6,6,13.0,0,15.5,2.8,-4.06,12.642857142857142,12,0.7142857142857135,12,1.0
2,39,1,9556,1,1,120.0,1,37,37,9,4,150.0,0,0,0,0,0,0,50,0,0,7,18,6,10.25,0,0,7,14,4,11.25,0,12.7,3.7,-1.7,10.75,10,1.0,14,0.7142857142857143
1,39,1,9991,0,1,150.0,1,3,1,3,9,154.0,0,0,0,1,0,0,27,0,0,5,5,0,0.0,0,0,5,6,0,0.0,0,12.4,0.5,1.79,0.0,0,0.0,10,0.0
1,1,2,171,1,1,152.0,1,38,19,9,9,151.7,1,0,0,1,0,1,24,0,0,0,0,0,0.0,0,0,0,0,0,0.0,0,11.1,0.6,2.02,0.0,0,0.0,0,0.0
1,43,1,8014,0,1,113.0,1,37,37,0,6,128.2,0,0,0,0,0,0,41,0,0,6,6,0,0.0,6,0,6,12,0,0.0,0,9.4,-0.8,-3.12,0.0,0,0.0,12,0.0
1,39,1,9003,1,19,133.1,1,37,37,9,9,100.0,0,0,0,1,0,0,60,0,0,6,10,6,12.75,0,0,6,6,4,14.75,0,13.9,-0.3,0.79,13.75,10,2.0,12,0.8333333333333334
1,1,1,171,1,1,138.0,1,1,1,4,3,141.5,0,0,0,1,1,0,19,0,0,0,0,0,0.0,0,0,0,0,0,0.0,0,7.6,2.6,0.32,0.0,0,0.0,0,0.0
1,1,2,9853,1,1,112.0,1,3,1,3,5,111.0,0,0,0,1,0,0,21,0,0,6,8,5,13.2,0,0,6,9,5,14.333333333333334,0,9.4,-0.8,-3.12,13.766666666666666,10,1.1333333333333346,12,0.8333333333333334
1,39,1,9991,0,1,120.0,1,34,34,0,0,120.5,1,0,0,1,1,0,30,0,0,5,5,2,11.0,0,0,5,5,0,0.0,0,7.6,2.6,0.32,5.5,2,-11.0,10,0.2
1,1,1,9254,1,1,133.1,1,3,1,2,4,125.0,0,0,0,1,1,0,21,0,0,6,10,5,11.333333333333334,0,0,6,14,2,11.5,0,12.7,3.7,-1.7,11.416666666666668,7,0.16666666666666607,12,0.5833333333333334
1,1,3,171,1,1,155.0,1,4,3,1,1,144.2,1,0,0,1,1,0,19,0,0,0,0,0,0.0,0,0,0,0,0,0.0,0,12.7,3.7,-1.7,0.0,0,0.0,0,0.0
1,53,1,9254,1,42,110.0,1,1,1,4,7,111.8,1,0,0,1,0,1,21,0,0,6,7,6,10.571428571428571,0,0,6,8,5,11.0,0,8.9,1.4,3.51,10.785714285714285,11,0.4285714285714288,12,0.9166666666666666
1,1,5,9500,1,1,130.0,1,1,3,9,10,118.1,1,0,0,1,1,0,18,0,0,7,10,6,12.035714285714286,0,0,8,9,7,13.75,0,13.9,-0.3,0.79,12.892857142857142,13,1.7142857142857135,15,0.8666666666666667
1,17,3,9500,1,1,138.0,1,1,19,7,8,129.3,1,0,0,1,0,1,18,0,0,7,8,6,13.271666666666668,0,0,8,11,7,12.94375,0,12.4,0.5,1.79,13.107708333333335,13,-0.32791666666666863,15,0.8666666666666667
1,17,2,9773,1,1,133.1,41,19,1,9,9,105.0,1,0,0,0,0,0,21,1,0,6,6,6,14.0,0,0,6,6,6,13.5,0,8.9,1.4,3.51,13.75,12,-0.5,12,1.0
1,1,3,9070,1,1,128.0,1,19,19,3,3,129.8,1,0,0,1,0,0,20,0,0,6,6,6,11.833333333333334,0,0,6,6,3,13.333333333333334,0,9.4,-0.8,-3.12,12.583333333333334,9,1.5,12,0.75
1,44,1,9119,1,39,130.0,1,38,19,9,5,130.0,1,0,0,1,1,0,19,0,0,5,9,2,12.5,0,0,5,10,3,11.6,0,12.4,0.5,1.79,12.05,5,-0.9000000000000004,10,0.5
1,39,1,171,1,1,140.0,1,37,37,9,9,100.8,0,1,0,1,0,0,26,0,0,0,0,0,0.0,0,0,0,0,0,0.0,0,16.2,0.3,-0.92,0.0,0,0.0,0,0.0
1,17,3,9500,1,1,132.0,1,37,37,4,3,127.3,1,0,0,1,0,0,20,0,0,7,7,6,13.383333333333333,0,0,7,7,6,13.383333333333333,0,7.6,2.6,0.32,13.383333333333333,12,0.0,14,0.8571428571428571
1,1,1,9670,1,1,126.0,1,1,1,9,10,126.7,1,0,0,1,0,1,20,0,0,6,6,6,14.166666666666666,0,0,6,9,6,13.0,0,8.9,1.4,3.51,13.583333333333332,12,-1.166666666666666,12,1.0
1,1,2,9147,1,1,125.0,1,1,19,4,6,115.2,0,1,0,1,0,0,21,0,0,5,6,0,0.0,0,0,5,5,0,0.0,0,15.5,2.8,-4.06,0.0,0,0.0,10,0.0
1,44,1,9238,1,39,140.0,1,1,1,4,3,138.6,0,0,0,1,1,0,22,0,3,6,7,6,12.333333333333334,0,2,6,6,2,14.0,0,13.9,-0.3,0.79,13.166666666666668,8,1.666666666666666,12,0.6666666666666666
1,51,1,9500,1,1,170.0,1,1,1,4,10,125.0,0,0,0,1,1,0,20,0,0,7,7,7,15.66,0,7,10,11,9,15.011111111111113,0,11.1,0.6,2.02,15.335555555555556,16,-0.6488888888888873,17,0.9411764705882353
1,44,1,9130,1,39,140.0,1,1,19,4,8,140.0,0,0,0,1,0,0,19,0,0,6,0,0,0.0,0,0,6,0,0,0.0,0,12.7,3.7,-1.7,0.0,0,0.0,12,0.0
1,1,1,171,1,1,130.0,1,1,38,7,8,135.6,1,0,0,1,1,0,26,0,0,0,0,0,0.0,0,0,0,0,0,0.0,0,11.1,0.6,2.02,0.0,0,0.0,0,0.0
1,1,3,171,1,1,125.0,1,38,37,4,9,115.2,1,0,0,1,0,0,18,0,0,0,0,0,0.0,0,0,0,0,0,0.0,0,7.6,2.6,0.32,0.0,0,0.0,0,0.0
1,39,2,9238,1,1,110.0,1,19,1,5,5,136.5,0,0,0,1,1,0,28,0,0,5,6,0,0.0,0,0,5,5,0,0.0,0,13.9,-0.3,0.79,0.0,0,0.0,10,0.0
1,43,1,9147,1,1,127.0,25,1,5,9,10,124.2,1,0,0,1,1,0,23,1,0,5,6,1,10.0,0,0,5,5,0,0.0,0,15.5,2.8,-4.06,5.0,1,-10.0,10,0.1
1,39,1,9147,1,19,100.0,1,38,19,7,9,132.0,0,0,1,0,1,0,28,0,0,5,7,1,11.0,0,0,5,9,0,0.0,0,10.8,1.4,1.74,5.5,1,-11.0,10,0.1
1,7,1,9003,1,3,120.0,1,37,37,6,6,120.0,0,0,0,1,0,0,54,0,9,13,13,13,14.307692307692308,0,5,12,15,12,15.23076923076923,0,15.5,2.8,-4.06,14.76923076923077,25,0.9230769230769216,25,1.0
1,17,1,9238,1,1,120.0,1,19,37,9,9,113.0,1,0,0,1,0,1,20,0,0,6,7,6,11.714285714285714,0,0,6,8,6,12.625,0,13.9,-0.3,0.79,12.169642857142858,12,0.9107142857142865,12,1.0
1,1,5,9085,1,1,124.0,1,3,19,2,3,113.9,1,0,0,1,0,0,19,0,0,6,12,5,15.0,0,0,6,9,6,13.428571428571429,0,16.2,0.3,-0.92,14.214285714285715,11,-1.5714285714285712,12,0.9166666666666666
1,1,1,9238,1,1,126.0,1,38,38,7,8,126.7,1,0,0,1,0,0,19,0,0,6,11,4,12.75,0,0,6,7,6,11.333333333333334,0,7.6,2.6,0.32,12.041666666666668,10,-1.416666666666666,12,0.8333333333333334
1,1,5,9500,1,1,147.0,1,37,37,9,9,134.3,0,0,0,1,0,1,18,0,0,8,12,7,12.62857142857143,0,0,8,12,7,12.62857142857143,0,12.7,3.7,-1.7,12.62857142857143,14,0.0,16,0.875
1,1,1,9773,1,1,151.0,1,38,37,9,5,138.4,1,0,0,1,0,1,24,0,0,6,7,6,13.666666666666666,0,0,6,6,6,12.833333333333334,0,10.8,1.4,1.74,13.25,12,-0.8333333333333321,12,1.0
2,39,1,9991,0,1,133.1,1,37,37,9,9,113.4,0,0,0,1,0,0,33,0,0,5,14,1,10.0,0,0,5,13,2,12.0,0,12.4,0.5,1.79,11.0,3,2.0,10,0.3
1,42,1,9500,1,1,157.0,1,3,3,3,3,100.0,0,0,0,1,0,0,18,0,0,7,8,7,13.55,0,0,8,8,8,14.1875,0,13.9,-0.3,0.79,13.86875,15,0.6374999999999993,15,1.0
1,1,2,9500,1,1,133.1,1,19,38,192,192,96.0,1,0,0,1,0,0,19,0,0,7,10,6,13.598333333333334,0,0,8,11,6,11.933333333333332,0,11.1,0.6,2.02,12.765833333333333,12,-1.6650000000000027,15,0.8
1,1,2,9773,1,1,133.1,1,38,19,4,7,98.0,1,0,0,1,1,1,19,0,0,6,8,4,12.0,0,0,6,8,6,12.285714285714286,0,15.5,2.8,-4.06,12.142857142857142,10,0.2857142857142865,12,0.8333333333333334
1,39,1,9991,0,1,130.0,1,1,1,4,10,115.2,0,0,0,1,1,0,24,0,0,5,5,4,12.0,0,0,5,6,5,12.666666666666666,0,12.4,0.5,1.79,12.333333333333332,9,0.6666666666666661,10,0.9
1,1,1,9085,1,1,111.0,1,1,38,5,9,107.5,0,0,0,1,1,1,19,0,0,6,9,6,13.833333333333334,0,0,6,12,5,13.666666666666666,0,11.1,0.6,2.02,13.75,11,-0.16666666666666785,12,0.9166666666666666
1,51,1,9991,0,39,120.0,1,1,4,4,10,118.1,0,0,0,1,1,0,28,0,13,15,17,13,12.0,0,9,13,13,9,11.333333333333334,0,8.9,1.4,3.51,11.666666666666668,22,-0.6666666666666661,28,0.7857142857142857
2,39,1,8014,0,3,110.0,1,37,37,9,9,160.5,0,0,0,1,0,0,38,0,8,11,11,11,12.636363636363637,0,5,8,8,8,11.0,0,13.9,-0.3,0.79,11.818181818181818,19,-1.6363636363636367,19,1.0
1,43,1,9070,1,1,160.0,1,1,2,4,2,100.0,0,0,0,1,1,0,38,0,1,6,9,5,16.0,1,0,6,11,4,16.5,0,13.9,-0.3,0.79,16.25,9,0.5,12,0.75
1,1,1,9085,1,1,124.0,1,2,1,4,10,117.4,1,0,0,1,0,0,19,0,0,5,7,4,12.75,0,0,5,5,5,12.0,0,10.8,1.4,1.74,12.375,9,-0.75,10,0.9
1,17,1,9147,1,1,136.0,1,1,1,4,4,124.1,0,0,0,1,0,0,18,0,0,5,8,5,12.4,0,0,5,6,5,10.8,0,8.9,1.4,3.51,11.600000000000001,10,-1.5999999999999996,10,1.0
1,17,3,9070,1,1,130.0,1,1,4,4,2,131.4,0,0,0,1,1,0,20,0,0,6,6,6,14.166666666666666,0,0,6,8,6,12.333333333333334,0,11.1,0.6,2.02,13.25,12,-1.8333333333333321,12,1.0
5,39,1,9991,0,1,120.0,1,37,37,9,9,138.1,0,0,0,1,1,1,37,0,0,5,8,5,13.0,0,0,5,11,4,13.333333333333334,2,16.2,0.3,-0.92,13.166666666666668,9,0.3333333333333339,10,0.9
1,18,1,9500,1,1,135.0,1,1,38,4,5,127.5,1,0,0,1,0,1,19,0,0,7,8,6,13.741666666666667,0,0,8,9,7,14.9125,0,16.2,0.3,-0.92,14.327083333333334,13,1.1708333333333325,15,0.8666666666666667
1,17,2,9238,1,1,130.0,1,19,19,9,9,127.6,1,0,0,1,0,0,18,0,0,6,6,6,11.666666666666666,0,0,6,8,5,13.2,0,11.1,0.6,2.02,12.433333333333334,11,1.5333333333333332,12,0.9166666666666666
1,1,1,9238,1,1,135.0,1,1,38,4,6,122.1,0,1,1,0,1,0,19,0,0,6,6,4,11.5,0,0,6,6,5,11.0,0,8.9,1.4,3.51,11.25,9,-0.5,12,0.75
1,17,3,171,1,1,133.0,1,1,37,4,7,126.0,1,0,0,1,1,1,19,0,0,0,0,0,0.0,0,0,0,0,0,0.0,0,10.8,1.4,1.74,0.0,0,0.0,0,0.0
1,17,1,9254,1,1,125.0,1,19,19,7,5,118.0,1,0,0,1,0,1,19,0,0,6,10,4,12.25,0,0,6,9,3,12.333333333333334,0,9.4,-0.8,-3.12,12.291666666666668,7,0.08333333333333393,12,0.5833333333333334
1,17,1,9500,1,1,152.0,1,19,19,4,9,132.5,0,0,0,1,1,0,21,0,0,8,8,7,14.54,0,0,8,8,7,14.54,0,10.8,1.4,1.74,14.54,14,0.0,16,0.875
1,43,2,9238,1,1,110.0,1,37,37,9,7,112.5,1,0,0,1,0,1,53,0,4,7,16,6,11.0,0,2,7,9,7,11.0,0,9.4,-0.8,-3.12,11.0,13,0.0,14,0.9285714285714286
1,42,1,9500,1,1,100.0,1,3,37,2,6,130.0,1,0,0,1,0,0,25,0,0,14,14,12,13.291666666666666,1,0,14,14,12,13.291666666666666,1,7.6,2.6,0.32,13.291666666666666,24,0.0,28,0.8571428571428571
2,39,1,9991,0,1,133.1,1,37,37,6,3,140.0,0,0,1,1,1,0,37,0,0,5,10,4,10.75,0,0,5,12,3,13.333333333333334,0,9.4,-0.8,-3.12,12.041666666666668,7,2.583333333333334,10,0.7
1,43,1,9238,1,1,109.0,1,19,37,5,5,108.3,0,0,0,1,0,1,21,0,0,6,15,2,10.5,0,0,6,8,5,12.4,0,10.8,1.4,1.74,11.45,7,1.9000000000000004,12,0.5833333333333334
1,18,1,9500,1,1,126.0,1,37,19,5,5,119.3,0,0,0,1,0,1,19,0,0,8,9,8,13.78125,1,0,8,9,8,13.78125,1,9.4,-0.8,-3.12,13.78125,16,0.0,16,1.0
1,1,2,9773,1,1,154.0,1,38,38,9,9,133.4,1,0,0,1,0,1,19,0,0,6,7,5,11.4,0,0,6,8,5,12.8,0,12.7,3.7,-1.7,12.100000000000001,10,1.4000000000000004,12,0.8333333333333334
1,1,2,9773,1,1,128.0,1,34,19,3,0,141.0,1,0,0,0,0,0,20,0,0,6,10,4,12.0,0,0,6,15,3,10.666666666666666,0,7.6,2.6,0.32,11.333333333333332,7,-1.333333333333334,12,0.5833333333333334
1,17,2,9853,1,1,125.0,1,1,19,5,5,119.4,1,0,0,1,0,0,18,0,0,7,10,7,12.142857142857142,0,0,7,7,7,13.142857142857142,0,12.4,0.5,1.79,12.642857142857142,14,1.0,14,1.0
1,1,2,9500,1,1,137.0,1,1,3,4,3,124.6,0,0,0,1,0,0,18,0,0,7,10,7,13.398,0,0,8,8,8,13.5425,0,15.5,2.8,-4.06,13.47025,15,0.14450000000000074,15,1.0
1,17,1,9147,1,1,110.0,1,1,1,4,4,99.0,0,0,0,1,1,0,21,0,0,5,5,5,11.0,0,0,5,11,3,11.428571428571429,0,10.8,1.4,1.74,11.214285714285715,8,0.4285714285714288,10,0.8
1,39,1,9119,1,3,130.0,1,3,3,3,10,147.6,0,0,0,1,1,0,31,0,0,5,0,0,0.0,0,0,5,0,0,0.0,0,10.8,1.4,1.74,0.0,0,0.0,10,0.0
1,1,3,9130,1,1,167.0,1,37,37,90,90,159.3,0,0,0,1,0,0,19,0,0,5,7,5,14.714285714285714,0,0,5,5,5,15.8,0,7.6,2.6,0.32,15.257142857142856,10,1.0857142857142872,10,1.0
1,1,1,9853,1,1,146.0,1,19,38,9,3,145.3,1,0,0,1,0,1,18,0,0,6,8,5,12.8,0,0,6,7,5,13.4,0,9.4,-0.8,-3.12,13.100000000000001,10,0.5999999999999996,12,0.8333333333333334
1,1,1,9670,1,1,135.0,1,19,37,5,7,121.4,0,0,0,1,1,0,21,0,0,5,7,4,11.5,0,0,5,6,4,11.75,0,9.4,-0.8,-3.12,11.625,8,0.25,10,0.8
1,1,1,9147,1,1,130.0,1,37,37,9,9,118.8,0,0,1,1,1,1,22,0,0,5,8,5,10.666666666666666,0,0,5,11,2,11.0,0,15.5,2.8,-4.06,10.833333333333332,7,0.3333333333333339,10,0.7
1,17,2,171,1,1,131.0,1,2,1,3,3,148.9,1,0,0,1,0,0,20,0,0,0,0,0,0.0,0,0,0,0,0,0.0,0,9.4,-0.8,-3.12,0.0,0,0.0,0,0.0
1,1,1,9085,1,1,121.0,1,37,38,6,9,121.0,0,0,0,1,0,0,19,0,0,5,9,4,13.75,1,0,5,8,4,14.5,0,7.6,2.6,0.32,14.125,8,0.75,10,0.8
1,1,5,9147,1,1,118.0,1,19,19,9,9,114.2,1,0,0,1,1,0,20,0,0,5,9,3,10.333333333333334,0,0,5,6,5,12.8,0,12.4,0.5,1.79,11.566666666666666,8,2.466666666666667,10,0.8
1,1,3,9500,1,1,131.0,1,37,37,9,9,118.0,1,0,0,1,0,1,18,0,0,8,8,7,13.242857142857144,0,0,8,8,7,13.242857142857144,0,12.7,3.7,-1.7,13.242857142857144,14,0.0,16,0.875
1,1,1,9238,1,1,140.0,1,1,19,4,4,140.7,0,0,0,1,0,0,19,0,0,6,7,6,12.285714285714286,0,0,6,7,6,12.0,0,12.4,0.5,1.79,12.142857142857142,12,-0.2857142857142865,12,1.0
1,17,4,9085,1,1,128.0,1,38,37,4,9,117.9,1,0,0,1,0,0,20,0,0,5,12,2,13.5,0,0,5,12,5,11.285714285714286,1,10.8,1.4,1.74,12.392857142857142,7,-2.2142857142857135,10,0.7
1,1,4,9070,1,1,136.0,1,37,37,9,8,136.7,1,0,0,1,0,0,20,0,0,6,6,4,13.5,0,0,6,8,6,13.625,0,10.8,1.4,1.74,13.5625,10,0.125,12,0.8333333333333334
1,1,1,9238,1,1,107.0,1,19,37,7,7,103.5,1,0,0,1,0,0,20,0,0,6,13,3,11.2,0,0,6,9,4,12.0,0,16.2,0.3,-0.92,11.6,7,0.8000000000000007,12,0.5833333333333334
1,43,3,9254,1,1,110.0,1,37,37,9,9,107.2,1,0,0,1,1,0,19,0,1,6,16,2,10.5,0,0,6,15,4,10.0,0,7.6,2.6,0.32,10.25,6,-0.5,12,0.5
1,1,6,9500,1,1,125.0,1,19,19,9,9,115.9,0,0,0,1,0,0,18,0,0,7,7,7,13.557142857142855,0,0,8,9,8,13.2,0,12.4,0.5,1.79,13.378571428571426,15,-0.3571428571428559,15,1.0
1,17,1,9254,1,1,122.0,1,1,19,4,3,130.4,1,0,0,1,0,0,18,0,0,6,10,5,11.8,0,0,6,10,5,12.2,0,11.1,0.6,2.02,12.0,10,0.3999999999999986,12,0.8333333333333334
1,17,6,9773,1,1,126.0,1,1,19,5,5,119.0,1,0,0,1,0,0,18,0,0,6,0,0,0.0,0,0,6,0,0,0.0,0,12.4,0.5,1.79,0.0,0,0.0,12,0.0
2,39,2,9147,1,1,150.0,1,19,37,9,7,101.0,0,0,1,0,0,0,29,0,0,5,8,3,10.666666666666666,0,0,5,14,2,14.8,0,10.8,1.4,1.74,12.733333333333334,5,4.133333333333335,10,0.5
1,39,1,9254,1,19,133.1,1,3,19,2,3,124.5,0,0,0,1,0,1,36,0,0,6,7,6,13.714285714285714,0,0,6,6,5,12.8,0,16.2,0.3,-0.92,13.257142857142856,11,-0.9142857142857128,12,0.9166666666666666
1,1,1,9003,1,1,124.0,1,38,19,9,7,116.0,0,0,0,1,1,0,19,0,0,6,8,6,15.5,0,0,6,10,6,14.1,0,16.2,0.3,-0.92,14.8,12,-1.4000000000000004,12,1.0
1,1,1,9147,1,1,160.0,1,1,38,4,7,141.5,1,0,0,1,1,0,18,0,0,5,10,3,10.666666666666666,1,0,5,11,2,12.5,0,9.4,-0.8,-3.12,11.583333333333332,5,1.833333333333334,10,0.5
2,43,1,9991,0,1,140.0,1,37,37,3,10,107.8,0,0,0,1,0,0,33,0,8,10,15,8,10.375,0,7,10,13,9,10.444444444444445,0,7.6,2.6,0.32,10.409722222222221,17,0.06944444444444464,20,0.85
1,17,1,9254,1,1,122.0,1,1,1,4,9,112.9,1,0,0,1,0,0,22,0,0,6,14,4,12.25,0,0,6,11,3,11.333333333333334,0,7.6,2.6,0.32,11.791666666666668,7,-0.9166666666666661,12,0.5833333333333334
1,44,1,9238,1,39,140.0,41,1,1,4,6,137.5,0,0,1,1,0,1,23,1,3,6,7,6,13.142857142857142,0,2,6,6,6,14.0,0,12.4,0.5,1.79,13.571428571428571,12,0.8571428571428577,12,1.0
2,43,1,9991,0,1,140.0,1,38,37,5,6,117.3,0,0,0,1,0,0,28,0,6,10,15,6,10.666666666666666,0,5,10,17,9,11.333333333333334,1,7.6,2.6,0.32,11.0,15,0.6666666666666679,20,0.75
1,1,1,9085,1,1,130.0,1,9,19,4,1,134.2,1,0,0,1,0,0,20,0,0,5,13,0,0.0,5,0,5,5,0,0.0,5,9.4,-0.8,-3.12,0.0,0,0.0,10,0.0
1,1,2,9670,1,1,135.0,1,1,3,4,3,133.3,0,0,0,1,0,0,19,0,0,5,5,5,13.0,0,0,5,5,5,13.2,0,9.4,-0.8,-3.12,13.1,10,0.1999999999999993,10,1.0
1,39,1,9991,0,1,110.0,1,37,37,7,10,150.0,0,0,0,0,0,0,48,0,0,5,5,1,10.0,0,0,5,5,0,0.0,0,15.5,2.8,-4.06,5.0,1,-10.0,10,0.1
1,39,2,9556,1,1,133.1,1,1,1,9,10,100.5,0,0,0,1,1,0,24,0,0,7,18,0,0.0,0,0,7,13,0,0.0,1,11.1,0.6,2.02,0.0,0,0.0,14,0.0
1,1,1,9670,1,1,123.0,1,12,1,9,9,119.2,1,0,0,1,0,1,18,0,0,6,8,5,13.5,0,0,6,6,6,14.5,0,12.4,0.5,1.79,14.0,11,1.0,12,0.9166666666666666
1,1,4,9500,1,1,140.0,1,1,19,4,5,127.5,0,0,0,1,0,0,18,0,0,7,0,0,0.0,0,0,8,0,0,0.0,0,12.7,3.7,-1.7,0.0,0,0.0,15,0.0
4,39,1,9500,1,19,133.1,1,37,37,5,7,100.0,0,0,0,0,0,0,40,0,0,8,11,5,11.832,4,0,8,11,5,11.832,4,9.4,-0.8,-3.12,11.832,10,0.0,16,0.625
1,17,1,9147,1,1,118.0,1,1,38,9,9,118.4,1,0,0,1,1,0,19,0,0,5,10,2,10.5,0,0,5,5,4,11.75,0,12.4,0.5,1.79,11.125,6,1.25,10,0.6
1,1,1,9500,1,1,136.0,1,1,1,4,4,123.8,0,0,0,1,0,0,19,0,0,7,10,6,11.614285714285714,0,0,8,8,8,14.0375,0,13.9,-0.3,0.79,12.825892857142858,14,2.4232142857142858,15,0.9333333333333333
1,39,1,9254,1,12,133.1,1,37,37,5,7,119.3,1,0,0,1,1,0,25,0,0,6,7,6,11.166666666666666,0,0,6,11,4,11.8,0,9.4,-0.8,-3.12,11.483333333333334,10,0.6333333333333346,12,0.8333333333333334
1,18,1,8014,0,1,137.0,1,1,1,4,3,123.0,0,0,1,1,0,0,20,0,0,6,13,4,10.8,0,0,6,15,4,12.0,0,16.2,0.3,-0.92,11.4,8,1.1999999999999993,12,0.6666666666666666
4,39,1,9773,1,12,120.0,1,37,37,4,9,130.0,0,0,0,0,1,0,55,0,0,6,8,5,11.4,0,0,6,9,5,12.4,0,10.8,1.4,1.74,11.9,10,1.0,12,0.8333333333333334
1,1,1,9500,1,1,145.0,1,1,1,4,10,145.0,0,0,0,1,0,0,18,0,0,7,7,6,13.861666666666666,0,0,8,16,0,0.0,1,12.4,0.5,1.79,6.930833333333333,6,-13.861666666666666,15,0.4
1,39,1,9119,1,1,120.0,1,37,37,9,9,98.7,0,0,0,1,1,1,28,0,0,5,12,3,10.0,0,0,5,10,3,12.4,0,12.4,0.5,1.79,11.2,6,2.4000000000000004,10,0.6
1,1,3,9500,1,1,139.0,1,18,18,1,1,130.8,1,0,0,0,0,0,18,0,0,8,9,6,12.758333333333333,1,0,8,9,6,12.758333333333333,1,9.4,-0.8,-3.12,12.758333333333333,12,0.0,16,0.75
1,1,3,9147,1,1,115.0,1,1,38,3,8,109.8,1,0,0,1,0,1,19,0,0,5,5,5,13.4,0,0,5,5,5,12.6,0,8.9,1.4,3.51,13.0,10,-0.8000000000000007,10,1.0
1,7,1,9238,1,3,140.0,1,37,37,9,9,140.0,1,0,0,1,0,0,36,0,10,14,21,13,13.071428571428571,0,4,11,16,11,13.0,0,16.2,0.3,-0.92,13.035714285714285,24,-0.07142857142857117,25,0.96
1,1,1,9500,1,1,125.0,1,19,19,9,10,122.0,1,0,1,1,0,0,19,0,0,7,0,0,0.0,0,0,8,0,0,0.0,0,11.1,0.6,2.02,0.0,0,0.0,15,0.0
1,17,4,9500,1,1,140.0,1,19,37,4,8,133.3,1,0,0,1,0,0,19,0,0,7,7,6,11.966666666666669,0,0,7,7,6,11.966666666666669,0,7.6,2.6,0.32,11.966666666666669,12,0.0,14,0.8571428571428571
1,17,4,171,1,1,133.1,1,38,38,9,9,117.0,1,0,0,1,1,0,21,0,0,0,0,0,0.0,0,0,0,0,0,0.0,0,10.8,1.4,1.74,0.0,0,0.0,0,0.0
1,1,1,9500,1,1,136.0,1,19,38,9,9,119.3,1,0,0,1,0,1,18,0,0,8,8,7,13.214285714285714,0,0,8,8,7,13.214285714285714,0,12.7,3.7,-1.7,13.214285714285714,14,0.0,16,0.875
2,39,1,8014,0,1,120.0,1,37,37,9,6,117.0,0,0,0,1,1,0,33,0,0,6,8,6,12.0,0,0,6,6,6,11.666666666666666,0,10.8,1.4,1.74,11.833333333333332,12,-0.3333333333333339,12,1.0
1,1,1,9085,1,1,125.0,1,19,37,3,7,126.8,0,0,0,1,0,0,18,0,0,6,13,6,12.0,0,0,6,16,4,12.75,0,11.1,0.6,2.02,12.375,10,0.75,12,0.8333333333333334
1,17,2,9254,1,1,128.0,1,38,38,9,9,129.1,1,0,0,1,0,0,18,0,0,6,6,6,12.666666666666666,0,0,6,7,5,14.6,0,11.1,0.6,2.02,13.633333333333333,11,1.9333333333333336,12,0.9166666666666666
1,1,1,9773,1,1,108.0,1,34,38,0,3,105.9,0,0,0,1,1,0,20,0,0,6,11,4,10.75,0,0,6,13,2,10.0,0,7.6,2.6,0.32,10.375,6,-0.75,12,0.5
4,39,1,9130,1,1,133.1,1,3,1,5,5,110.0,1,0,0,1,0,1,30,0,0,6,7,0,0.0,0,0,6,16,1,10.0,0,11.1,0.6,2.02,5.0,1,10.0,12,0.08333333333333333
1,39,1,9500,1,1,133.1,1,19,37,9,9,120.0,0,0,0,1,0,1,25,0,0,8,8,7,12.042857142857144,0,0,8,8,7,12.042857142857144,0,12.7,3.7,-1.7,12.042857142857144,14,0.0,16,0.875
1,17,4,9070,1,1,144.0,1,38,1,9,9,137.4,1,0,0,1,1,0,19,0,0,6,6,6,13.833333333333334,0,0,6,8,6,13.125,0,10.8,1.4,1.74,13.479166666666668,12,-0.7083333333333339,12,1.0
1,17,2,9853,1,1,114.0,1,1,1,4,0,108.8,1,0,0,1,0,0,18,0,0,7,11,5,11.4,0,0,7,9,6,13.333333333333334,0,13.9,-0.3,0.79,12.366666666666667,11,1.9333333333333336,14,0.7857142857142857
1,17,2,8014,0,1,133.0,1,19,1,5,5,119.7,1,0,0,1,0,1,19,0,0,6,10,4,11.5,0,0,6,11,6,11.5,0,9.4,-0.8,-3.12,11.5,10,0.0,12,0.8333333333333334
1,1,1,9853,1,1,145.0,1,38,37,5,5,142.2,0,0,0,1,0,0,19,0,0,6,9,4,12.5,0,0,6,9,5,12.5,0,9.4,-0.8,-3.12,12.5,9,0.0,12,0.75
1,17,4,9254,1,1,124.0,1,3,3,3,3,126.1,1,0,0,1,0,0,20,0,0,5,5,5,11.4,0,0,6,11,1,11.0,0,10.8,1.4,1.74,11.2,6,-0.40000000000000036,11,0.5454545454545454
1,1,3,9238,1,1,135.0,1,1,12,9,10,121.0,1,0,0,1,0,1,19,0,0,6,7,6,11.333333333333334,0,0,6,6,6,11.5,0,12.4,0.5,1.79,11.416666666666668,12,0.16666666666666607,12,1.0
1,39,1,9085,1,39,120.0,1,37,37,1,9,137.7,1,0,0,0,1,0,41,0,3,3,3,3,12.333333333333334,0,2,2,2,2,11.0,0,12.4,0.5,1.79,11.666666666666668,5,-1.333333333333334,5,1.0
1,1,2,9147,1,1,133.0,1,19,1,5,10,121.8,0,0,0,1,1,0,20,0,0,5,9,4,10.2,0,0,5,6,3,11.0,0,15.5,2.8,-4.06,10.6,7,0.8000000000000007,10,0.7
2,39,1,9556,1,1,160.0,1,37,37,9,6,120.0,0,0,0,1,0,0,31,0,0,7,21,5,10.9,3,0,8,21,3,11.7,1,12.7,3.7,-1.7,11.3,8,0.7999999999999989,15,0.5333333333333333
1,1,6,9500,1,1,141.0,1,4,3,2,1,136.3,1,0,0,1,1,0,18,0,0,8,9,8,12.8875,1,0,8,9,8,12.8875,1,9.4,-0.8,-3.12,12.8875,16,0.0,16,1.0
1,39,1,9085,1,1,140.0,1,37,37,90,90,106.3,0,0,1,0,1,0,35,0,0,5,7,2,11.5,0,0,5,8,2,10.5,0,7.6,2.6,0.32,11.0,4,-1.0,10,0.4
1,1,1,9085,1,1,140.0,6,1,19,4,7,131.6,1,0,0,1,0,0,20,1,0,7,9,6,14.714285714285714,0,1,7,16,6,13.2,0,12.4,0.5,1.79,13.957142857142856,12,-1.5142857142857142,14,0.8571428571428571
1,1,1,9670,1,1,132.0,1,4,2,123,112,143.6,1,0,0,1,1,0,20,0,0,6,8,5,12.8,0,0,6,10,5,11.6,0,13.9,-0.3,0.79,12.2,10,-1.200000000000001,12,0.8333333333333334
1,1,1,9500,1,1,141.0,1,1,1,3,10,142.8,0,0,0,1,0,0,18,0,0,7,7,7,13.7,0,0,8,9,8,13.994444444444444,0,11.1,0.6,2.02,13.847222222222221,15,0.2944444444444443,15,1.0
4,39,1,8014,0,1,160.0,1,37,37,5,5,126.0,0,0,0,1,0,1,38,0,4,9,13,8,12.88888888888889,0,2,7,9,7,13.0,0,13.9,-0.3,0.79,12.944444444444445,15,0.11111111111111072,16,0.9375
1,1,1,9238,1,1,108.0,1,19,38,9,7,110.5,1,0,0,1,0,1,22,0,0,6,6,6,12.166666666666666,0,0,6,6,6,12.5,0,12.4,0.5,1.79,12.333333333333332,12,0.3333333333333339,12,1.0
1,18,2,9119,1,1,136.0,1,1,2,5,4,122.7,1,0,0,1,1,0,18,0,0,5,7,5,12.6,0,0,5,9,3,13.25,0,13.9,-0.3,0.79,12.925,8,0.6500000000000004,10,0.8
1,17,5,9500,1,1,136.0,1,19,38,5,8,130.3,1,0,0,1,0,1,18,0,0,7,7,6,12.6,0,0,7,7,6,12.6,0,7.6,2.6,0.32,12.6,12,0.0,14,0.8571428571428571
1,1,1,9670,1,1,117.0,1,1,38,5,1,113.5,1,0,0,1,0,0,20,0,0,5,6,4,11.5,0,0,5,5,4,10.75,0,9.4,-0.8,-3.12,11.125,8,-0.75,10,0.8
1,17,4,9147,1,1,133.0,1,1,1,4,5,136.2,1,0,0,1,0,0,19,0,0,5,6,5,12.4,0,0,5,5,5,12.8,0,7.6,2.6,0.32,12.600000000000001,10,0.40000000000000036,10,1.0
2,39,1,9003,1,1,133.1,1,37,37,8,7,150.0,0,0,0,1,1,0,31,0,0,6,10,6,15.0,0,0,6,11,5,12.5,0,13.9,-0.3,0.79,13.75,11,-2.5,12,0.9166666666666666
1,17,3,9500,1,1,137.0,1,19,37,7,7,126.7,1,0,0,1,0,1,19,0,0,7,7,7,13.714285714285714,0,0,8,11,8,14.863636363636363,0,16.2,0.3,-0.92,14.288961038961038,15,1.1493506493506498,15,1.0
1,1,2,9500,1,1,135.0,1,3,3,2,2,123.0,1,0,0,0,0,0,19,0,0,7,0,0,0.0,0,0,8,0,0,0.0,0,12.7,3.7,-1.7,0.0,0,0.0,15,0.0
1,44,1,9147,1,39,117.4,1,19,1,4,9,117.4,1,0,0,1,0,0,21,0,4,7,10,6,11.333333333333334,0,1,5,6,5,11.2,0,11.1,0.6,2.02,11.266666666666666,11,-0.13333333333333464,12,0.9166666666666666
1,1,1,9254,1,1,132.0,1,1,19,6,6,124.7,1,0,0,1,1,0,21,0,0,6,9,6,12.0,0,0,6,8,5,11.6,0,13.9,-0.3,0.79,11.8,11,-0.40000000000000036,12,0.9166666666666666
1,1,4,9853,1,1,134.0,1,19,1,5,9,127.4,1,0,0,1,0,0,18,0,0,6,7,5,12.2,0,0,6,7,5,12.2,0,10.8,1.4,1.74,12.2,10,0.0,12,0.8333333333333334
1,44,1,9991,0,39,150.0,1,37,37,6,6,150.0,0,0,0,1,0,0,31,0,2,6,8,6,12.0,0,2,7,8,7,13.428571428571429,0,9.4,-0.8,-3.12,12.714285714285715,13,1.4285714285714288,13,1.0
1,1,1,9500,1,1,131.0,1,1,1,9,9,122.0,0,0,0,1,0,0,19,0,0,8,8,7,15.0,0,0,8,8,7,15.0,0,12.7,3.7,-1.7,15.0,14,0.0,16,0.875
2,39,1,9500,1,1,133.1,1,37,37,191,172,115.2,0,0,0,1,0,0,48,0,0,7,11,4,11.75,0,0,7,14,3,11.725,0,11.1,0.6,2.02,11.7375,7,-0.025000000000000355,14,0.5
1,1,1,9147,1,1,133.1,1,37,1,9,10,100.0,0,0,0,1,0,0,21,0,0,5,12,3,12.0,0,0,5,12,1,15.0,3,16.2,0.3,-0.92,13.5,4,3.0,10,0.4
1,1,5,9500,1,1,130.0,1,19,1,9,5,122.1,1,0,0,1,0,1,19,0,0,7,8,7,11.678571428571429,0,0,8,10,7,13.0375,0,12.4,0.5,1.79,12.358035714285714,14,1.3589285714285708,15,0.9333333333333333
1,1,3,9238,1,1,125.0,1,19,1,9,10,123.6,1,0,0,1,0,0,20,0,0,6,10,4,11.0,0,0,6,9,6,11.833333333333334,0,9.4,-0.8,-3.12,11.416666666666668,10,0.8333333333333339,12,0.8333333333333334
1,1,1,171,1,1,135.0,1,19,4,9,2,143.8,1,0,1,1,0,0,19,0,0,0,0,0,0.0,0,0,0,0,0,0.0,0,12.7,3.7,-1.7,0.0,0,0.0,0,0.0
1,1,1,9238,1,1,120.0,1,19,38,5,6,112.3,0,0,0,1,0,1,22,0,0,6,10,5,10.714285714285714,0,0,6,10,5,12.2,0,12.7,3.7,-1.7,11.457142857142856,10,1.4857142857142858,12,0.8333333333333334
1,17,4,9147,1,1,112.0,1,19,38,9,10,112.0,1,0,0,1,0,0,20,0,0,5,10,3,10.333333333333334,0,0,5,9,4,11.0,2,16.2,0.3,-0.92,10.666666666666668,7,0.6666666666666661,10,0.7
1,1,2,9773,1,1,135.0,1,37,37,5,5,126.3,1,1,0,1,0,1,20,0,0,6,6,6,14.666666666666666,0,0,6,7,6,14.571428571428571,0,8.9,1.4,3.51,14.619047619047619,12,-0.0952380952380949,12,1.0
1,17,4,9254,1,1,118.0,1,38,37,5,7,111.7,1,0,0,1,1,0,18,0,0,6,12,3,11.666666666666666,0,0,6,12,1,12.0,0,12.4,0.5,1.79,11.833333333333332,4,0.3333333333333339,12,0.3333333333333333
1,43,1,171,1,1,133.0,1,19,19,5,7,133.0,0,0,0,1,0,0,18,0,0,0,0,0,0.0,0,0,0,0,0,0.0,0,15.5,2.8,-4.06,0.0,0,0.0,0,0.0
1,1,6,9773,1,1,116.0,1,19,1,4,4,110.1,1,0,0,1,0,1,19,0,0,6,8,6,12.666666666666666,0,0,6,10,5,12.0,0,12.4,0.5,1.79,12.333333333333332,11,-0.6666666666666661,12,0.9166666666666666
1,1,1,9853,1,1,148.0,1,19,19,4,5,143.5,0,0,0,1,0,1,19,0,0,7,8,6,12.833333333333334,0,0,6,6,0,0.0,0,13.9,-0.3,0.79,6.416666666666667,6,-12.833333333333334,13,0.46153846153846156
1,1,1,9670,1,1,133.1,1,1,37,9,10,139.0,0,0,0,1,1,0,21,0,0,6,6,5,12.8,0,0,6,9,5,12.25,0,10.8,1.4,1.74,12.525,10,-0.5500000000000007,12,0.8333333333333334
1,39,1,9003,1,1,140.0,41,1,1,9,9,100.0,0,0,1,0,0,0,29,1,3,9,9,3,14.333333333333334,0,1,7,8,1,14.0,0,15.5,2.8,-4.06,14.166666666666668,4,-0.3333333333333339,16,0.25
2,1,4,9853,1,1,134.0,1,37,37,5,7,122.5,0,1,0,1,0,1,19,0,0,6,6,6,13.333333333333334,0,0,6,6,6,14.5,0,10.8,1.4,1.74,13.916666666666668,12,1.166666666666666,12,1.0
1,17,3,171,1,1,125.0,1,37,37,5,10,120.5,1,0,0,1,1,0,22,0,0,0,0,0,0.0,0,0,0,0,0,0.0,0,12.4,0.5,1.79,0.0,0,0.0,0,0.0
1,1,1,9238,1,1,115.0,1,1,1,9,4,109.1,1,0,1,0,0,1,22,0,0,6,0,0,0.0,0,0,6,0,0,0.0,0,12.4,0.5,1.79,0.0,0,0.0,12,0.0
1,1,1,9670,1,1,120.0,1,38,19,4,8,115.1,0,0,0,1,0,0,19,0,0,6,8,3,11.666666666666666,0,0,6,11,5,13.625,0,10.8,1.4,1.74,12.645833333333332,8,1.958333333333334,12,0.6666666666666666
1,1,4,9254,1,1,132.0,1,12,19,9,9,124.7,1,0,0,1,0,0,19,0,0,5,10,0,0.0,0,0,5,10,0,0.0,0,7.6,2.6,0.32,0.0,0,0.0,10,0.0
1,1,1,171,1,1,131.0,1,19,38,4,5,132.8,1,0,0,1,0,0,18,0,0,0,0,0,0.0,0,0,0,0,0,0.0,0,7.6,2.6,0.32,0.0,0,0.0,0,0.0
1,1,1,9238,1,1,132.0,1,37,37,9,7,129.9,1,0,0,1,0,0,20,0,0,6,7,5,13.2,0,0,6,6,6,12.666666666666666,0,10.8,1.4,1.74,12.933333333333334,11,-0.5333333333333332,12,0.9166666666666666
1,44,2,9238,1,39,150.0,1,3,19,4,9,147.0,1,0,0,1,0,0,19,0,3,6,6,6,14.166666666666666,0,2,6,6,6,13.5,0,12.4,0.5,1.79,13.833333333333332,12,-0.6666666666666661,12,1.0
1,1,4,9500,1,1,115.0,1,3,3,2,2,111.5,1,0,1,0,0,0,19,0,0,7,10,4,11.96,0,0,7,7,0,0.0,0,13.9,-0.3,0.79,5.98,4,-11.96,14,0.2857142857142857
1,39,1,9070,1,1,110.0,1,37,37,7,7,110.2,0,0,0,1,1,0,55,0,0,6,6,6,14.5,0,0,6,6,6,13.5,0,11.1,0.6,2.02,14.0,12,-1.0,12,1.0
1,17,1,9500,1,1,145.0,1,19,37,4,8,136.8,1,0,0,1,0,0,18,0,0,8,9,8,14.3775,1,0,8,9,8,14.3775,1,9.4,-0.8,-3.12,14.3775,16,0.0,16,1.0
1,1,4,9238,1,1,134.0,1,38,19,7,7,128.4,1,0,0,1,0,1,18,0,0,6,6,6,12.5,0,0,6,6,6,11.666666666666666,0,10.8,1.4,1.74,12.083333333333332,12,-0.8333333333333339,12,1.0
1,1,1,9670,1,1,141.0,1,2,1,2,4,140.7,1,0,0,1,1,0,20,0,0,5,5,5,12.6,0,0,5,6,4,14.5,1,7.6,2.6,0.32,13.55,9,1.9000000000000004,10,0.9
2,1,1,9003,1,1,131.0,1,19,38,5,5,118.4,0,0,0,1,0,0,20,0,0,6,11,6,14.125,0,0,6,10,5,12.6,0,13.9,-0.3,0.79,13.3625,11,-1.5250000000000004,12,0.9166666666666666
1,1,1,9500,1,1,127.0,1,3,1,2,9,119.3,1,0,0,1,0,0,20,0,0,7,7,7,14.105714285714289,0,0,8,8,8,13.6625,0,11.1,0.6,2.02,13.884107142857143,15,-0.4432142857142889,15,1.0
1,39,1,9991,0,2,140.0,1,3,3,2,2,155.7,1,0,0,1,1,0,35,0,0,1,1,0,0.0,1,0,5,0,0,0.0,0,10.8,1.4,1.74,0.0,0,0.0,6,0.0
2,43,1,9991,0,1,100.0,1,37,37,9,9,128.2,0,0,0,1,1,0,46,0,6,10,13,9,12.2,0,4,10,12,10,12.8,0,7.6,2.6,0.32,12.5,19,0.6000000000000014,20,0.95
1,1,1,9070,1,1,116.0,1,1,12,5,8,110.4,1,0,0,1,1,0,19,0,0,6,6,6,11.5,0,0,6,8,6,12.285714285714286,0,8.9,1.4,3.51,11.892857142857142,12,0.7857142857142865,12,1.0
2,39,1,9070,1,1,160.0,1,3,1,2,5,126.5,0,0,0,1,0,1,30,0,1,6,8,6,13.0,1,0,6,9,5,12.857142857142858,0,13.9,-0.3,0.79,12.928571428571429,11,-0.14285714285714235,12,0.9166666666666666
1,17,4,9147,1,1,132.0,1,38,19,5,5,120.8,1,0,0,1,1,1,18,0,0,5,8,4,10.8,0,0,5,10,2,12.5,0,11.1,0.6,2.02,11.65,6,1.6999999999999993,10,0.6
1,1,1,9147,1,1,150.0,1,34,19,0,4,152.8,1,0,0,1,1,1,18,0,0,5,7,4,12.75,0,0,5,5,0,0.0,0,7.6,2.6,0.32,6.375,4,-12.75,10,0.4
1,17,3,9147,1,1,147.0,1,19,38,5,7,132.3,1,0,0,1,0,1,18,0,0,5,5,5,13.4,0,0,5,6,5,12.2,0,12.7,3.7,-1.7,12.8,10,-1.200000000000001,10,1.0
1,1,1,9670,1,1,119.0,1,1,19,4,10,115.5,1,0,0,1,0,0,19,0,0,6,8,4,11.0,0,0,6,9,4,11.0,0,10.8,1.4,1.74,11.0,8,0.0,12,0.6666666666666666
1,17,4,9500,1,1,146.0,1,19,37,5,8,135.8,1,0,0,1,0,0,18,0,0,7,7,6,13.983333333333334,0,0,7,7,6,13.983333333333334,0,7.6,2.6,0.32,13.983333333333334,12,0.0,14,0.8571428571428571
1,17,1,9500,1,1,137.0,1,19,38,3,9,124.9,0,0,0,1,0,1,19,0,0,7,11,6,13.8875,0,0,8,9,8,14.864444444444445,0,15.5,2.8,-4.06,14.375972222222222,14,0.9769444444444453,15,0.9333333333333333
1,43,1,9254,1,1,142.0,1,38,38,9,9,125.9,0,0,0,1,0,1,19,0,0,6,0,0,0.0,0,0,6,11,1,10.0,0,10.8,1.4,1.74,5.0,1,10.0,12,0.08333333333333333
1,43,1,9254,1,1,112.0,1,37,37,9,9,108.5,0,0,0,1,1,0,21,0,0,6,6,6,12.666666666666666,0,0,6,7,5,11.4,0,9.4,-0.8,-3.12,12.033333333333333,11,-1.2666666666666657,12,0.9166666666666666
1,15,1,9556,1,1,114.0,26,3,19,122,144,114.0,0,0,0,1,0,0,20,1,0,7,14,0,0.0,6,0,7,12,2,11.666666666666666,0,8.9,1.4,3.51,5.833333333333333,2,11.666666666666666,14,0.14285714285714285
1,17,2,9853,1,1,133.1,1,37,37,5,0,111.5,0,0,0,1,0,0,18,0,0,6,11,3,12.333333333333334,0,0,6,11,4,13.5,0,7.6,2.6,0.32,12.916666666666668,7,1.166666666666666,12,0.5833333333333334
1,44,1,9085,1,39,130.0,1,37,38,9,6,130.0,1,0,0,1,0,0,23,0,0,6,7,0,0.0,0,0,6,7,0,0.0,0,11.1,0.6,2.02,0.0,0,0.0,12,0.0
1,16,1,9500,1,1,133.1,1,37,37,9,9,95.0,1,0,0,1,0,0,20,0,0,7,7,6,13.755,0,0,8,9,7,13.571428571428571,0,12.4,0.5,1.79,13.663214285714286,13,-0.1835714285714296,15,0.8666666666666667
2,39,1,9238,1,1,120.0,1,37,37,9,9,116.0,0,0,0,1,0,0,44,0,0,6,8,6,13.0,0,0,6,6,6,13.833333333333334,0,12.7,3.7,-1.7,13.416666666666668,12,0.8333333333333339,12,1.0
1,17,1,9119,1,1,148.0,1,1,38,4,5,148.7,0,0,0,1,1,0,18,0,0,5,6,5,16.2,0,0,5,8,5,16.0,0,8.9,1.4,3.51,16.1,10,-0.1999999999999993,10,1.0
1,1,1,9085,1,1,144.0,13,3,3,6,6,137.6,1,0,0,1,0,1,19,1,0,5,6,5,15.4,0,0,5,5,5,16.0,0,10.8,1.4,1.74,15.7,10,0.5999999999999996,10,1.0
1,1,1,9238,1,1,127.0,1,1,19,4,3,141.7,1,0,0,1,1,0,22,0,0,6,6,6,12.666666666666666,0,0,6,6,6,13.833333333333334,0,10.8,1.4,1.74,13.25,12,1.1666666666666679,12,1.0
1,15,1,9119,1,1,133.1,41,2,2,2,2,100.0,0,0,1,1,1,0,24,1,2,8,8,7,13.142857142857142,0,1,6,8,6,11.833333333333334,0,8.9,1.4,3.51,12.488095238095237,13,-1.3095238095238084,14,0.9285714285714286
1,1,1,9773,1,1,128.0,1,38,38,6,3,116.5,0,0,0,1,1,1,18,0,0,6,12,4,11.5,0,0,6,10,5,12.6,0,10.8,1.4,1.74,12.05,9,1.0999999999999996,12,0.75
1,17,1,9085,1,1,133.1,1,37,37,9,9,99.0,1,0,0,1,0,1,23,0,0,6,6,6,14.666666666666666,0,0,6,8,6,12.428571428571429,0,8.9,1.4,3.51,13.547619047619047,12,-2.2380952380952372,12,1.0
1,39,1,8014,0,1,133.1,1,1,12,4,5,116.5,0,0,0,1,1,1,24,0,0,6,6,4,12.25,0,0,6,10,4,11.5,0,12.4,0.5,1.79,11.875,8,-0.75,12,0.6666666666666666
4,7,1,9500,1,3,140.0,1,37,38,9,7,140.0,0,0,0,1,1,0,51,0,4,7,7,7,15.2,0,6,8,8,8,16.575,0,13.9,-0.3,0.79,15.8875,15,1.375,15,1.0
1,1,1,9003,1,1,144.0,1,19,19,9,9,132.8,0,0,0,1,1,1,19,0,0,6,9,4,12.0,2,0,6,10,4,12.5,0,15.5,2.8,-4.06,12.25,8,0.5,12,0.6666666666666666
1,17,4,9085,1,1,126.0,1,1,3,5,5,123.9,1,0,0,1,1,0,21,0,0,6,0,0,0.0,0,0,6,0,0,0.0,0,10.8,1.4,1.74,0.0,0,0.0,12,0.0
1,17,1,9254,1,1,133.0,1,19,1,9,9,137.2,0,0,0,1,1,1,20,0,0,6,6,0,0.0,0,0,6,12,0,0.0,0,10.8,1.4,1.74,0.0,0,0.0,12,0.0
2,42,1,9147,1,1,133.1,1,37,37,9,9,115.8,0,0,0,0,1,0,49,0,0,5,5,0,0.0,0,0,5,9,0,0.0,0,10.8,1.4,1.74,0.0,0,0.0,10,0.0
1,7,1,9119,1,3,120.0,1,19,19,1,1,120.0,0,0,0,0,1,0,40,0,1,5,7,1,13.0,0,2,5,5,2,14.0,0,12.7,3.7,-1.7,13.5,3,1.0,10,0.3
1,17,3,9238,1,1,118.0,1,1,19,4,10,112.4,1,0,0,1,0,0,19,0,0,6,10,5,11.285714285714286,0,0,6,7,0,0.0,0,16.2,0.3,-0.92,5.642857142857143,5,-11.285714285714286,12,0.4166666666666667
1,1,4,9500,1,1,138.0,1,37,19,9,9,127.8,1,0,0,1,0,0,19,0,0,7,7,6,14.983333333333334,0,0,7,7,6,14.983333333333334,0,7.6,2.6,0.32,14.983333333333334,12,0.0,14,0.8571428571428571
1,44,1,9070,1,39,120.0,1,1,19,4,7,120.0,0,0,1,0,1,0,20,0,0,6,11,0,0.0,6,0,6,12,0,0.0,12,16.2,0.3,-0.92,0.0,0,0.0,12,0.0
1,17,1,9670,1,1,133.0,1,19,37,9,8,121.8,1,0,0,1,1,0,22,0,0,6,0,0,0.0,0,0,6,0,0,0.0,0,13.9,-0.3,0.79,0.0,0,0.0,12,0.0
1,1,1,9500,1,1,152.0,1,1,1,4,4,141.0,1,0,0,1,0,1,18,0,0,7,7,7,15.135714285714286,0,0,8,8,8,15.287499999999998,0,12.4,0.5,1.79,15.211607142857142,15,0.15178571428571175,15,1.0
1,1,6,9254,1,1,126.0,1,38,37,5,7,123.9,1,0,0,1,0,1,18,0,0,6,7,6,13.0,0,0,6,6,6,13.0,0,12.4,0.5,1.79,13.0,12,0.0,12,1.0
1,1,1,171,1,1,156.0,1,19,38,9,5,170.0,1,0,0,1,1,0,22,0,0,0,0,0,0.0,0,0,0,0,0,0.0,0,7.6,2.6,0.32,0.0,0,0.0,0,0.0
1,44,1,9085,1,39,130.0,6,19,1,6,4,130.0,1,0,0,1,0,0,22,1,0,6,12,5,12.8,0,0,6,19,2,11.5,0,12.4,0.5,1.79,12.15,7,-1.3000000000000007,12,0.5833333333333334
1,7,1,9085,1,40,150.0,1,19,19,9,5,150.0,0,0,1,0,0,0,26,0,0,3,3,0,0.0,0,0,6,0,0,0.0,0,8.9,1.4,3.51,0.0,0,0.0,9,0.0
1,17,1,9670,1,1,132.0,1,1,1,3,3,119.4,1,0,0,1,0,1,18,0,0,6,7,6,13.833333333333334,0,0,6,11,6,13.5,0,8.9,1.4,3.51,13.666666666666668,12,-0.3333333333333339,12,1.0
1,1,1,9670,1,1,150.0,1,3,37,4,7,139.5,0,0,0,1,1,1,20,0,0,6,7,6,14.833333333333334,0,0,6,6,6,14.833333333333334,0,12.7,3.7,-1.7,14.833333333333334,12,0.0,12,1.0
1,53,1,9003,1,42,130.0,1,38,38,9,9,130.0,1,0,1,1,1,0,20,0,7,12,16,11,12.545454545454543,0,5,10,12,8,11.625,0,8.9,1.4,3.51,12.085227272727272,19,-0.9204545454545432,22,0.8636363636363636
1,17,3,9119,1,1,120.0,1,1,19,9,3,116.9,1,0,1,0,1,0,18,0,0,5,10,3,12.0,0,0,5,8,3,10.333333333333334,0,8.9,1.4,3.51,11.166666666666668,6,-1.666666666666666,10,0.6
1,1,2,171,1,1,125.0,1,38,19,9,9,117.3,1,0,0,1,1,1,21,0,0,0,0,0,0.0,0,0,0,0,0,0.0,0,10.8,1.4,1.74,0.0,0,0.0,0,0.0
1,17,4,9853,1,1,121.0,1,38,38,5,7,113.7,1,0,0,1,0,1,20,0,0,6,8,5,13.4,0,0,6,9,5,13.666666666666666,0,9.4,-0.8,-3.12,13.533333333333333,10,0.2666666666666657,12,0.8333333333333334
1,1,2,9238,1,1,121.0,1,19,19,191,171,119.3,1,0,1,1,0,0,20,0,0,6,7,6,12.666666666666666,0,0,6,7,6,11.833333333333334,0,8.9,1.4,3.51,12.25,12,-0.8333333333333321,12,1.0
1,43,1,9070,1,1,135.0,1,1,38,3,9,126.4,1,0,0,1,0,1,20,0,5,12,12,12,13.25,0,5,12,12,11,12.727272727272728,0,15.5,2.8,-4.06,12.988636363636363,23,-0.5227272727272716,24,0.9583333333333334
1,17,3,9500,1,1,132.0,1,19,3,9,5,130.8,1,0,0,1,0,0,18,0,0,8,8,7,13.68142857142857,0,0,8,8,7,13.68142857142857,0,10.8,1.4,1.74,13.68142857142857,14,0.0,16,0.875
1,17,2,9147,1,1,118.0,1,19,1,9,3,113.5,1,0,1,1,0,0,20,0,0,5,10,2,11.5,0,0,5,8,3,10.0,0,11.1,0.6,2.02,10.75,5,-1.5,10,0.5
1,17,5,9773,1,1,139.0,1,38,1,4,4,123.6,1,0,0,1,1,0,18,0,0,6,6,6,13.0,0,0,6,12,0,0.0,0,7.6,2.6,0.32,6.5,6,-13.0,12,0.5
1,17,1,9238,1,1,127.0,1,38,38,9,6,122.8,0,0,0,1,0,1,19,0,0,6,8,6,14.0,0,0,6,7,6,14.571428571428571,0,16.2,0.3,-0.92,14.285714285714285,12,0.5714285714285712,12,1.0
1,1,2,9085,1,1,127.0,1,38,37,5,7,123.9,1,0,0,1,0,0,18,0,0,5,9,4,13.0,0,0,5,8,5,13.142857142857142,0,10.8,1.4,1.74,13.071428571428571,9,0.14285714285714235,10,0.9
1,1,3,9500,1,1,126.0,1,38,38,9,8,118.8,1,0,0,1,0,1,19,0,0,8,8,7,12.785714285714286,0,0,8,8,7,12.785714285714286,0,12.7,3.7,-1.7,12.785714285714286,14,0.0,16,0.875
1,17,5,9500,1,1,137.0,1,1,1,5,5,132.6,1,0,0,1,0,1,18,0,0,7,7,7,13.857142857142858,0,0,8,8,8,14.9,0,13.9,-0.3,0.79,14.37857142857143,15,1.0428571428571427,15,1.0
1,17,4,9254,1,1,124.0,1,1,1,4,4,122.3,1,0,0,1,0,0,19,0,0,6,7,6,11.666666666666666,0,0,6,6,6,12.333333333333334,0,13.9,-0.3,0.79,12.0,12,0.6666666666666679,12,1.0
1,39,1,9003,1,1,123.0,1,37,37,9,9,110.0,0,0,1,0,0,0,48,0,0,6,6,0,0.0,0,0,6,6,0,0.0,0,11.1,0.6,2.02,0.0,0,0.0,12,0.0
1,1,1,9070,1,1,132.0,1,1,1,9,9,133.8,1,0,0,1,0,1,20,0,0,6,6,6,13.833333333333334,0,0,6,6,6,13.5,0,16.2,0.3,-0.92,13.666666666666668,12,-0.3333333333333339,12,1.0
1,1,1,9853,1,1,152.0,1,19,19,9,5,154.1,0,0,1,1,0,1,18,0,0,6,6,6,13.333333333333334,0,0,6,7,6,12.571428571428571,0,12.7,3.7,-1.7,12.952380952380953,12,-0.7619047619047628,12,1.0
1,1,1,9238,1,1,134.0,1,1,1,4,9,124.2,1,0,1,1,0,1,19,0,0,6,6,6,12.833333333333334,0,0,6,6,6,12.666666666666666,0,9.4,-0.8,-3.12,12.75,12,-0.16666666666666785,12,1.0
1,1,2,9238,1,1,140.0,1,19,37,9,9,140.7,1,0,0,1,0,1,18,0,0,6,6,6,13.166666666666666,0,0,6,6,6,16.0,0,10.8,1.4,1.74,14.583333333333332,12,2.833333333333334,12,1.0
1,1,1,9238,1,1,168.0,1,37,37,9,9,149.5,0,0,0,1,0,0,18,0,0,6,10,6,17.0,0,0,6,11,6,16.0,0,12.4,0.5,1.79,16.5,12,-1.0,12,1.0
1,17,4,9119,1,1,139.0,1,37,19,9,4,133.1,1,0,0,1,1,0,18,0,0,5,8,4,12.5,0,0,5,7,3,14.666666666666666,1,7.6,2.6,0.32,13.583333333333332,7,2.166666666666666,10,0.7
1,1,5,9500,1,1,129.0,1,37,37,9,9,128.8,1,0,0,1,0,0,19,0,0,7,7,6,12.666666666666666,0,0,7,7,6,12.666666666666666,0,7.6,2.6,0.32,12.666666666666666,12,0.0,14,0.8571428571428571
1,17,2,9254,1,1,125.0,1,37,37,9,8,122.6,1,0,1,0,0,0,20,0,0,6,8,4,11.75,0,0,6,6,6,13.166666666666666,0,11.1,0.6,2.02,12.458333333333332,10,1.416666666666666,12,0.8333333333333334
2,39,1,9500,1,1,133.1,1,37,38,9,8,118.9,0,0,0,1,0,0,30,0,0,7,0,0,0.0,0,0,8,0,0,0.0,0,13.9,-0.3,0.79,0.0,0,0.0,15,0.0
1,18,1,9119,1,1,122.0,1,19,1,90,3,116.1,1,0,1,0,1,0,24,0,0,5,8,0,0.0,0,0,5,5,0,0.0,0,9.4,-0.8,-3.12,0.0,0,0.0,10,0.0
2,43,1,9991,0,1,130.0,1,37,37,9,9,103.8,0,0,0,1,0,0,28,0,14,15,15,14,11.071428571428571,0,12,14,16,12,11.333333333333334,1,9.4,-0.8,-3.12,11.202380952380953,26,0.26190476190476275,29,0.896551724137931
1,17,4,9147,1,1,120.0,1,38,19,9,9,111.3,1,0,0,1,0,0,21,0,0,5,5,5,12.6,0,0,5,5,5,13.2,0,8.9,1.4,3.51,12.899999999999999,10,0.5999999999999996,10,1.0
1,17,2,9147,1,1,133.1,1,1,1,4,4,95.0,0,0,0,1,1,0,20,0,0,5,14,0,0.0,0,0,5,5,0,0.0,0,11.1,0.6,2.02,0.0,0,0.0,10,0.0
1,1,3,9773,1,1,138.0,1,3,1,2,3,135.9,1,0,0,1,0,0,18,0,0,6,7,6,14.857142857142858,0,0,6,6,6,14.666666666666666,0,13.9,-0.3,0.79,14.761904761904763,12,-0.19047619047619158,12,1.0
1,1,2,9670,1,1,124.0,1,19,1,9,4,117.7,1,0,1,1,1,0,20,0,0,5,5,4,12.0,0,0,5,6,5,11.6,0,9.4,-0.8,-3.12,11.8,9,-0.40000000000000036,10,0.9
1,1,3,9147,1,1,125.0,1,1,38,7,7,120.1,0,0,1,1,1,0,19,0,0,5,8,5,11.2,0,0,5,10,4,10.75,3,16.2,0.3,-0.92,10.975,9,-0.4499999999999993,10,0.9
1,1,3,9773,1,1,131.0,1,38,37,7,7,127.2,1,0,0,1,0,1,18,0,0,6,6,6,15.0,0,0,6,6,6,12.833333333333334,0,8.9,1.4,3.51,13.916666666666668,12,-2.166666666666666,12,1.0
1,1,2,9070,1,1,128.0,1,19,19,3,3,123.5,1,1,0,0,1,0,19,0,0,6,9,4,12.5,0,0,6,6,0,0.0,0,9.4,-0.8,-3.12,6.25,4,-12.5,12,0.3333333333333333
1,51,1,9773,1,1,158.0,1,1,19,8,8,117.1,1,0,0,1,1,0,20,0,1,7,7,6,13.833333333333334,0,1,6,7,5,13.0,0,8.9,1.4,3.51,13.416666666666668,11,-0.8333333333333339,13,0.8461538461538461
1,1,1,9500,1,1,149.0,1,37,37,9,9,136.0,0,0,0,1,0,1,18,0,0,7,7,6,12.916666666666666,0,0,7,7,6,12.916666666666666,0,7.6,2.6,0.32,12.916666666666666,12,0.0,14,0.8571428571428571
1,43,1,33,1,1,134.0,1,37,37,1,1,100.0,1,0,0,1,1,0,32,0,0,7,7,0,0.0,0,0,7,8,0,0.0,0,13.9,-0.3,0.79,0.0,0,0.0,14,0.0
1,7,1,9991,0,40,133.1,1,1,37,4,1,100.0,0,0,0,1,0,0,26,0,8,9,11,9,12.333333333333334,0,4,7,7,7,12.571428571428571,0,12.4,0.5,1.79,12.452380952380953,16,0.23809523809523725,16,1.0
1,17,4,9500,1,1,150.0,1,38,37,9,9,130.8,0,0,0,1,1,1,22,0,0,7,7,7,14.842857142857142,0,0,8,9,8,15.055555555555555,0,16.2,0.3,-0.92,14.94920634920635,15,0.21269841269841372,15,1.0
2,1,1,9991,0,1,150.0,1,37,37,9,9,131.8,0,0,0,0,0,0,29,0,0,5,6,4,12.25,0,0,5,6,5,10.166666666666666,0,10.8,1.4,1.74,11.208333333333332,9,-2.083333333333334,10,0.9
2,51,1,9991,0,1,127.0,1,37,37,8,4,100.1,0,0,0,1,0,0,31,0,1,5,5,5,14.0,0,0,5,5,5,13.8,0,8.9,1.4,3.51,13.9,10,-0.1999999999999993,10,1.0
2,39,1,9991,0,1,133.1,1,37,37,9,9,132.8,0,0,1,0,1,0,45,0,0,5,9,0,0.0,0,0,5,11,0,0.0,0,12.4,0.5,1.79,0.0,0,0.0,10,0.0
1,1,1,9773,1,1,135.0,1,37,38,9,6,122.1,1,0,0,1,1,0,18,0,0,6,6,6,13.833333333333334,0,0,6,6,6,13.666666666666666,0,12.7,3.7,-1.7,13.75,12,-0.16666666666666785,12,1.0
1,1,1,9853,1,1,122.0,1,38,37,191,195,112.9,1,0,0,1,0,1,19,0,0,7,8,7,13.857142857142858,0,0,7,8,6,13.666666666666666,0,8.9,1.4,3.51,13.761904761904763,13,-0.19047619047619158,14,0.9285714285714286
1,1,1,9238,1,1,139.0,1,37,38,9,9,126.1,0,0,0,1,0,1,19,0,0,6,7,5,12.333333333333334,0,0,6,7,6,12.833333333333334,0,12.7,3.7,-1.7,12.583333333333334,11,0.5,12,0.9166666666666666
1,39,1,9500,1,1,130.0,1,37,19,9,8,106.2,1,0,0,1,0,0,27,0,0,7,14,0,0.0,0,0,7,14,0,0.0,0,11.1,0.6,2.02,0.0,0,0.0,14,0.0
2,39,1,9853,1,1,133.1,1,37,19,9,5,138.3,0,0,0,1,0,0,45,0,0,7,12,4,10.25,0,0,7,10,3,13.0,0,11.1,0.6,2.02,11.625,7,2.75,14,0.5
1,1,1,9500,1,1,125.0,1,37,37,9,9,126.0,1,0,1,1,0,0,20,0,0,7,7,6,15.4,0,0,7,7,6,15.4,0,7.6,2.6,0.32,15.4,12,0.0,14,0.8571428571428571
2,39,1,9853,1,12,133.1,1,37,37,7,8,103.0,0,0,0,1,0,0,41,0,0,6,0,0,0.0,0,0,6,0,0,0.0,0,16.2,0.3,-0.92,0.0,0,0.0,12,0.0
1,1,2,9670,1,1,131.0,1,1,19,4,7,135.9,1,0,0,1,0,1,18,0,0,6,6,6,13.166666666666666,0,0,6,8,6,12.428571428571429,0,8.9,1.4,3.51,12.797619047619047,12,-0.7380952380952372,12,1.0
1,17,3,9500,1,1,138.0,1,3,3,4,5,130.0,1,0,0,1,0,0,18,0,0,7,8,7,14.85,0,0,8,8,8,15.2,0,13.9,-0.3,0.79,15.024999999999999,15,0.34999999999999964,15,1.0
1,1,4,9500,1,1,137.0,1,19,37,9,7,130.8,0,0,1,1,0,0,18,0,0,8,9,8,14.4025,1,0,8,9,8,14.4025,1,9.4,-0.8,-3.12,14.4025,16,0.0,16,1.0
1,39,1,33,1,1,133.1,1,19,37,9,9,96.1,0,0,0,1,1,0,25,0,0,7,13,2,15.0,0,0,7,12,2,11.5,0,12.4,0.5,1.79,13.25,4,-3.5,14,0.2857142857142857
2,39,1,9003,1,1,120.0,1,37,19,9,4,148.8,0,0,0,1,0,0,50,0,0,6,7,6,12.5,0,0,6,15,5,12.4,0,8.9,1.4,3.51,12.45,11,-0.09999999999999964,12,0.9166666666666666
2,1,5,9500,1,1,130.0,1,1,19,4,4,122.3,0,0,0,1,0,0,19,0,0,7,7,6,14.35,0,0,7,7,6,14.35,0,7.6,2.6,0.32,14.35,12,0.0,14,0.8571428571428571
1,1,4,9670,1,1,125.0,1,1,38,4,7,114.9,1,0,0,1,0,1,19,0,0,6,8,6,13.375,0,0,6,7,6,12.285714285714286,0,11.1,0.6,2.02,12.830357142857142,12,-1.0892857142857135,12,1.0
1,1,2,9500,1,1,124.0,1,34,34,0,0,123.3,1,0,0,1,0,1,20,0,0,8,8,7,14.901428571428571,1,0,8,8,7,14.901428571428571,1,9.4,-0.8,-3.12,14.901428571428571,14,0.0,16,0.875
2,39,2,9147,1,1,130.0,1,19,37,4,7,140.0,0,0,0,1,1,0,34,0,0,5,10,3,11.666666666666666,1,0,5,7,4,12.75,0,9.4,-0.8,-3.12,12.208333333333332,7,1.083333333333334,10,0.7
1,44,1,9119,1,39,140.0,1,5,41,3,2,140.0,0,0,0,1,1,0,23,0,3,7,12,3,14.0,0,1,6,12,1,14.0,0,12.4,0.5,1.79,14.0,4,0.0,13,0.3076923076923077
1,39,1,9119,1,1,160.0,1,1,38,4,7,112.0,0,0,0,0,1,0,25,0,0,5,8,0,0.0,0,0,5,5,0,0.0,0,9.4,-0.8,-3.12,0.0,0,0.0,10,0.0
1,43,1,9500,1,1,120.0,1,1,1,5,8,112.0,1,0,0,1,0,1,19,0,0,8,15,7,11.571428571428571,0,0,8,15,7,11.571428571428571,0,12.7,3.7,-1.7,11.571428571428571,14,0.0,16,0.875
4,39,1,9670,1,19,133.1,1,37,37,9,7,130.0,0,0,1,1,1,1,29,0,0,6,16,1,14.0,0,0,6,7,0,0.0,0,11.1,0.6,2.02,7.0,1,-14.0,12,0.08333333333333333
1,17,1,9670,1,1,125.0,1,37,37,9,9,121.5,1,0,0,1,1,1,21,0,0,6,8,4,14.75,0,0,6,6,5,11.8,0,12.7,3.7,-1.7,13.275,9,-2.9499999999999993,12,0.75
1,1,1,9070,1,1,115.0,1,19,1,3,8,123.4,0,0,0,1,0,0,23,0,1,6,8,6,13.0,1,0,6,8,6,11.875,0,13.9,-0.3,0.79,12.4375,12,-1.125,12,1.0
1,1,1,9085,1,1,101.0,1,37,37,9,4,101.0,1,0,1,1,0,0,22,0,0,6,9,5,13.333333333333334,0,0,6,17,4,11.4,0,12.4,0.5,1.79,12.366666666666667,9,-1.9333333333333336,12,0.75
1,17,1,9085,1,1,138.0,1,2,19,2,9,126.8,1,0,0,1,0,0,18,0,0,5,12,2,11.5,0,0,5,12,3,11.8,2,10.8,1.4,1.74,11.65,5,0.3000000000000007,10,0.5
1,1,1,9773,1,1,132.0,1,2,1,9,9,126.4,1,1,0,1,0,1,18,0,0,6,9,6,11.166666666666666,0,0,6,11,5,12.4,0,10.8,1.4,1.74,11.783333333333333,11,1.2333333333333343,12,0.9166666666666666
2,39,1,9003,1,3,110.0,1,3,19,4,6,150.0,0,0,0,1,1,0,32,0,0,6,8,6,18.875,0,6,12,14,12,17.692307692307693,0,16.2,0.3,-0.92,18.283653846153847,18,-1.1826923076923066,18,1.0
2,39,1,8014,0,1,140.0,1,19,19,9,7,102.5,0,0,0,1,0,1,32,0,0,6,6,6,11.333333333333334,0,0,6,8,5,13.0,0,15.5,2.8,-4.06,12.166666666666668,11,1.666666666666666,12,0.9166666666666666
1,39,1,9991,0,1,133.1,1,19,37,9,7,111.4,0,0,0,1,1,0,27,0,0,5,7,1,11.0,0,0,5,7,0,0.0,0,13.9,-0.3,0.79,5.5,1,-11.0,10,0.1
1,1,4,9670,1,1,128.0,1,38,38,3,7,121.0,1,0,0,1,0,0,19,0,0,6,8,6,13.5,0,0,6,9,6,13.571428571428571,0,11.1,0.6,2.02,13.535714285714285,12,0.07142857142857117,12,1.0
1,1,5,9500,1,1,144.0,1,19,38,4,8,141.3,1,0,0,1,0,1,18,0,0,8,9,8,13.31,1,0,8,9,8,13.31,1,9.4,-0.8,-3.12,13.31,16,0.0,16,1.0
1,1,2,9500,1,1,97.0,1,1,19,2,7,98.1,1,0,0,1,0,0,21,0,0,7,7,7,12.835714285714284,0,0,8,8,8,14.23125,0,11.1,0.6,2.02,13.533482142857142,15,1.3955357142857157,15,1.0
1,1,1,9773,1,1,111.0,1,19,19,9,9,110.0,1,0,0,1,0,0,18,0,0,6,6,5,12.6,0,0,6,8,6,12.0,0,11.1,0.6,2.02,12.3,11,-0.5999999999999996,12,0.9166666666666666
1,17,2,9500,1,1,146.0,1,3,3,3,6,133.4,1,0,0,1,0,0,18,0,0,7,8,7,12.5,0,0,8,9,7,13.042857142857144,0,13.9,-0.3,0.79,12.771428571428572,14,0.5428571428571445,15,0.9333333333333333
1,1,1,9147,1,1,127.0,1,19,19,5,5,129.8,1,0,0,1,0,0,22,0,0,5,8,3,10.333333333333334,0,0,5,11,2,10.0,0,7.6,2.6,0.32,10.166666666666668,5,-0.3333333333333339,10,0.5
1,1,1,9238,1,1,135.0,1,19,38,3,9,136.1,1,0,0,1,0,1,18,0,0,6,6,6,14.0,0,0,6,6,6,13.666666666666666,0,12.4,0.5,1.79,13.833333333333332,12,-0.3333333333333339,12,1.0
1,44,1,9238,1,39,150.0,1,1,37,4,8,145.6,1,0,0,1,0,1,20,0,3,6,6,6,13.333333333333334,0,2,6,6,6,14.166666666666666,0,13.9,-0.3,0.79,13.75,12,0.8333333333333321,12,1.0
2,39,1,8014,0,19,100.0,1,1,19,1,5,130.0,0,0,1,1,0,1,33,0,0,6,9,5,13.833333333333334,0,0,6,7,6,12.5,0,9.4,-0.8,-3.12,13.166666666666668,11,-1.333333333333334,12,0.9166666666666666
1,43,1,9500,1,1,140.0,100,1,1,6,6,128.2,0,0,0,1,0,0,39,1,0,7,0,0,0.0,0,0,8,0,0,0.0,0,12.7,3.7,-1.7,0.0,0,0.0,15,0.0
2,43,1,9070,1,2,140.0,1,37,37,6,6,140.0,1,0,0,1,1,0,38,0,14,18,18,18,14.5,0,13,18,18,18,14.5,0,16.2,0.3,-0.92,14.5,36,0.0,36,1.0
1,1,1,9500,1,1,157.0,1,37,37,9,9,143.0,0,0,0,1,1,0,18,0,0,8,8,7,13.4,0,0,8,8,7,13.4,0,12.7,3.7,-1.7,13.4,14,0.0,16,0.875
1,17,1,9147,1,1,120.0,1,3,38,3,7,124.2,1,0,0,1,1,0,18,0,0,5,13,5,12.0,0,0,5,9,4,11.4,0,13.9,-0.3,0.79,11.7,9,-0.5999999999999996,10,0.9
1,1,4,9500,1,1,141.0,1,38,38,7,7,132.5,1,0,0,1,0,1,18,0,0,8,8,8,13.39125,0,0,8,8,8,13.39125,0,9.4,-0.8,-3.12,13.39125,16,0.0,16,1.0
1,43,1,9500,1,1,170.0,1,19,37,8,8,100.0,0,0,0,1,0,0,20,0,0,7,8,6,13.25,0,0,8,8,8,13.75,0,13.9,-0.3,0.79,13.5,14,0.5,15,0.9333333333333333
1,1,1,9238,1,1,105.0,1,19,19,6,6,106.1,1,0,0,1,0,0,20,0,0,6,6,6,11.5,0,0,6,7,6,13.285714285714286,0,11.1,0.6,2.02,12.392857142857142,12,1.7857142857142865,12,1.0
2,7,1,9991,0,3,140.0,1,34,34,99,99,140.0,1,0,0,0,1,0,33,0,0,5,5,0,0.0,0,0,5,5,0,0.0,0,7.6,2.6,0.32,0.0,0,0.0,10,0.0
4,43,1,9853,1,1,133.1,100,19,22,90,90,100.0,0,0,0,1,0,0,33,1,0,6,6,6,12.166666666666666,0,0,6,9,3,11.0,0,7.6,2.6,0.32,11.583333333333332,9,-1.166666666666666,12,0.75
4,39,1,9003,1,1,140.0,1,37,37,9,8,150.0,0,0,0,1,1,0,28,0,0,6,12,5,12.0,0,0,6,10,6,12.333333333333334,0,11.1,0.6,2.02,12.166666666666668,11,0.3333333333333339,12,0.9166666666666666
2,39,1,9254,1,1,120.0,1,1,19,9,9,148.3,0,0,0,1,1,0,47,0,6,11,11,11,14.727272727272728,0,6,9,9,9,15.77777777777778,0,10.8,1.4,1.74,15.252525252525254,20,1.050505050505052,20,1.0
1,43,1,9130,1,1,120.0,1,2,3,3,2,120.0,1,0,0,0,1,0,22,0,0,6,0,0,0.0,0,0,4,6,0,0.0,2,10.8,1.4,1.74,0.0,0,0.0,10,0.0
1,1,1,9500,1,1,145.0,1,19,1,9,5,145.0,0,0,0,1,0,1,18,0,0,7,7,7,14.071428571428571,0,0,8,8,8,15.1625,0,13.9,-0.3,0.79,14.616964285714285,15,1.0910714285714285,15,1.0
1,1,6,9500,1,1,138.0,1,1,38,3,9,123.0,1,0,0,1,0,0,19,0,0,7,10,5,13.44,0,0,7,8,6,13.066666666666668,0,12.4,0.5,1.79,13.253333333333334,11,-0.3733333333333313,14,0.7857142857142857
1,1,1,171,1,1,132.0,1,1,1,4,1,119.4,1,0,0,1,1,0,20,0,0,0,0,0,0.0,0,0,0,0,0,0.0,0,10.8,1.4,1.74,0.0,0,0.0,0,0.0
1,39,1,9500,1,1,137.0,1,37,37,9,9,141.0,0,0,0,1,1,0,36,0,0,7,0,0,0.0,0,0,8,0,0,0.0,0,12.4,0.5,1.79,0.0,0,0.0,15,0.0
1,1,1,9130,1,1,151.0,1,3,1,2,4,151.0,1,0,0,1,0,0,18,0,0,6,11,6,14.444444444444445,0,0,6,6,6,13.333333333333334,0,16.2,0.3,-0.92,13.88888888888889,12,-1.1111111111111107,12,1.0
1,1,2,9500,1,1,137.0,1,19,19,7,7,120.8,1,0,0,1,0,1,18,0,0,8,8,7,14.654285714285717,0,0,8,8,7,14.654285714285717,0,10.8,1.4,1.74,14.654285714285717,14,0.0,16,0.875
1,17,1,9119,1,1,130.0,1,19,19,7,9,121.3,1,0,0,1,1,0,18,0,0,5,9,1,12.0,0,0,5,10,2,12.0,3,7.6,2.6,0.32,12.0,3,0.0,10,0.3
1,1,1,9670,1,1,113.0,1,1,37,1,10,116.5,1,0,0,1,0,0,19,0,0,6,7,6,12.833333333333334,0,0,6,10,6,11.77777777777778,0,8.9,1.4,3.51,12.305555555555557,12,-1.0555555555555536,12,1.0
1,44,1,9085,1,39,140.0,1,1,2,4,6,140.0,1,0,0,1,0,0,29,0,0,6,0,0,0.0,0,0,6,0,0,0.0,0,15.5,2.8,-4.06,0.0,0,0.0,12,0.0
1,1,1,9130,1,1,152.0,1,19,37,9,8,135.6,1,0,0,1,1,0,18,0,0,5,5,5,15.4,0,0,5,5,5,15.6,0,12.7,3.7,-1.7,15.5,10,0.1999999999999993,10,1.0
1,18,2,9500,1,1,131.0,1,1,3,3,2,121.2,1,0,0,1,0,0,18,0,0,7,8,7,12.4,0,0,8,9,8,12.8,0,16.2,0.3,-0.92,12.600000000000001,15,0.40000000000000036,15,1.0
1,17,2,9119,1,1,116.0,1,19,1,9,7,112.2,0,0,0,1,1,0,19,0,0,5,0,0,0.0,0,0,5,0,0,0.0,0,16.2,0.3,-0.92,0.0,0,0.0,10,0.0
1,1,4,9254,1,1,110.0,1,37,37,9,7,113.2,1,0,0,1,0,0,24,0,0,6,14,2,10.5,0,0,6,11,1,10.0,0,10.8,1.4,1.74,10.25,3,-0.5,12,0.25
1,1,1,9773,1,1,133.1,1,3,19,4,5,105.0,1,0,0,1,0,0,20,0,0,6,6,6,13.833333333333334,0,0,6,6,6,12.5,0,12.7,3.7,-1.7,13.166666666666668,12,-1.333333333333334,12,1.0
1,18,3,9500,1,1,145.0,1,1,1,4,8,133.6,1,0,0,1,0,0,18,0,0,7,8,7,13.087142857142856,0,0,8,8,8,12.95,0,11.1,0.6,2.02,13.018571428571427,15,-0.137142857142857,15,1.0
1,1,5,9773,1,1,118.0,1,38,19,9,9,113.8,1,0,0,1,0,0,19,0,0,6,7,6,12.333333333333334,0,0,6,7,6,12.5,0,8.9,1.4,3.51,12.416666666666668,12,0.16666666666666607,12,1.0
1,1,1,9500,1,1,130.0,1,19,19,4,10,116.8,0,0,0,1,0,0,20,0,0,8,8,7,12.685714285714283,0,0,8,8,7,12.685714285714283,0,12.7,3.7,-1.7,12.685714285714283,14,0.0,16,0.875
1,17,3,9147,1,1,118.0,1,1,19,5,7,118.0,0,0,0,1,0,0,20,0,0,5,11,4,11.0,0,0,5,7,5,13.2,0,12.4,0.5,1.79,12.1,9,2.1999999999999993,10,0.9
1,43,1,8014,0,12,114.0,1,34,34,0,99,110.0,0,0,0,1,0,0,29,0,0,6,10,6,11.666666666666666,0,0,6,7,6,11.0,0,7.6,2.6,0.32,11.333333333333332,12,-0.6666666666666661,12,1.0
1,17,4,9500,1,1,136.0,1,3,3,2,2,132.5,1,0,0,1,0,0,19,0,0,7,8,7,13.198571428571428,0,0,8,8,8,13.0625,0,11.1,0.6,2.02,13.130535714285713,15,-0.1360714285714284,15,1.0
1,17,5,9254,1,1,130.0,1,37,38,9,9,122.7,1,0,1,1,1,1,20,0,0,6,7,0,0.0,0,0,6,6,0,0.0,0,8.9,1.4,3.51,0.0,0,0.0,12,0.0
1,42,1,9500,1,1,133.1,41,3,1,3,10,100.0,1,0,0,0,0,0,33,1,1,7,10,5,12.16,0,0,6,7,5,11.34,0,12.4,0.5,1.79,11.75,10,-0.8200000000000003,13,0.7692307692307693
1,1,1,9070,1,1,137.0,1,37,37,9,9,126.2,1,0,0,1,0,1,19,0,0,6,6,6,13.0,0,0,6,8,6,12.5,0,10.8,1.4,1.74,12.75,12,-0.5,12,1.0
1,1,1,9085,1,1,123.0,1,30,19,4,90,122.3,0,0,0,1,0,0,18,0,0,5,6,5,14.2,0,0,5,7,5,11.8,0,7.6,2.6,0.32,13.0,10,-2.3999999999999986,10,1.0
1,39,1,9119,1,19,133.1,1,1,1,4,3,134.4,0,0,1,0,1,0,31,0,0,5,9,2,13.333333333333334,0,0,5,9,2,16.0,4,16.2,0.3,-0.92,14.666666666666668,4,2.666666666666666,10,0.4
1,7,2,9085,1,3,130.0,1,3,3,1,1,130.0,0,0,0,0,0,0,28,0,0,5,9,1,12.0,1,0,4,10,0,0.0,4,10.8,1.4,1.74,6.0,1,-12.0,9,0.1111111111111111
1,43,2,9670,1,1,125.0,1,38,19,4,3,106.6,1,0,0,1,0,0,20,0,4,6,7,6,11.5,0,0,6,10,4,10.571428571428571,0,10.8,1.4,1.74,11.035714285714285,10,-0.9285714285714288,12,0.8333333333333334
1,17,1,9773,1,1,120.0,1,37,37,5,5,125.3,0,0,0,1,0,0,18,0,0,6,9,6,12.5,0,0,6,9,6,13.0,0,7.6,2.6,0.32,12.75,12,0.5,12,1.0
1,42,1,9991,0,1,150.0,1,19,19,5,5,113.7,0,0,0,1,1,0,30,0,11,15,15,13,11.461538461538462,0,6,11,15,10,11.583333333333334,1,16.2,0.3,-0.92,11.522435897435898,23,0.12179487179487225,26,0.8846153846153846
1,39,1,9003,1,3,130.0,1,3,3,1,2,150.0,0,0,0,1,0,0,35,0,0,6,10,6,14.0,0,0,6,11,6,13.1,0,16.2,0.3,-0.92,13.55,12,-0.9000000000000004,12,1.0
1,1,1,9119,1,1,126.0,1,38,19,5,5,130.2,0,0,0,1,1,0,19,0,0,5,7,5,10.2,0,0,5,8,3,12.0,0,10.8,1.4,1.74,11.1,8,1.8000000000000007,10,0.8
1,44,1,9085,1,39,130.0,1,3,1,2,9,130.0,1,0,0,1,0,0,21,0,1,6,13,3,11.75,0,1,6,13,5,12.333333333333334,0,12.4,0.5,1.79,12.041666666666668,8,0.5833333333333339,12,0.6666666666666666
1,39,1,9670,1,1,150.0,1,34,34,0,0,108.0,0,0,0,1,0,0,25,0,0,5,6,1,11.0,0,0,5,5,0,0.0,0,7.6,2.6,0.32,5.5,1,-11.0,10,0.1
1,17,3,9853,1,1,133.1,1,12,1,4,0,134.8,1,0,0,1,0,0,18,0,0,6,12,0,0.0,0,0,6,12,0,0.0,0,7.6,2.6,0.32,0.0,0,0.0,12,0.0
1,39,1,9003,1,1,160.0,1,1,38,5,6,168.6,0,0,0,1,1,0,26,0,0,6,9,0,0.0,0,0,6,6,0,0.0,0,13.9,-0.3,0.79,0.0,0,0.0,12,0.0
1,1,1,9147,1,1,127.0,1,1,19,5,7,130.5,1,0,0,1,0,1,21,0,0,5,6,5,12.8,1,0,5,7,4,11.25,0,9.4,-0.8,-3.12,12.025,9,-1.5500000000000007,10,0.9
1,17,5,9119,1,1,123.0,1,3,1,2,9,116.0,1,0,1,0,1,0,20,0,0,5,5,0,0.0,0,0,5,5,0,0.0,0,8.9,1.4,3.51,0.0,0,0.0,10,0.0
1,39,1,8014,0,1,133.1,1,34,5,0,1,118.5,1,0,0,1,0,0,31,0,0,6,12,0,0.0,0,0,6,0,0,0.0,0,7.6,2.6,0.32,0.0,0,0.0,12,0.0
1,43,1,9773,1,1,133.1,22,34,34,90,90,130.0,0,0,1,1,0,0,23,1,0,6,11,1,16.0,0,0,6,8,4,12.25,0,7.6,2.6,0.32,14.125,5,-3.75,12,0.4166666666666667
1,1,2,9147,1,1,121.0,1,1,19,9,9,113.7,1,0,0,0,0,0,20,0,0,5,10,2,10.0,0,0,5,12,1,13.0,0,7.6,2.6,0.32,11.5,3,3.0,10,0.3
1,1,1,171,1,1,149.0,1,1,1,9,3,156.0,1,0,0,1,0,0,18,0,0,0,0,0,0.0,0,0,0,0,0,0.0,0,10.8,1.4,1.74,0.0,0,0.0,0,0.0
1,1,6,9238,1,1,113.0,1,1,38,194,163,112.3,1,0,1,1,0,1,20,0,0,6,8,5,11.6,0,0,6,8,4,11.75,0,8.9,1.4,3.51,11.675,9,0.15000000000000036,12,0.75
1,1,1,9085,1,1,120.0,1,38,38,4,7,111.6,1,0,0,1,0,0,19,0,0,6,12,5,14.0,0,0,6,14,5,11.0,0,16.2,0.3,-0.92,12.5,10,-3.0,12,0.8333333333333334
2,39,1,8014,0,1,150.0,1,37,38,3,7,134.5,0,0,0,1,0,0,28,0,0,6,8,5,11.833333333333334,0,0,6,6,6,13.0,0,16.2,0.3,-0.92,12.416666666666668,11,1.166666666666666,12,0.9166666666666666
1,16,2,9147,1,1,132.0,1,37,37,9,9,122.6,1,0,0,1,0,1,20,0,0,5,8,3,12.0,0,0,5,9,4,12.625,0,10.8,1.4,1.74,12.3125,7,0.625,10,0.7
1,1,4,9773,1,1,122.0,1,41,1,4,3,119.6,1,0,0,1,0,0,19,0,0,6,6,4,12.0,0,0,6,11,3,11.333333333333334,0,11.1,0.6,2.02,11.666666666666668,7,-0.6666666666666661,12,0.5833333333333334
1,42,1,9500,1,1,100.0,1,1,19,4,8,136.0,1,0,0,1,0,0,21,0,4,7,9,7,14.355555555555554,0,5,8,8,8,13.49375,0,15.5,2.8,-4.06,13.924652777777776,15,-0.8618055555555539,15,1.0
1,39,1,8014,0,19,100.0,1,37,37,5,5,111.0,1,0,0,1,0,1,26,0,0,6,10,3,12.333333333333334,0,0,6,14,3,11.666666666666666,0,7.6,2.6,0.32,12.0,6,-0.6666666666666679,12,0.5
1,17,4,9085,1,1,138.0,1,19,36,90,7,134.9,1,0,0,1,0,0,20,0,0,5,7,4,12.4,0,0,5,9,5,12.666666666666666,0,7.6,2.6,0.32,12.533333333333333,9,0.2666666666666657,10,0.9
1,1,1,9238,1,1,126.0,1,3,1,5,5,125.7,0,0,0,1,0,1,18,0,0,6,6,6,11.333333333333334,0,0,6,8,6,11.333333333333334,0,15.5,2.8,-4.06,11.333333333333334,12,0.0,12,1.0
1,17,2,9773,1,1,148.0,1,3,38,2,6,144.2,1,0,0,1,0,0,18,0,0,6,6,6,15.166666666666666,0,0,6,7,6,14.285714285714286,0,12.4,0.5,1.79,14.726190476190476,12,-0.8809523809523796,12,1.0
1,1,4,9119,1,1,126.0,1,3,19,2,9,123.6,1,0,0,1,1,0,18,0,0,5,6,5,12.4,0,0,5,9,3,13.0,0,8.9,1.4,3.51,12.7,8,0.5999999999999996,10,0.8
1,17,1,9238,1,1,134.0,1,38,19,7,7,124.2,0,0,0,1,0,1,21,0,0,6,11,4,11.25,0,0,6,12,4,11.4,0,15.5,2.8,-4.06,11.325,8,0.15000000000000036,12,0.6666666666666666
1,1,3,9500,1,1,148.0,1,1,19,4,5,135.1,1,0,1,1,0,0,18,0,0,7,0,0,0.0,0,0,8,0,0,0.0,0,13.9,-0.3,0.79,0.0,0,0.0,15,0.0
1,17,1,9670,1,1,117.0,1,1,1,4,4,117.7,1,0,0,1,1,0,20,0,0,6,9,6,14.666666666666666,0,0,6,7,6,13.857142857142858,0,8.9,1.4,3.51,14.261904761904763,12,-0.8095238095238084,12,1.0
1,17,3,9670,1,1,123.0,1,38,38,7,8,118.8,1,1,0,1,0,1,18,0,0,6,10,5,12.0,0,0,6,11,5,12.333333333333334,0,11.1,0.6,2.02,12.166666666666668,10,0.3333333333333339,12,0.8333333333333334
1,17,1,9773,1,1,125.0,1,3,3,2,3,118.0,1,0,0,1,1,0,19,0,0,6,12,4,10.8,0,0,6,14,3,11.0,0,13.9,-0.3,0.79,10.9,7,0.1999999999999993,12,0.5833333333333334
1,1,4,9773,1,1,136.0,1,1,12,9,10,121.7,1,0,0,1,0,1,22,0,0,6,7,5,13.2,0,0,6,7,5,13.6,0,12.4,0.5,1.79,13.399999999999999,10,0.40000000000000036,12,0.8333333333333334
2,39,1,9991,0,1,110.0,1,37,37,1,4,120.0,1,0,0,0,1,0,40,0,0,5,10,2,10.5,0,0,5,5,3,10.666666666666666,0,9.4,-0.8,-3.12,10.583333333333332,5,0.16666666666666607,10,0.5
4,39,1,9991,0,1,150.0,1,37,38,9,9,146.2,0,0,0,1,0,0,30,0,0,5,11,3,10.333333333333334,0,0,5,10,4,12.8,0,12.4,0.5,1.79,11.566666666666666,7,2.466666666666667,10,0.7
2,39,1,9853,1,19,133.1,1,37,19,3,7,100.0,0,0,0,1,0,0,45,0,0,6,11,3,12.333333333333334,0,0,6,13,2,11.0,0,7.6,2.6,0.32,11.666666666666668,5,-1.333333333333334,12,0.4166666666666667
1,1,1,9500,1,1,157.0,1,19,38,5,3,149.3,0,0,0,1,0,0,18,0,0,8,8,8,14.035,0,0,8,8,8,14.035,0,9.4,-0.8,-3.12,14.035,16,0.0,16,1.0
5,39,1,9003,1,19,133.1,1,19,1,9,9,119.4,0,0,1,0,0,0,27,0,0,6,6,0,0.0,0,0,6,7,0,0.0,0,8.9,1.4,3.51,0.0,0,0.0,12,0.0
1,1,1,9085,1,1,130.0,1,37,11,90,90,122.6,0,0,0,1,0,0,18,0,0,5,5,5,13.0,0,0,5,5,5,12.4,0,7.6,2.6,0.32,12.7,10,-0.5999999999999996,10,1.0
1,1,1,9773,1,1,141.0,1,38,38,9,9,128.4,1,0,0,1,0,0,18,0,0,6,6,6,15.5,0,0,6,6,6,14.0,0,11.1,0.6,2.02,14.75,12,-1.5,12,1.0
1,1,1,9085,1,1,135.0,1,1,2,9,1,134.3,1,0,0,1,0,0,19,0,0,5,7,5,14.2,2,0,5,7,5,13.8,0,12.7,3.7,-1.7,14.0,10,-0.3999999999999986,10,1.0
1,44,1,9238,1,39,140.0,1,38,19,5,0,141.8,0,0,0,1,0,0,21,0,3,6,7,6,12.571428571428571,0,2,6,6,6,13.5,0,12.4,0.5,1.79,13.035714285714285,12,0.9285714285714288,12,1.0
1,1,1,9853,1,1,126.0,1,3,1,2,5,116.9,1,1,0,1,0,0,18,0,0,7,10,6,10.666666666666666,0,0,7,12,6,12.833333333333334,0,13.9,-0.3,0.79,11.75,12,2.166666666666668,14,0.8571428571428571
1,17,5,9670,1,1,132.0,1,19,19,5,5,134.1,1,0,0,1,1,0,21,0,0,6,6,6,15.166666666666666,0,0,6,9,6,14.0,0,10.8,1.4,1.74,14.583333333333332,12,-1.166666666666666,12,1.0
1,1,2,9500,1,1,115.0,1,38,38,9,8,108.4,1,0,0,1,0,1,20,0,0,7,8,7,11.9625,0,0,8,9,8,13.044444444444444,0,13.9,-0.3,0.79,12.503472222222221,15,1.081944444444444,15,1.0
1,44,1,9003,1,39,140.0,1,1,38,1,9,140.0,0,0,0,1,1,0,25,0,0,6,16,3,11.25,0,0,6,14,4,11.2,0,15.5,2.8,-4.06,11.225,7,-0.05000000000000071,12,0.5833333333333334
1,53,1,9085,1,42,140.0,1,19,38,8,9,144.9,1,0,1,0,0,0,23,0,7,11,18,11,13.166666666666666,0,4,9,15,8,13.333333333333334,0,8.9,1.4,3.51,13.25,19,0.16666666666666785,20,0.95
1,39,1,9991,0,1,130.0,1,3,1,3,3,120.5,0,0,0,1,1,0,28,0,0,5,5,0,0.0,0,0,5,5,0,0.0,0,12.7,3.7,-1.7,0.0,0,0.0,10,0.0
1,15,1,9238,1,1,150.0,26,19,1,9,9,146.5,1,0,1,0,1,0,22,1,0,6,10,5,11.5,0,0,6,8,5,12.4,0,13.9,-0.3,0.79,11.95,10,0.9000000000000004,12,0.8333333333333334
1,1,1,9254,1,1,138.0,41,1,1,9,9,126.5,1,0,0,1,0,1,20,1,0,6,7,6,12.857142857142858,0,0,6,8,5,11.8,0,8.9,1.4,3.51,12.32857142857143,11,-1.057142857142857,12,0.9166666666666666
4,42,1,9500,1,19,133.1,1,1,1,5,5,126.0,1,0,0,1,1,0,29,0,2,7,10,5,11.9,0,1,8,10,5,11.0,0,13.9,-0.3,0.79,11.45,10,-0.9000000000000004,15,0.6666666666666666
1,39,1,9991,0,12,120.0,1,37,38,5,5,155.7,0,0,0,1,1,0,33,0,0,5,5,5,13.2,0,0,5,6,5,14.833333333333334,0,10.8,1.4,1.74,14.016666666666666,10,1.6333333333333346,10,1.0
1,1,3,9070,1,1,139.0,1,1,38,4,7,142.2,1,0,0,1,0,1,19,0,0,6,6,6,12.833333333333334,0,0,6,6,6,12.833333333333334,0,9.4,-0.8,-3.12,12.833333333333334,12,0.0,12,1.0
4,39,1,9085,1,1,140.0,1,37,37,9,9,154.6,0,0,0,0,0,1,44,0,0,6,12,4,12.75,0,0,6,15,2,10.0,0,8.9,1.4,3.51,11.375,6,-2.75,12,0.5
1,39,1,8014,0,1,120.0,1,1,19,6,8,122.0,0,0,0,1,0,1,24,0,0,6,11,5,11.0,0,0,6,9,5,12.6,0,11.1,0.6,2.02,11.8,10,1.5999999999999996,12,0.8333333333333334
1,43,2,9147,1,1,131.0,1,19,37,5,9,123.7,1,0,0,1,0,0,18,0,0,5,10,1,14.0,0,0,5,10,1,14.0,0,7.6,2.6,0.32,14.0,2,0.0,10,0.2
1,1,1,9853,1,1,128.0,1,1,1,9,9,120.0,1,0,0,1,0,0,18,0,0,6,11,3,12.0,0,0,6,13,2,12.0,0,12.7,3.7,-1.7,12.0,5,0.0,12,0.4166666666666667
1,43,1,8014,0,1,120.0,1,38,19,5,4,118.3,0,0,0,1,0,0,20,0,2,6,6,6,12.166666666666666,0,0,6,7,5,14.0,0,12.7,3.7,-1.7,13.083333333333332,11,1.833333333333334,12,0.9166666666666666
2,39,1,171,1,12,110.0,1,37,37,7,7,106.0,1,0,0,1,1,0,36,0,0,0,0,0,0.0,0,0,0,0,0,0.0,0,7.6,2.6,0.32,0.0,0,0.0,0,0.0
1,43,1,9853,1,1,140.0,1,37,37,6,6,125.2,0,0,1,1,0,0,41,0,20,21,23,21,12.333333333333334,0,19,19,19,19,12.105263157894736,0,12.4,0.5,1.79,12.219298245614034,40,-0.22807017543859764,40,1.0
1,17,1,9147,1,1,133.1,1,1,19,4,8,95.0,0,0,0,1,1,0,20,0,0,5,14,0,0.0,0,0,5,5,0,0.0,0,11.1,0.6,2.02,0.0,0,0.0,10,0.0
1,18,2,9853,1,1,120.0,1,1,1,9,0,115.8,0,0,0,1,0,0,18,0,0,7,12,6,12.0,0,0,7,11,6,12.166666666666666,0,13.9,-0.3,0.79,12.083333333333332,12,0.16666666666666607,14,0.8571428571428571
4,39,1,9130,1,19,133.1,1,37,38,9,4,100.9,0,0,0,1,1,0,48,0,0,6,0,0,0.0,0,0,6,0,0,0.0,0,15.5,2.8,-4.06,0.0,0,0.0,12,0.0
1,1,1,9238,1,1,128.0,1,37,19,9,3,116.5,1,0,0,1,0,1,19,0,0,6,6,6,13.0,0,0,6,6,6,14.166666666666666,0,12.4,0.5,1.79,13.583333333333332,12,1.166666666666666,12,1.0
1,7,0,9003,1,3,130.0,1,1,37,4,9,130.0,1,0,0,1,0,0,23,0,10,17,28,17,13.15,2,8,12,22,12,13.214285714285714,0,15.5,2.8,-4.06,13.182142857142857,29,0.06428571428571317,29,1.0
1,17,3,9238,1,1,118.0,1,3,1,2,5,110.0,1,0,0,1,0,0,18,0,0,6,6,6,12.0,0,0,6,6,5,13.6,0,8.9,1.4,3.51,12.8,11,1.5999999999999996,12,0.9166666666666666
4,39,1,8014,0,1,133.1,1,37,37,7,7,143.0,0,0,0,1,1,0,37,0,3,9,13,8,12.0,0,2,7,8,7,11.571428571428571,0,12.7,3.7,-1.7,11.785714285714285,15,-0.4285714285714288,16,0.9375
1,17,5,9147,1,1,127.0,1,1,38,4,5,124.6,1,0,0,1,0,1,19,0,0,5,12,2,10.0,0,0,5,11,4,11.75,0,11.1,0.6,2.02,10.875,6,1.75,10,0.6
1,1,1,9500,1,1,148.0,1,1,1,4,3,137.5,0,0,0,1,1,0,18,0,0,7,7,7,14.842857142857143,0,0,8,9,8,14.38888888888889,0,16.2,0.3,-0.92,14.615873015873017,15,-0.45396825396825413,15,1.0
1,17,1,9254,1,1,134.0,1,19,1,9,4,124.9,1,0,0,1,0,0,19,0,0,6,11,3,12.0,0,0,6,11,4,11.25,0,7.6,2.6,0.32,11.625,7,-0.75,12,0.5833333333333334
2,39,1,8014,0,1,133.1,1,37,37,9,7,162.5,0,0,0,1,1,0,54,0,4,9,9,9,14.333333333333334,0,2,7,7,7,13.857142857142858,0,8.9,1.4,3.51,14.095238095238095,16,-0.4761904761904763,16,1.0
1,1,3,171,1,1,122.0,1,1,1,9,8,120.3,0,0,0,1,0,1,21,0,0,0,0,0,0.0,0,0,0,0,0,0.0,0,11.1,0.6,2.02,0.0,0,0.0,0,0.0
1,17,1,9238,1,1,128.0,1,19,19,5,4,116.5,0,0,0,1,0,1,18,0,0,6,8,5,10.8,0,0,6,9,6,10.5,0,12.4,0.5,1.79,10.65,11,-0.3000000000000007,12,0.9166666666666666
1,1,1,9147,1,1,132.0,1,19,38,9,7,119.1,0,0,0,0,1,0,19,0,0,5,16,1,12.0,0,0,5,6,0,0.0,0,13.9,-0.3,0.79,6.0,1,-12.0,10,0.1
1,51,1,9147,1,1,116.0,1,3,3,2,2,115.2,0,0,1,1,1,0,32,0,2,7,16,3,12.0,0,3,8,10,3,10.333333333333334,0,8.9,1.4,3.51,11.166666666666668,6,-1.666666666666666,15,0.4
1,44,1,9085,1,39,130.0,1,2,2,6,6,130.0,0,0,0,0,1,0,20,0,2,6,10,5,13.2,0,1,6,21,3,12.0,0,12.4,0.5,1.79,12.6,8,-1.1999999999999993,12,0.6666666666666666
1,17,1,9085,1,1,137.0,1,38,19,0,90,122.3,0,0,0,1,0,1,19,0,0,5,5,5,12.6,0,0,5,9,3,13.0,0,7.6,2.6,0.32,12.8,8,0.40000000000000036,10,0.8
2,44,1,9003,1,39,160.0,1,37,38,9,4,160.0,0,0,0,1,0,0,43,0,0,6,8,6,14.166666666666666,0,0,6,9,6,15.0,0,15.5,2.8,-4.06,14.583333333333332,12,0.8333333333333339,12,1.0
1,1,1,9773,1,1,128.0,1,1,19,9,7,118.2,0,0,0,1,0,0,19,0,0,6,6,6,11.666666666666666,0,0,6,6,6,11.5,0,12.7,3.7,-1.7,11.583333333333332,12,-0.16666666666666607,12,1.0
1,17,1,9085,1,1,124.0,1,19,38,7,7,113.9,1,0,0,1,0,1,20,0,0,5,8,5,12.0,1,0,5,8,4,15.0,1,12.7,3.7,-1.7,13.5,9,3.0,10,0.9
1,42,1,9500,1,1,120.0,1,1,2,9,3,130.0,1,0,0,1,0,0,22,0,4,8,8,7,13.285714285714286,0,4,8,8,7,13.285714285714286,0,12.7,3.7,-1.7,13.285714285714286,14,0.0,16,0.875
1,39,1,8014,0,1,140.0,1,37,37,9,7,122.0,1,0,1,0,1,0,29,0,0,6,11,4,12.5,0,0,6,7,0,0.0,0,12.4,0.5,1.79,6.25,4,-12.5,12,0.3333333333333333
1,44,1,171,1,39,140.0,1,1,1,9,9,140.0,0,0,0,1,1,0,21,0,0,0,0,0,0.0,0,0,0,0,0,0.0,0,15.5,2.8,-4.06,0.0,0,0.0,0,0.0
1,18,1,9119,1,1,148.0,1,3,19,3,5,147.7,0,0,0,1,1,1,18,0,0,5,5,0,0.0,0,0,5,5,0,0.0,0,9.4,-0.8,-3.12,0.0,0,0.0,10,0.0
1,39,1,9119,1,1,130.0,1,19,37,9,4,149.0,1,0,0,1,1,0,33,0,0,5,10,4,12.0,0,0,5,8,3,13.666666666666666,1,7.6,2.6,0.32,12.833333333333332,7,1.666666666666666,10,0.7
1,17,4,9773,1,1,118.0,1,1,38,5,7,120.8,1,0,0,1,0,0,20,0,0,6,9,4,13.25,0,0,6,11,5,11.8,0,12.4,0.5,1.79,12.525,9,-1.4499999999999993,12,0.75
1,1,1,171,1,1,141.0,1,1,38,4,8,136.8,1,0,0,1,0,1,18,0,0,0,0,0,0.0,0,0,0,0,0,0.0,0,13.9,-0.3,0.79,0.0,0,0.0,0,0.0
1,43,3,171,1,1,140.0,1,37,38,7,7,143.4,1,0,0,1,0,0,21,0,0,0,0,0,0.0,0,0,0,0,0,0.0,0,9.4,-0.8,-3.12,0.0,0,0.0,0,0.0
5,39,1,9853,1,19,133.1,1,38,1,5,3,105.5,0,0,1,1,0,0,33,0,0,6,7,5,13.2,0,0,6,7,5,10.6,0,7.6,2.6,0.32,11.899999999999999,10,-2.5999999999999996,12,0.8333333333333334
1,1,1,9238,1,1,133.0,1,19,38,9,7,131.3,1,0,1,1,0,0,18,0,0,6,7,5,13.6,0,0,6,7,5,11.8,0,8.9,1.4,3.51,12.7,10,-1.799999999999999,12,0.8333333333333334
1,17,2,9147,1,1,146.0,1,38,37,6,6,143.9,0,0,0,1,0,0,18,0,0,5,11,5,11.333333333333334,0,0,5,8,5,12.0,0,13.9,-0.3,0.79,11.666666666666668,10,0.6666666666666661,10,1.0
1,39,1,171,1,1,116.0,1,34,34,0,0,127.0,1,0,0,1,1,0,38,0,0,0,0,0,0.0,0,0,0,0,0,0.0,0,7.6,2.6,0.32,0.0,0,0.0,0,0.0
1,18,1,9500,1,1,143.0,1,38,37,4,9,116.5,1,0,0,1,0,1,20,0,0,7,10,7,12.625,0,0,8,8,8,13.0625,0,15.5,2.8,-4.06,12.84375,15,0.4375,15,1.0
1,17,3,9500,1,1,129.0,1,19,37,7,6,120.0,1,0,0,1,0,1,19,0,0,8,8,7,13.151428571428571,0,0,8,8,7,13.151428571428571,0,10.8,1.4,1.74,13.151428571428571,14,0.0,16,0.875
1,17,1,9670,1,1,123.0,1,19,19,1,1,114.6,0,0,0,1,0,0,18,0,0,5,5,4,11.0,0,0,5,5,4,11.0,0,9.4,-0.8,-3.12,11.0,8,0.0,10,0.8
2,39,1,9500,1,19,133.1,1,37,38,9,7,100.5,1,0,0,1,1,0,43,0,0,8,8,7,11.635714285714286,0,0,8,8,7,11.635714285714286,0,10.8,1.4,1.74,11.635714285714286,14,0.0,16,0.875
1,1,3,9238,1,1,117.0,1,19,19,9,9,117.0,1,0,1,1,0,0,19,0,0,6,0,0,0.0,0,0,6,0,0,0.0,0,12.4,0.5,1.79,0.0,0,0.0,12,0.0
1,1,1,9130,1,1,133.0,1,38,38,5,8,120.4,1,0,0,1,0,0,20,0,0,5,9,4,12.0,1,0,5,6,5,13.4,0,9.4,-0.8,-3.12,12.7,9,1.4000000000000004,10,0.9
1,42,1,9119,1,1,150.0,1,38,37,5,8,133.5,1,0,0,1,1,0,21,0,0,5,10,5,13.0,0,0,5,10,5,12.6,0,9.4,-0.8,-3.12,12.8,10,-0.40000000000000036,10,1.0
1,44,1,9003,1,39,140.0,1,37,37,9,4,140.0,0,0,0,1,1,0,20,0,0,6,12,3,11.5,0,0,6,12,3,13.666666666666666,0,12.4,0.5,1.79,12.583333333333332,6,2.166666666666666,12,0.5
1,1,1,9500,1,1,140.0,1,19,38,7,8,129.9,0,0,0,1,0,0,19,0,0,7,0,0,0.0,0,0,8,0,0,0.0,0,16.2,0.3,-0.92,0.0,0,0.0,15,0.0
1,1,2,9500,1,1,131.0,1,19,19,7,5,122.1,1,0,0,1,0,0,18,0,0,7,8,7,14.13125,0,0,8,8,8,13.98375,0,15.5,2.8,-4.06,14.057500000000001,15,-0.14749999999999908,15,1.0
1,1,6,9500,1,1,141.0,1,1,37,4,3,126.8,1,0,0,1,0,0,18,0,0,7,7,7,13.44285714285714,0,0,8,9,8,13.744444444444444,0,16.2,0.3,-0.92,13.593650793650792,15,0.30158730158730407,15,1.0
1,1,5,9853,1,1,128.0,1,38,37,9,9,120.3,1,0,1,0,0,0,20,0,0,6,9,3,11.666666666666666,0,0,6,10,2,11.0,0,10.8,1.4,1.74,11.333333333333332,5,-0.6666666666666661,12,0.4166666666666667
1,1,1,9773,1,1,140.0,1,1,19,4,8,124.6,1,0,0,1,0,0,19,0,0,6,7,5,14.2,0,0,6,7,6,14.571428571428571,0,15.5,2.8,-4.06,14.385714285714286,11,0.3714285714285719,12,0.9166666666666666
1,18,1,9500,1,1,146.0,1,19,3,4,9,127.0,0,0,0,1,1,0,19,0,0,8,8,7,13.614285714285714,0,0,8,8,7,13.614285714285714,0,12.7,3.7,-1.7,13.614285714285714,14,0.0,16,0.875
1,17,1,9500,1,1,157.0,1,19,3,4,9,138.8,0,0,0,1,1,0,18,0,0,8,8,7,13.55714285714286,0,0,8,8,7,13.55714285714286,0,12.7,3.7,-1.7,13.55714285714286,14,0.0,16,0.875
1,44,1,9085,1,39,140.0,1,1,19,4,4,140.0,0,0,0,1,0,0,21,0,2,6,9,6,13.142857142857142,0,0,6,9,6,12.166666666666666,0,13.9,-0.3,0.79,12.654761904761905,12,-0.9761904761904763,12,1.0
1,17,1,9238,1,1,160.0,1,19,37,6,6,144.3,0,0,0,1,1,0,22,0,0,6,0,0,0.0,0,0,6,0,0,0.0,0,13.9,-0.3,0.79,0.0,0,0.0,12,0.0
1,43,1,9085,1,1,127.0,1,3,3,2,5,100.0,0,0,0,1,0,0,21,0,0,6,11,4,11.75,0,0,6,12,3,13.666666666666666,0,13.9,-0.3,0.79,12.708333333333332,7,1.916666666666666,12,0.5833333333333334
1,39,1,9003,1,1,133.1,1,1,19,4,10,145.8,0,0,0,1,1,0,34,0,0,6,15,5,13.333333333333334,0,0,6,15,5,12.4,0,12.4,0.5,1.79,12.866666666666667,10,-0.9333333333333336,12,0.8333333333333334
1,43,1,9070,1,1,115.0,1,12,12,1,10,115.0,0,0,1,1,1,0,21,0,5,11,12,9,11.77777777777778,0,3,8,11,3,13.666666666666666,0,15.5,2.8,-4.06,12.722222222222223,12,1.8888888888888857,19,0.631578947368421
1,1,1,9119,1,1,140.0,1,37,19,9,9,166.0,1,0,1,1,1,0,20,0,0,5,7,0,0.0,0,0,5,5,0,0.0,0,9.4,-0.8,-3.12,0.0,0,0.0,10,0.0
1,17,2,9500,1,1,127.0,1,19,37,9,7,121.3,1,0,0,1,0,1,20,0,0,8,8,7,12.464285714285714,0,0,8,8,7,12.464285714285714,0,10.8,1.4,1.74,12.464285714285714,14,0.0,16,0.875
1,1,1,9500,1,1,133.0,1,1,19,9,6,121.5,1,0,0,1,0,1,20,0,0,7,8,6,12.396666666666668,0,0,8,9,7,12.94285714285714,0,11.1,0.6,2.02,12.669761904761904,13,0.5461904761904712,15,0.8666666666666667
1,1,4,9773,1,1,125.0,1,19,19,9,7,129.6,1,0,0,1,1,0,18,0,0,6,6,6,12.833333333333334,0,0,6,8,6,12.833333333333334,0,12.4,0.5,1.79,12.833333333333334,12,0.0,12,1.0
1,39,1,8014,0,1,133.1,1,34,34,0,0,97.5,1,0,0,1,1,0,29,0,0,6,10,0,0.0,1,0,5,10,0,0.0,0,7.6,2.6,0.32,0.0,0,0.0,11,0.0
1,17,3,9500,1,1,156.0,1,19,37,4,9,132.3,1,0,0,1,1,1,18,0,0,7,7,6,13.266666666666666,0,0,7,7,6,13.266666666666666,0,7.6,2.6,0.32,13.266666666666666,12,0.0,14,0.8571428571428571
1,17,6,9500,1,1,140.0,1,1,1,4,3,130.7,1,0,0,1,1,1,18,0,0,7,7,7,12.718571428571428,0,0,8,11,8,12.805555555555555,0,11.1,0.6,2.02,12.762063492063492,15,0.08698412698412739,15,1.0
1,1,5,9500,1,1,144.0,1,37,37,7,9,126.8,1,0,1,0,0,0,18,0,0,7,0,0,0.0,0,0,8,0,0,0.0,0,9.4,-0.8,-3.12,0.0,0,0.0,15,0.0
1,17,2,9085,1,1,138.0,1,37,37,9,7,123.3,1,0,0,1,0,0,19,0,0,5,15,3,14.0,3,0,5,10,4,11.75,1,9.4,-0.8,-3.12,12.875,7,-2.25,10,0.7
1,1,2,9500,1,1,133.0,1,19,37,1,9,128.5,1,0,0,1,0,1,19,0,0,8,8,8,14.07125,0,0,8,8,8,14.07125,0,9.4,-0.8,-3.12,14.07125,16,0.0,16,1.0
1,17,1,9500,1,1,131.0,1,1,19,4,3,125.4,1,0,0,1,0,0,19,0,0,7,13,5,12.5,0,0,8,14,7,12.166666666666666,0,15.5,2.8,-4.06,12.333333333333332,12,-0.3333333333333339,15,0.8
1,7,1,9991,0,40,120.0,1,43,3,3,3,120.0,0,0,0,1,0,0,27,0,0,5,5,5,15.2,0,0,5,6,5,14.0,0,11.1,0.6,2.02,14.6,10,-1.1999999999999993,10,1.0
1,7,1,9238,1,3,130.0,1,1,1,4,10,125.1,0,0,1,0,0,0,27,0,0,6,8,0,0.0,0,0,5,6,0,0.0,0,16.2,0.3,-0.92,0.0,0,0.0,11,0.0
1,1,1,9070,1,1,132.0,1,1,1,4,9,136.6,1,0,0,1,1,0,19,0,0,6,7,5,11.4,0,0,6,10,3,11.0,3,7.6,2.6,0.32,11.2,8,-0.40000000000000036,12,0.6666666666666666
1,7,1,9003,1,3,120.0,1,1,19,4,1,120.0,1,0,0,1,1,0,27,0,14,18,21,18,11.421052631578949,0,10,13,16,13,11.076923076923077,1,15.5,2.8,-4.06,11.248987854251013,31,-0.344129554655872,31,1.0
1,17,4,9500,1,1,133.0,1,38,37,5,7,126.4,1,0,0,1,1,1,18,0,0,7,7,7,13.462857142857144,0,0,8,8,8,13.90625,0,11.1,0.6,2.02,13.684553571428573,15,0.4433928571428556,15,1.0
1,17,2,9773,1,1,115.0,1,1,1,5,5,119.6,1,0,0,1,0,1,22,0,0,6,11,5,12.0,0,0,6,11,5,11.0,0,7.6,2.6,0.32,11.5,10,-1.0,12,0.8333333333333334
1,39,1,171,1,1,110.0,1,12,3,5,2,100.0,1,0,0,1,1,0,27,0,0,0,0,0,0.0,0,0,0,0,0,0.0,0,9.4,-0.8,-3.12,0.0,0,0.0,0,0.0
2,39,1,9991,0,19,133.1,1,38,38,7,8,120.0,0,0,0,1,1,0,39,0,0,5,9,0,0.0,0,0,5,5,1,10.0,0,12.7,3.7,-1.7,5.0,1,10.0,10,0.1
1,39,1,9991,0,1,130.0,1,1,1,9,7,152.1,0,0,0,1,1,0,28,0,0,5,13,2,11.0,0,0,5,12,1,12.0,0,11.1,0.6,2.02,11.5,3,1.0,10,0.3
4,39,1,9556,1,1,160.0,1,19,3,9,2,130.0,0,0,0,1,0,0,25,0,0,7,14,7,11.95,0,0,8,15,7,12.042857142857144,0,12.7,3.7,-1.7,11.996428571428572,14,0.09285714285714519,15,0.9333333333333333
1,7,1,171,1,3,130.0,1,1,2,9,2,130.0,0,0,0,0,1,0,18,0,0,0,0,0,0.0,0,0,0,0,0,0.0,0,9.4,-0.8,-3.12,0.0,0,0.0,0,0.0
1,17,2,9773,1,1,121.0,1,1,1,5,5,123.1,1,0,0,1,1,0,20,0,0,6,12,4,14.75,0,0,6,7,4,12.25,0,9.4,-0.8,-3.12,13.5,8,-2.5,12,0.6666666666666666
2,43,1,9085,1,1,160.0,1,37,37,9,7,120.0,0,0,0,1,1,0,21,0,0,5,11,0,0.0,2,0,5,11,3,11.666666666666666,1,9.4,-0.8,-3.12,5.833333333333333,3,11.666666666666666,10,0.3
1,1,1,9254,1,1,116.0,1,38,38,5,8,110.8,1,0,0,1,0,0,18,0,0,6,8,6,12.166666666666666,0,0,6,6,6,13.5,0,11.1,0.6,2.02,12.833333333333332,12,1.333333333333334,12,1.0
1,1,4,171,1,1,127.0,1,1,1,9,5,124.2,1,0,0,0,0,0,19,0,0,0,0,0,0.0,0,0,0,0,0,0.0,0,9.4,-0.8,-3.12,0.0,0,0.0,0,0.0
1,17,1,8014,0,1,141.0,1,34,34,0,0,136.1,0,0,0,1,0,0,24,0,0,6,7,6,12.833333333333334,0,0,6,8,6,12.0,0,7.6,2.6,0.32,12.416666666666668,12,-0.8333333333333339,12,1.0
1,1,1,9085,1,1,148.0,1,19,3,4,2,136.5,0,0,0,1,0,0,19,0,0,6,13,6,15.307692307692308,0,0,6,9,6,14.0,0,15.5,2.8,-4.06,14.653846153846153,12,-1.3076923076923084,12,1.0
1,1,1,9085,1,1,134.0,1,38,19,9,4,128.4,1,0,0,1,0,1,19,0,0,5,7,5,12.5,0,0,5,8,5,12.714285714285714,0,10.8,1.4,1.74,12.607142857142858,10,0.21428571428571352,10,1.0
1,1,2,9670,1,1,143.0,1,37,37,9,7,131.8,1,0,0,1,0,1,18,0,0,6,8,6,13.571428571428571,0,0,6,6,5,12.8,0,12.4,0.5,1.79,13.185714285714287,11,-0.7714285714285705,12,0.9166666666666666
1,1,3,9085,1,1,135.0,1,3,2,4,3,121.0,1,0,0,1,0,0,18,0,0,5,14,3,12.333333333333334,2,0,5,8,5,11.6,0,9.4,-0.8,-3.12,11.966666666666667,8,-0.7333333333333343,10,0.8
1,18,1,9119,1,1,146.0,1,1,37,7,7,132.4,1,0,0,1,1,0,18,0,0,5,5,1,16.0,0,0,5,5,0,0.0,0,9.4,-0.8,-3.12,8.0,1,-16.0,10,0.1
1,44,1,9003,1,39,160.0,1,37,37,9,7,160.0,1,0,0,0,1,0,30,0,4,9,18,6,11.833333333333334,0,1,8,21,4,11.0,0,15.5,2.8,-4.06,11.416666666666668,10,-0.8333333333333339,17,0.5882352941176471
1,1,2,9500,1,1,140.0,1,38,38,9,7,138.8,1,0,0,1,0,0,19,0,0,7,7,6,12.766666666666666,0,0,7,7,6,12.766666666666666,0,7.6,2.6,0.32,12.766666666666666,12,0.0,14,0.8571428571428571
1,1,1,9147,1,1,118.0,1,1,1,9,9,111.0,0,0,0,0,1,0,21,0,0,5,7,2,11.0,0,0,5,9,3,11.428571428571429,0,10.8,1.4,1.74,11.214285714285715,5,0.4285714285714288,10,0.5
1,17,5,9147,1,1,131.0,1,37,38,5,5,128.9,0,0,0,1,0,1,18,0,0,5,7,5,11.6,0,0,5,11,5,11.4,4,16.2,0.3,-0.92,11.5,10,-0.1999999999999993,10,1.0
1,7,1,9085,1,40,130.0,1,1,1,4,4,130.0,1,0,0,1,0,0,22,0,0,6,7,6,17.0,0,0,6,7,6,16.285714285714285,0,11.1,0.6,2.02,16.642857142857142,12,-0.7142857142857153,12,1.0
1,1,1,9670,1,1,133.0,1,38,38,9,9,128.1,1,0,0,1,1,1,18,0,0,6,6,6,13.0,0,0,6,6,6,13.0,0,13.9,-0.3,0.79,13.0,12,0.0,12,1.0
1,43,1,8014,0,1,131.0,1,19,37,8,5,125.0,0,0,0,1,1,0,24,0,0,6,13,0,0.0,3,0,6,6,0,0.0,0,16.2,0.3,-0.92,0.0,0,0.0,12,0.0
1,44,1,9070,1,39,100.0,1,1,1,4,4,106.0,0,0,0,1,1,0,21,0,2,7,7,5,11.8,0,5,9,9,5,11.0,0,12.4,0.5,1.79,11.4,10,-0.8000000000000007,16,0.625
1,43,1,33,1,19,133.1,1,38,38,4,4,140.0,0,0,1,1,1,0,35,0,3,10,18,6,12.666666666666666,0,1,9,11,3,12.0,2,16.2,0.3,-0.92,12.333333333333332,9,-0.6666666666666661,19,0.47368421052631576
1,1,1,9500,1,1,143.0,1,1,37,3,8,128.0,0,0,0,1,0,1,18,0,0,7,9,7,13.055555555555555,0,0,8,8,8,15.8125,0,13.9,-0.3,0.79,14.434027777777779,15,2.7569444444444446,15,1.0
1,43,1,9119,1,1,130.0,1,1,1,9,2,128.0,0,0,1,0,1,0,27,0,0,5,5,0,0.0,0,0,5,7,0,0.0,0,13.9,-0.3,0.79,0.0,0,0.0,10,0.0
1,1,1,9238,1,1,122.0,1,1,19,4,4,127.3,1,0,1,1,0,0,20,0,0,6,6,6,12.166666666666666,0,0,6,7,6,11.666666666666666,0,9.4,-0.8,-3.12,11.916666666666666,12,-0.5,12,1.0
2,43,2,9853,1,1,130.0,1,38,31,4,1,124.2,0,0,0,1,0,0,31,0,3,7,8,6,13.666666666666666,0,1,6,8,5,13.5,0,9.4,-0.8,-3.12,13.583333333333332,11,-0.16666666666666607,13,0.8461538461538461
1,1,1,9147,1,1,133.1,1,37,38,7,7,98.0,1,0,0,1,1,0,23,0,0,5,8,4,11.4,0,0,5,7,4,11.0,0,11.1,0.6,2.02,11.2,8,-0.40000000000000036,10,0.8
1,1,3,171,1,1,145.0,1,1,1,3,3,140.1,1,0,0,1,0,0,20,0,6,12,12,12,13.25,0,4,11,14,11,14.333333333333334,0,8.9,1.4,3.51,13.791666666666668,23,1.083333333333334,23,1.0
1,1,2,9500,1,1,140.0,1,38,37,5,6,124.3,1,0,0,1,0,1,19,0,0,7,9,7,13.3125,0,0,8,8,8,15.6375,0,13.9,-0.3,0.79,14.475,15,2.3249999999999993,15,1.0
1,1,4,9147,1,1,120.0,1,19,38,5,5,122.8,1,0,0,1,1,0,18,0,0,5,6,4,11.5,0,0,5,12,2,10.333333333333334,0,10.8,1.4,1.74,10.916666666666668,6,-1.166666666666666,10,0.6
1,17,1,9773,1,1,120.0,1,1,38,5,5,121.4,0,0,0,0,0,0,20,0,0,6,7,4,13.0,0,0,6,7,5,13.8,0,12.4,0.5,1.79,13.4,9,0.8000000000000007,12,0.75
5,39,1,9238,1,1,130.0,1,19,38,9,10,146.0,0,0,0,1,1,0,34,0,0,6,8,5,12.6,0,0,6,11,4,11.25,0,12.4,0.5,1.79,11.925,9,-1.3499999999999996,12,0.75
1,43,1,9070,1,1,100.0,1,37,37,9,9,108.0,1,0,0,1,1,0,34,0,7,12,12,7,11.428571428571429,0,4,12,12,7,11.857142857142858,0,7.6,2.6,0.32,11.642857142857142,14,0.4285714285714288,24,0.5833333333333334
1,44,1,9003,1,39,130.0,1,1,19,3,10,130.0,1,0,0,1,1,0,19,0,0,6,9,6,12.166666666666666,0,0,6,14,4,13.0,0,12.4,0.5,1.79,12.583333333333332,10,0.8333333333333339,12,0.8333333333333334
1,1,2,9500,1,1,147.0,1,3,1,4,3,136.7,0,0,0,1,0,0,18,0,0,7,7,7,13.995714285714287,0,0,8,9,8,14.955555555555556,0,11.1,0.6,2.02,14.47563492063492,15,0.9598412698412684,15,1.0
1,39,1,9556,1,1,133.1,1,44,40,2,2,115.5,0,0,0,1,0,0,36,0,0,7,13,5,12.2,0,0,7,14,3,11.4,0,11.1,0.6,2.02,11.8,8,-0.7999999999999989,14,0.5714285714285714
1,17,2,9254,1,1,129.0,1,12,37,9,9,122.0,1,0,0,1,0,0,18,0,0,6,15,2,10.0,0,0,6,12,0,0.0,0,10.8,1.4,1.74,5.0,2,-10.0,12,0.16666666666666666
1,1,4,9500,1,1,136.0,1,19,38,4,8,125.5,1,0,0,1,0,1,21,0,0,7,7,6,14.033333333333331,0,0,7,7,6,14.033333333333331,0,7.6,2.6,0.32,14.033333333333331,12,0.0,14,0.8571428571428571
1,1,2,9500,1,1,141.0,1,37,37,9,7,126.3,1,0,0,1,0,0,19,0,0,7,10,7,13.805,0,0,8,8,8,14.2725,0,15.5,2.8,-4.06,14.03875,15,0.46750000000000114,15,1.0
1,1,2,9085,1,1,144.0,1,1,19,4,10,132.1,1,0,0,1,0,1,19,0,0,5,10,3,12.666666666666666,1,0,5,7,3,13.0,0,12.7,3.7,-1.7,12.833333333333332,6,0.3333333333333339,10,0.6
2,39,1,8014,0,1,133.1,1,37,37,5,4,134.5,0,0,0,1,0,0,45,0,0,6,8,5,13.6,0,0,6,7,5,13.0,0,15.5,2.8,-4.06,13.3,10,-0.5999999999999996,12,0.8333333333333334
1,1,3,9773,1,1,153.0,1,3,1,2,8,137.6,1,0,0,1,0,0,18,0,0,6,6,6,16.0,0,0,6,7,6,14.333333333333334,0,12.4,0.5,1.79,15.166666666666668,12,-1.666666666666666,12,1.0
1,1,1,9147,1,1,156.0,1,3,19,3,3,151.1,0,0,1,1,1,0,19,0,0,5,7,5,13.6,0,0,5,11,5,12.833333333333334,5,16.2,0.3,-0.92,13.216666666666667,10,-0.7666666666666657,10,1.0
1,1,1,171,1,1,146.0,1,40,43,4,4,150.2,1,0,0,1,0,0,18,0,0,0,0,0,0.0,0,0,0,0,0,0.0,0,11.1,0.6,2.02,0.0,0,0.0,0,0.0
1,39,1,9991,0,1,133.1,1,37,37,7,9,111.0,0,0,0,0,1,0,28,0,0,5,0,0,0.0,0,0,5,0,0,0.0,0,8.9,1.4,3.51,0.0,0,0.0,10,0.0
1,39,1,9085,1,1,133.1,1,19,37,9,6,130.0,1,0,0,1,0,0,26,0,0,6,17,6,12.666666666666666,0,0,6,21,4,12.25,0,15.5,2.8,-4.06,12.458333333333332,10,-0.4166666666666661,12,0.8333333333333334
1,15,1,9670,1,1,130.0,26,42,1,2,7,130.0,0,1,1,1,0,0,20,1,0,6,6,6,13.5,0,0,6,9,5,13.0,0,8.9,1.4,3.51,13.25,11,-0.5,12,0.9166666666666666
1,1,1,9500,1,1,144.0,1,37,37,9,3,150.5,0,0,0,1,0,0,20,0,0,7,7,6,13.916666666666666,0,0,7,7,6,13.916666666666666,0,7.6,2.6,0.32,13.916666666666666,12,0.0,14,0.8571428571428571
1,17,6,9238,1,1,117.0,1,1,38,4,7,114.6,0,0,0,1,0,1,18,0,0,6,7,6,12.142857142857142,0,0,6,6,6,13.333333333333334,0,13.9,-0.3,0.79,12.738095238095237,12,1.1904761904761916,12,1.0
1,5,1,9147,1,1,126.0,1,19,38,5,6,117.3,1,0,0,1,0,0,19,0,0,5,15,3,10.8,0,0,5,6,3,10.5,0,13.9,-0.3,0.79,10.65,6,-0.3000000000000007,10,0.6
1,17,2,9556,1,1,122.0,1,19,38,4,8,118.3,1,0,0,1,0,1,19,0,0,7,7,7,11.971428571428572,0,0,8,8,8,14.4375,0,15.5,2.8,-4.06,13.204464285714286,15,2.4660714285714285,15,1.0
1,39,1,9991,0,1,120.0,1,19,37,5,5,128.2,0,0,0,0,1,0,31,0,0,5,5,2,11.0,0,0,5,0,0,0.0,0,12.7,3.7,-1.7,5.5,2,-11.0,10,0.2
1,15,1,9670,1,1,133.1,41,1,1,9,5,128.2,0,0,1,0,1,0,18,1,0,6,6,4,11.25,0,0,6,7,3,12.333333333333334,0,8.9,1.4,3.51,11.791666666666668,7,1.083333333333334,12,0.5833333333333334
1,1,1,9500,1,1,127.0,1,2,19,3,9,121.5,0,0,0,1,1,0,23,0,0,7,7,6,13.483333333333334,0,0,7,7,6,13.483333333333334,0,7.6,2.6,0.32,13.483333333333334,12,0.0,14,0.8571428571428571
1,39,1,9003,1,19,133.1,1,37,38,4,9,110.0,0,0,1,0,0,0,40,0,0,6,12,5,12.8,0,0,6,16,3,13.333333333333334,0,11.1,0.6,2.02,13.066666666666666,8,0.5333333333333332,12,0.6666666666666666
1,1,1,9238,1,1,133.0,1,4,1,5,5,131.6,0,0,0,1,0,0,18,0,0,6,7,6,13.833333333333334,0,0,6,7,6,13.714285714285714,0,11.1,0.6,2.02,13.773809523809524,12,-0.1190476190476204,12,1.0
1,1,1,9500,1,1,130.0,1,1,38,1,7,120.0,0,0,0,1,0,0,19,0,0,7,7,6,14.566666666666668,0,0,7,7,6,14.566666666666668,0,7.6,2.6,0.32,14.566666666666668,12,0.0,14,0.8571428571428571
1,1,1,9070,1,1,147.0,1,3,1,2,3,149.8,1,0,0,1,1,0,20,0,5,12,12,11,14.272727272727272,0,5,12,12,11,14.818181818181818,0,16.2,0.3,-0.92,14.545454545454545,22,0.5454545454545467,24,0.9166666666666666
2,15,1,9773,1,1,133.1,41,37,37,9,6,100.0,0,0,0,1,0,0,59,1,0,6,8,6,12.166666666666666,0,0,6,7,4,11.75,0,11.1,0.6,2.02,11.958333333333332,10,-0.4166666666666661,12,0.8333333333333334
1,17,1,9853,1,1,125.0,1,3,3,3,3,116.6,1,0,0,0,0,1,18,0,0,7,7,7,12.285714285714286,0,0,7,8,6,13.333333333333334,0,8.9,1.4,3.51,12.80952380952381,13,1.0476190476190474,14,0.9285714285714286
1,1,5,9500,1,1,132.0,1,37,37,7,7,120.3,1,0,0,1,0,1,18,0,0,7,7,7,13.75,0,0,8,9,8,14.47777777777778,0,12.4,0.5,1.79,14.11388888888889,15,0.7277777777777796,15,1.0
1,1,1,9085,1,1,132.0,1,2,2,6,6,128.5,0,0,0,1,0,0,18,0,0,6,11,5,12.285714285714286,0,0,6,19,3,14.0,1,12.4,0.5,1.79,13.142857142857142,8,1.7142857142857135,12,0.6666666666666666
2,39,1,9670,1,1,150.0,1,37,19,9,4,135.6,0,0,0,1,0,1,43,0,0,6,8,5,11.0,0,0,6,9,5,13.0,0,12.4,0.5,1.79,12.0,10,2.0,12,0.8333333333333334
1,39,1,9003,1,1,133.1,1,19,37,9,7,110.0,1,0,0,1,1,0,31,0,0,6,8,0,0.0,0,0,6,10,0,0.0,0,16.2,0.3,-0.92,0.0,0,0.0,12,0.0
1,16,4,9254,1,1,126.0,1,38,37,9,7,118.7,1,0,0,1,0,1,21,0,0,6,7,6,13.571428571428571,0,0,6,6,6,12.5,0,8.9,1.4,3.51,13.035714285714285,12,-1.0714285714285712,12,1.0
1,1,2,9773,1,1,146.0,1,3,1,1,3,149.2,1,0,0,1,0,0,18,0,0,6,11,4,12.25,0,0,6,10,3,11.666666666666666,0,9.4,-0.8,-3.12,11.958333333333332,7,-0.5833333333333339,12,0.5833333333333334
1,43,1,9130,1,1,100.0,41,3,4,3,2,100.0,0,0,0,1,0,0,19,1,0,5,10,5,14.857142857142858,2,0,5,7,5,15.142857142857142,0,9.4,-0.8,-3.12,15.0,10,0.2857142857142847,10,1.0
1,1,1,9119,1,1,168.0,1,19,19,4,4,171.2,0,0,0,1,1,1,18,0,0,5,6,5,17.333333333333332,0,0,5,8,5,18.571428571428573,0,12.4,0.5,1.79,17.952380952380953,10,1.2380952380952408,10,1.0
1,1,1,9500,1,1,133.1,1,1,19,3,5,115.0,0,0,0,0,1,0,20,0,0,7,11,4,12.6,0,0,7,7,4,11.575,0,16.2,0.3,-0.92,12.087499999999999,8,-1.0250000000000004,14,0.5714285714285714
1,17,6,9500,1,1,143.0,1,1,38,3,3,133.2,1,0,0,1,0,0,18,0,0,7,7,7,13.918571428571427,0,0,8,9,8,13.8875,0,11.1,0.6,2.02,13.903035714285714,15,-0.031071428571427973,15,1.0
1,43,1,8014,0,1,145.0,6,34,34,0,0,134.5,1,0,0,1,1,0,25,1,8,14,23,11,11.6875,0,6,10,20,8,11.142857142857142,0,9.4,-0.8,-3.12,11.415178571428571,19,-0.5446428571428577,24,0.7916666666666666
1,1,1,9500,1,1,133.1,1,38,38,5,10,101.0,0,0,0,1,1,0,20,0,0,7,14,5,12.87857142857143,0,0,8,15,7,11.85625,0,15.5,2.8,-4.06,12.367410714285715,12,-1.0223214285714306,15,0.8
1,17,3,9773,1,1,127.0,1,19,19,5,8,120.0,0,0,0,1,0,0,18,0,0,6,6,0,0.0,0,0,6,0,0,0.0,0,8.9,1.4,3.51,0.0,0,0.0,12,0.0
1,1,1,9238,1,1,122.0,1,19,19,193,194,112.6,0,0,0,1,0,0,19,0,0,6,0,0,0.0,0,0,6,0,0,0.0,0,12.4,0.5,1.79,0.0,0,0.0,12,0.0
1,1,1,9500,1,1,142.0,1,37,19,7,7,133.0,1,0,0,1,0,1,19,0,0,8,8,8,14.11,0,0,8,8,8,14.11,0,9.4,-0.8,-3.12,14.11,16,0.0,16,1.0
1,51,1,9003,1,39,130.0,1,1,19,4,4,120.0,1,0,1,0,1,0,22,0,0,6,12,3,11.333333333333334,0,0,6,13,2,11.0,0,8.9,1.4,3.51,11.166666666666668,5,-0.3333333333333339,12,0.4166666666666667
1,1,1,9500,1,1,147.0,1,3,1,2,3,131.6,0,0,0,1,0,0,18,0,0,7,8,6,13.958333333333334,0,0,8,8,8,14.71875,0,11.1,0.6,2.02,14.338541666666668,14,0.7604166666666661,15,0.9333333333333333
1,17,2,9500,1,1,134.0,1,19,37,4,7,133.5,1,0,0,1,0,0,19,0,0,7,8,7,14.05,0,0,8,8,8,15.1,0,13.9,-0.3,0.79,14.575,15,1.049999999999999,15,1.0
1,43,1,9773,1,1,119.0,1,19,37,5,5,105.0,1,0,0,1,0,0,23,0,0,6,11,3,11.333333333333334,0,0,6,7,2,11.0,0,16.2,0.3,-0.92,11.166666666666668,5,-0.3333333333333339,12,0.4166666666666667
5,7,1,9500,1,40,150.0,1,37,37,4,9,150.0,0,0,0,1,0,0,29,0,1,8,11,7,13.742857142857144,0,1,8,11,7,13.742857142857144,0,12.7,3.7,-1.7,13.742857142857144,14,0.0,16,0.875
1,1,4,9500,1,1,168.0,1,38,1,9,10,166.0,1,0,0,1,0,0,18,0,0,8,8,8,14.88875,0,0,8,8,8,14.88875,0,9.4,-0.8,-3.12,14.88875,16,0.0,16,1.0
1,39,1,9238,1,1,160.0,1,38,1,9,3,124.0,0,0,1,1,1,0,28,0,2,8,15,7,11.0,0,0,6,17,1,10.0,0,10.8,1.4,1.74,10.5,8,-1.0,14,0.5714285714285714
2,7,1,8014,0,3,124.4,1,37,34,0,0,130.0,0,0,0,1,0,0,30,0,8,10,11,9,12.666666666666666,0,3,7,7,7,12.428571428571429,1,7.6,2.6,0.32,12.547619047619047,16,-0.23809523809523725,17,0.9411764705882353
1,17,1,9130,1,1,122.0,1,19,19,9,9,121.7,1,0,0,0,0,0,22,0,0,6,0,0,0.0,0,0,2,2,0,0.0,2,9.4,-0.8,-3.12,0.0,0,0.0,8,0.0
1,43,1,9147,1,1,120.0,1,37,37,5,3,113.4,0,0,0,1,1,0,22,0,0,5,9,3,13.0,0,0,5,9,3,11.666666666666666,0,12.7,3.7,-1.7,12.333333333333332,6,-1.333333333333334,10,0.6
1,39,1,9003,1,1,130.0,1,19,19,9,9,120.0,0,0,0,1,0,0,25,0,0,6,6,0,0.0,0,0,6,6,0,0.0,0,11.1,0.6,2.02,0.0,0,0.0,12,0.0
1,17,6,9773,1,1,138.0,1,1,1,4,2,140.5,1,0,0,1,0,0,19,0,0,6,7,6,13.0,0,0,6,9,6,13.714285714285714,0,7.6,2.6,0.32,13.357142857142858,12,0.7142857142857135,12,1.0
2,39,1,8014,0,1,120.0,1,37,37,9,9,117.0,1,0,0,1,0,0,33,0,0,6,7,6,12.833333333333334,0,0,6,8,6,12.857142857142858,0,12.4,0.5,1.79,12.845238095238095,12,0.023809523809523725,12,1.0
1,17,1,9670,1,1,127.0,1,3,3,1,1,121.4,0,0,0,1,1,0,18,0,0,6,0,0,0.0,0,0,6,0,0,0.0,0,15.5,2.8,-4.06,0.0,0,0.0,12,0.0
1,44,1,9070,1,39,140.0,1,19,38,4,0,140.0,1,0,0,1,1,0,21,0,0,6,6,6,14.5,0,0,6,8,6,11.333333333333334,0,12.4,0.5,1.79,12.916666666666668,12,-3.166666666666666,12,1.0
1,1,1,9147,1,1,177.0,1,1,38,3,9,162.3,0,0,0,1,0,1,18,0,0,5,6,5,16.333333333333332,0,0,5,5,5,15.4,0,15.5,2.8,-4.06,15.866666666666667,10,-0.9333333333333318,10,1.0
1,1,1,9670,1,1,142.0,1,1,19,4,4,128.0,0,0,0,1,0,1,18,0,0,6,8,6,14.0,0,0,6,7,6,13.285714285714286,0,11.1,0.6,2.02,13.642857142857142,12,-0.7142857142857135,12,1.0
1,44,1,9085,1,39,160.0,1,37,37,9,9,160.0,1,0,0,1,0,0,20,0,1,6,7,6,14.166666666666666,0,1,6,17,5,13.77777777777778,0,12.4,0.5,1.79,13.972222222222223,11,-0.38888888888888573,12,0.9166666666666666
1,1,1,9500,1,1,124.0,1,1,19,9,8,116.7,1,0,0,1,0,1,18,0,0,7,9,0,0.0,0,0,7,8,1,10.0,0,15.5,2.8,-4.06,5.0,1,10.0,14,0.07142857142857142
1,1,1,9003,1,1,133.1,1,38,38,4,8,115.0,0,0,1,1,1,0,21,0,8,12,13,12,14.538461538461538,0,4,12,14,12,14.461538461538462,0,15.5,2.8,-4.06,14.5,24,-0.07692307692307665,24,1.0
1,43,1,8014,0,1,120.0,1,37,37,9,5,100.0,0,0,0,1,0,0,45,0,5,9,13,8,11.0,0,3,7,10,6,10.833333333333334,0,12.7,3.7,-1.7,10.916666666666668,14,-0.16666666666666607,16,0.875
1,1,2,9085,1,1,122.0,1,1,1,193,101,126.2,0,0,0,1,0,0,19,0,0,6,8,6,14.0,0,0,6,18,3,12.666666666666666,0,12.4,0.5,1.79,13.333333333333332,9,-1.333333333333334,12,0.75
2,43,1,8014,0,1,130.0,1,34,34,0,0,130.0,0,0,0,1,0,0,45,0,10,12,12,9,12.444444444444445,3,4,7,8,6,12.0,0,9.4,-0.8,-3.12,12.222222222222221,15,-0.44444444444444464,19,0.7894736842105263
1,17,1,9670,1,1,145.0,1,3,3,2,1,129.3,1,0,0,1,0,0,20,0,0,6,7,6,15.571428571428571,0,0,6,6,6,17.166666666666668,0,16.2,0.3,-0.92,16.36904761904762,12,1.5952380952380967,12,1.0
1,1,2,9853,1,1,131.0,1,1,1,2,9,121.9,1,0,0,1,0,0,20,0,0,6,6,6,13.5,0,0,6,6,0,0.0,0,12.7,3.7,-1.7,6.75,6,-13.5,12,0.5
1,39,1,9003,1,1,130.0,1,38,19,9,6,120.0,1,0,0,1,1,0,28,0,7,13,19,8,11.625,0,5,10,17,6,11.0,0,15.5,2.8,-4.06,11.3125,14,-0.625,23,0.6086956521739131
1,1,4,9500,1,1,140.0,1,19,19,7,7,129.5,1,0,0,1,0,0,18,0,0,8,8,7,12.324285714285711,0,0,8,8,7,12.324285714285711,0,10.8,1.4,1.74,12.324285714285711,14,0.0,16,0.875
1,1,3,9500,1,1,122.0,1,3,1,4,3,114.8,1,0,0,1,0,1,19,0,0,7,11,4,12.65,0,0,7,9,5,11.1,0,12.4,0.5,1.79,11.875,9,-1.5500000000000007,14,0.6428571428571429
1,1,1,9773,1,1,154.0,1,37,37,9,7,150.2,0,0,0,1,0,1,18,0,0,6,6,6,14.5,0,0,6,6,6,14.666666666666666,0,16.2,0.3,-0.92,14.583333333333332,12,0.16666666666666607,12,1.0
1,1,2,9773,1,1,130.0,1,1,34,9,9,124.8,1,0,0,1,0,1,20,0,0,6,7,5,12.8,0,0,6,6,6,12.333333333333334,0,12.4,0.5,1.79,12.566666666666666,11,-0.4666666666666668,12,0.9166666666666666
1,1,2,9085,1,1,140.0,1,37,38,9,7,137.0,0,0,0,1,0,0,18,0,0,5,12,5,13.142857142857142,2,0,5,6,5,11.4,0,9.4,-0.8,-3.12,12.271428571428572,10,-1.742857142857142,10,1.0
1,1,2,9500,1,1,143.0,1,5,5,2,2,137.8,0,0,0,1,1,0,19,0,0,7,10,6,13.492857142857144,0,0,8,9,8,12.68888888888889,0,12.4,0.5,1.79,13.090873015873017,14,-0.8039682539682538,15,0.9333333333333333
2,43,1,9991,0,1,130.0,1,37,37,9,9,110.0,1,0,0,1,0,0,38,0,4,10,14,4,10.75,0,2,10,10,2,10.0,0,7.6,2.6,0.32,10.375,6,-0.75,20,0.3
1,1,2,171,1,1,117.0,1,1,19,3,3,121.6,1,0,0,1,0,0,22,0,6,12,12,12,12.916666666666666,0,4,11,16,11,14.5,0,8.9,1.4,3.51,13.708333333333332,23,1.583333333333334,23,1.0
1,1,3,9500,1,1,136.0,1,1,19,4,9,131.1,1,0,0,1,0,0,19,0,0,7,9,6,13.411428571428573,0,0,8,12,7,13.294444444444444,0,15.5,2.8,-4.06,13.352936507936509,13,-0.11698412698412852,15,0.8666666666666667
1,17,1,9085,1,1,142.0,1,3,37,4,8,132.4,1,0,0,1,0,0,18,0,0,6,8,6,13.857142857142858,0,0,6,15,6,13.1,0,12.4,0.5,1.79,13.478571428571428,12,-0.757142857142858,12,1.0
1,7,1,9556,1,2,130.0,1,37,37,9,9,130.0,1,0,0,1,0,1,36,0,0,7,9,1,9.8,0,0,7,7,0,0.0,0,12.7,3.7,-1.7,4.9,1,-9.8,14,0.07142857142857142
1,42,1,9119,1,1,120.0,1,34,34,0,0,128.2,1,0,0,1,1,0,35,0,6,10,12,7,11.285714285714286,0,2,8,8,5,13.0,0,9.4,-0.8,-3.12,12.142857142857142,12,1.7142857142857135,18,0.6666666666666666
1,1,4,9500,1,1,145.0,1,3,19,1,5,130.0,1,0,0,1,0,0,18,0,0,8,8,8,13.76125,0,0,8,8,8,13.76125,0,9.4,-0.8,-3.12,13.76125,16,0.0,16,1.0
1,17,1,9670,1,1,115.0,1,1,1,4,4,109.1,1,0,0,1,0,1,19,0,0,6,7,6,13.285714285714286,0,0,6,9,5,14.6,0,12.4,0.5,1.79,13.942857142857143,11,1.3142857142857132,12,0.9166666666666666
1,42,1,9670,1,1,130.0,1,1,1,9,10,116.3,1,0,0,1,0,1,20,0,3,7,10,6,12.833333333333334,0,2,8,8,5,11.8,0,12.7,3.7,-1.7,12.316666666666666,11,-1.0333333333333332,15,0.7333333333333333
2,2,1,9147,1,2,120.0,1,37,37,9,9,120.0,0,0,0,0,1,0,57,0,12,15,17,12,11.75,0,9,14,16,9,12.22222222222222,0,9.4,-0.8,-3.12,11.98611111111111,21,0.47222222222221966,29,0.7241379310344828
1,44,1,9003,1,39,120.0,1,4,1,2,8,120.0,0,0,0,1,1,0,21,0,0,6,9,5,13.4,0,0,6,9,5,12.4,0,8.9,1.4,3.51,12.9,10,-1.0,12,0.8333333333333334
1,1,1,9070,1,1,182.0,1,19,1,5,7,156.8,1,0,0,1,0,0,18,0,0,6,6,6,12.666666666666666,0,0,6,8,6,13.25,0,10.8,1.4,1.74,12.958333333333332,12,0.5833333333333339,12,1.0
1,17,1,9147,1,1,127.0,1,1,37,4,8,121.1,1,0,0,1,1,1,20,0,0,5,11,4,12.0,0,0,5,5,5,12.8,0,11.1,0.6,2.02,12.4,9,0.8000000000000007,10,0.9
1,1,1,9147,1,1,117.0,1,19,19,5,7,118.4,0,0,0,1,1,0,20,0,0,5,8,5,10.0,0,0,5,10,2,12.0,0,7.6,2.6,0.32,11.0,7,2.0,10,0.7
1,1,2,9500,1,1,123.0,1,34,34,90,90,113.3,1,0,0,1,0,0,20,0,0,7,8,4,11.95,0,0,7,8,4,11.95,0,7.6,2.6,0.32,11.95,8,0.0,14,0.5714285714285714
1,17,1,171,1,1,128.0,1,1,1,4,10,134.7,0,0,0,0,1,0,19,0,0,0,0,0,0.0,0,0,0,0,0,0.0,0,10.8,1.4,1.74,0.0,0,0.0,0,0.0
1,15,1,9147,1,1,150.0,1,38,1,9,1,150.0,0,0,0,1,1,0,19,0,0,5,5,5,10.6,0,0,5,8,5,11.6,0,12.4,0.5,1.79,11.1,10,1.0,10,1.0
1,51,1,9147,1,1,140.0,1,19,19,9,7,120.4,0,0,1,0,0,0,32,0,14,15,17,14,10.214285714285714,0,13,13,13,13,11.384615384615383,0,16.2,0.3,-0.92,10.799450549450547,27,1.1703296703296697,28,0.9642857142857143
1,1,3,9500,1,1,135.0,1,1,37,7,7,120.5,1,0,0,1,0,0,19,0,0,8,11,7,13.258571428571427,0,0,8,11,7,13.258571428571427,0,10.8,1.4,1.74,13.258571428571427,14,0.0,16,0.875
1,18,1,9147,1,1,128.0,1,19,19,9,5,121.7,1,0,0,1,0,0,19,0,0,5,8,5,11.0,0,0,5,6,5,15.4,0,12.4,0.5,1.79,13.2,10,4.4,10,1.0
1,1,2,9500,1,1,131.0,1,38,1,7,4,128.3,1,0,0,1,0,1,18,0,0,8,8,7,12.642857142857142,0,0,8,8,7,12.642857142857142,0,12.7,3.7,-1.7,12.642857142857142,14,0.0,16,0.875
1,1,1,9238,1,1,135.0,1,1,1,9,9,133.3,0,0,0,1,0,1,20,0,0,6,6,6,12.0,0,0,6,7,6,12.857142857142858,0,11.1,0.6,2.02,12.428571428571429,12,0.8571428571428577,12,1.0
1,44,1,9085,1,39,140.0,1,37,38,5,6,140.0,1,0,0,1,0,0,21,0,2,6,16,5,12.666666666666666,0,1,6,15,2,13.5,0,16.2,0.3,-0.92,13.083333333333332,7,0.8333333333333339,12,0.5833333333333334
1,17,2,9773,1,1,123.0,1,1,1,3,3,120.9,1,0,0,1,0,0,18,0,0,6,0,0,0.0,0,0,6,0,0,0.0,0,13.9,-0.3,0.79,0.0,0,0.0,12,0.0
1,17,5,9500,1,1,144.0,1,19,1,5,3,141.0,1,0,0,1,0,1,19,0,0,8,8,7,12.485714285714286,0,0,8,8,7,12.485714285714286,0,12.7,3.7,-1.7,12.485714285714286,14,0.0,16,0.875
1,17,2,9500,1,1,125.0,1,19,19,5,5,114.5,1,0,0,1,0,0,18,0,0,7,11,6,11.983333333333334,0,0,8,12,8,12.28125,0,16.2,0.3,-0.92,12.132291666666667,14,0.2979166666666657,15,0.9333333333333333
1,17,4,9853,1,1,140.0,1,19,38,4,1,128.5,1,0,0,1,0,0,18,0,0,6,7,6,11.666666666666666,0,0,6,10,6,11.833333333333334,0,10.8,1.4,1.74,11.75,12,0.16666666666666785,12,1.0
1,17,1,9254,1,1,158.0,1,37,37,5,9,138.1,1,0,0,1,0,0,19,0,0,6,8,4,12.5,0,0,6,11,1,14.0,0,7.6,2.6,0.32,13.25,5,1.5,12,0.4166666666666667
1,1,3,9500,1,1,106.0,1,19,37,9,7,109.5,1,0,0,1,0,0,19,0,0,7,8,7,13.025,0,0,8,9,8,13.811111111111112,0,13.9,-0.3,0.79,13.418055555555556,15,0.7861111111111114,15,1.0
1,1,1,9130,1,1,150.0,1,5,5,2,2,146.2,0,0,0,1,0,0,18,0,0,5,12,4,13.0,2,0,5,6,5,14.0,0,9.4,-0.8,-3.12,13.5,9,1.0,10,0.9
1,1,1,9254,1,1,115.0,1,19,1,3,7,113.6,0,0,0,1,1,0,23,0,0,6,10,6,13.0,0,0,6,9,6,12.0,0,11.1,0.6,2.02,12.5,12,-1.0,12,1.0
2,1,4,8014,0,1,140.0,1,34,34,0,0,128.0,1,0,0,1,1,0,37,0,0,6,0,0,0.0,0,0,6,0,0,0.0,0,9.4,-0.8,-3.12,0.0,0,0.0,12,0.0
2,1,1,8014,0,1,151.0,1,37,37,9,9,152.4,0,0,0,1,0,0,40,0,0,6,7,6,11.333333333333334,0,0,6,7,6,10.5,0,10.8,1.4,1.74,10.916666666666668,12,-0.8333333333333339,12,1.0
1,1,2,9085,1,1,160.0,1,4,19,2,5,162.1,1,0,0,1,0,0,18,0,0,5,8,5,16.166666666666668,2,0,5,9,5,14.285714285714286,1,9.4,-0.8,-3.12,15.226190476190478,10,-1.8809523809523814,10,1.0
1,17,2,9853,1,1,126.0,1,1,19,2,10,126.0,1,0,0,1,0,0,19,0,0,6,9,5,13.0,0,0,6,8,5,10.4,0,7.6,2.6,0.32,11.7,10,-2.5999999999999996,12,0.8333333333333334
1,1,2,9773,1,1,121.0,1,19,19,9,9,122.8,0,0,0,1,1,0,19,0,0,6,0,0,0.0,0,0,6,0,0,0.0,0,12.4,0.5,1.79,0.0,0,0.0,12,0.0
1,39,1,9773,1,9,133.1,1,38,1,5,4,102.0,1,0,0,1,1,0,28,0,0,6,11,3,13.0,0,0,6,15,1,12.0,0,7.6,2.6,0.32,12.5,4,-1.0,12,0.3333333333333333
1,39,1,8014,0,1,130.0,1,37,37,9,6,134.0,0,0,0,1,0,1,35,0,2,8,8,8,13.625,0,1,7,7,7,14.0,0,8.9,1.4,3.51,13.8125,15,0.375,15,1.0
1,39,1,9003,1,1,130.0,1,38,38,9,9,150.0,0,0,1,0,1,0,28,0,5,11,14,11,15.090909090909092,0,5,10,11,10,15.0,0,11.1,0.6,2.02,15.045454545454547,21,-0.09090909090909172,21,1.0
2,39,1,8014,0,1,140.0,1,37,37,9,9,121.0,0,0,0,1,0,0,50,0,0,6,8,6,12.666666666666666,0,0,6,6,6,11.833333333333334,0,10.8,1.4,1.74,12.25,12,-0.8333333333333321,12,1.0
1,1,2,9500,1,1,149.0,1,19,1,9,9,137.8,1,0,0,1,1,0,18,0,0,8,8,7,13.0,0,0,8,8,7,13.0,0,12.7,3.7,-1.7,13.0,14,0.0,16,0.875
1,18,3,9500,1,1,131.0,1,19,1,4,7,127.5,1,0,0,1,0,0,18,0,0,7,7,7,13.457142857142856,0,0,8,8,8,14.5125,0,13.9,-0.3,0.79,13.984821428571427,15,1.0553571428571438,15,1.0
1,17,1,9003,1,1,120.0,1,38,37,5,9,131.4,1,0,0,1,1,1,23,0,17,18,19,18,11.894736842105264,0,12,13,13,13,12.923076923076923,0,15.5,2.8,-4.06,12.408906882591094,31,1.0283400809716596,31,1.0
1,17,2,9254,1,1,113.0,1,1,2,5,3,106.7,1,0,1,1,1,1,19,0,0,6,14,2,10.0,0,0,6,6,0,0.0,0,13.9,-0.3,0.79,5.0,2,-10.0,12,0.16666666666666666
1,43,1,9500,1,1,120.0,1,3,4,2,4,120.6,0,0,0,1,1,0,18,0,0,7,12,4,12.65,0,0,7,10,3,10.666666666666666,0,16.2,0.3,-0.92,11.658333333333333,7,-1.9833333333333343,14,0.5
1,1,5,9500,1,1,137.0,1,38,38,4,8,126.5,1,0,0,1,0,0,18,0,0,8,8,8,13.76375,0,0,8,8,8,13.76375,0,9.4,-0.8,-3.12,13.76375,16,0.0,16,1.0
1,17,1,9238,1,1,151.0,1,19,1,5,0,144.4,1,0,0,1,0,0,18,0,0,6,8,6,15.375,0,0,6,7,6,16.428571428571427,0,16.2,0.3,-0.92,15.901785714285714,12,1.053571428571427,12,1.0
1,44,1,8014,0,39,140.0,1,1,3,4,6,139.2,0,0,1,1,0,0,20,0,3,6,6,6,13.833333333333334,0,2,6,7,6,14.571428571428571,0,12.4,0.5,1.79,14.202380952380953,12,0.7380952380952372,12,1.0
1,39,1,9003,1,1,110.0,1,19,37,9,6,120.0,0,0,1,0,1,0,31,0,0,6,15,1,11.0,0,0,6,10,0,0.0,0,16.2,0.3,-0.92,5.5,1,-11.0,12,0.08333333333333333
1,1,3,9085,1,1,147.0,1,19,19,9,1,135.6,1,0,0,1,0,0,20,0,0,6,7,6,16.714285714285715,0,0,6,6,6,15.333333333333334,0,13.9,-0.3,0.79,16.023809523809526,12,-1.3809523809523814,12,1.0
1,1,6,9500,1,1,134.0,1,38,38,9,9,122.0,1,0,0,1,1,0,19,0,0,8,8,7,12.2,0,0,8,8,7,12.2,0,12.7,3.7,-1.7,12.2,14,0.0,16,0.875
1,17,1,9500,1,1,150.0,1,37,19,8,4,130.8,0,0,0,1,1,0,24,0,0,7,8,7,11.975,0,0,8,8,8,13.75,0,13.9,-0.3,0.79,12.8625,15,1.7750000000000004,15,1.0
2,1,1,9238,1,1,134.0,1,37,37,5,5,120.4,0,0,0,1,0,0,20,0,0,6,7,6,11.5,0,0,6,6,6,11.666666666666666,0,7.6,2.6,0.32,11.583333333333332,12,0.16666666666666607,12,1.0
1,1,1,9147,1,1,127.0,1,2,19,4,5,121.8,0,0,0,1,0,0,18,0,0,5,5,5,12.6,0,0,5,5,5,14.0,0,11.1,0.6,2.02,13.3,10,1.4000000000000004,10,1.0
1,16,3,9085,1,1,130.0,1,37,37,9,2,119.5,1,0,0,1,0,1,18,0,0,6,14,6,14.333333333333334,0,0,6,9,6,12.0,0,15.5,2.8,-4.06,13.166666666666668,12,-2.333333333333334,12,1.0
1,44,1,9070,1,39,120.0,1,1,38,5,5,116.3,1,1,0,1,1,1,21,0,2,7,7,4,11.5,0,5,9,10,7,12.142857142857142,0,12.4,0.5,1.79,11.821428571428571,11,0.6428571428571423,16,0.6875
1,39,1,9670,1,12,170.0,1,1,37,3,5,110.0,0,0,0,1,1,1,25,0,0,6,8,6,14.142857142857142,0,0,6,6,6,13.5,0,15.5,2.8,-4.06,13.821428571428571,12,-0.6428571428571423,12,1.0
1,7,1,9085,1,3,140.0,1,19,20,4,90,140.0,1,0,0,1,0,0,32,0,0,5,8,1,14.0,2,0,5,12,0,0.0,4,10.8,1.4,1.74,7.0,1,-14.0,10,0.1
1,43,1,9500,1,1,148.0,1,29,38,90,3,131.0,1,0,0,1,0,1,22,0,18,23,23,20,14.575,3,18,23,23,20,14.575,3,7.6,2.6,0.32,14.575,40,0.0,46,0.8695652173913043
1,17,1,171,1,1,129.0,1,38,37,4,6,128.0,0,0,0,0,1,0,20,0,0,0,0,0,0.0,0,0,0,0,0,0.0,0,9.4,-0.8,-3.12,0.0,0,0.0,0,0.0
1,17,1,9500,1,1,148.0,1,38,37,5,9,137.8,1,0,0,1,0,1,18,0,0,8,8,7,14.962857142857144,0,0,8,8,7,14.962857142857144,0,10.8,1.4,1.74,14.962857142857144,14,0.0,16,0.875
1,17,6,9500,1,1,131.0,1,1,19,7,7,126.5,1,0,0,1,0,1,19,0,0,7,8,7,13.875714285714285,0,0,8,9,7,13.085714285714284,0,11.1,0.6,2.02,13.480714285714285,14,-0.7900000000000009,15,0.9333333333333333
1,39,1,9130,1,1,150.0,1,19,19,9,5,160.0,1,0,0,1,1,0,24,0,0,5,13,4,13.75,1,0,5,9,3,12.0,0,9.4,-0.8,-3.12,12.875,7,-1.75,10,0.7
1,7,1,9119,1,40,140.0,1,3,1,2,5,140.0,0,0,0,1,1,0,23,0,0,5,5,5,13.8,0,0,5,7,5,14.142857142857142,0,11.1,0.6,2.02,13.971428571428572,10,0.34285714285714164,10,1.0
1,1,1,9085,1,1,135.0,1,3,2,1,1,133.6,1,0,0,0,0,0,22,0,0,5,12,4,14.6,3,0,5,5,4,12.75,1,9.4,-0.8,-3.12,13.675,8,-1.8499999999999996,10,0.8
1,1,1,9254,1,1,135.0,1,38,37,9,7,139.2,0,0,0,1,1,1,19,0,0,6,6,6,13.0,0,0,6,6,6,13.166666666666666,0,12.4,0.5,1.79,13.083333333333332,12,0.16666666666666607,12,1.0
1,1,4,9119,1,1,111.0,1,37,37,9,5,107.5,1,0,0,1,1,1,22,0,0,5,9,3,12.333333333333334,0,0,6,14,3,12.5,0,11.1,0.6,2.02,12.416666666666668,6,0.16666666666666607,11,0.5454545454545454
1,43,2,9238,1,1,129.0,1,34,30,0,5,118.9,1,0,0,1,1,0,22,0,0,6,11,0,0.0,0,0,5,10,0,0.0,0,9.4,-0.8,-3.12,0.0,0,0.0,11,0.0
2,39,1,9773,1,19,100.0,1,37,37,0,0,163.5,0,0,1,0,1,0,50,0,0,6,7,1,15.0,0,0,5,12,0,0.0,0,10.8,1.4,1.74,7.5,1,-15.0,11,0.09090909090909091
1,1,1,9070,1,1,124.0,1,19,19,9,9,138.4,1,0,1,1,0,1,19,0,1,6,8,6,13.285714285714286,1,0,6,8,6,12.5,0,13.9,-0.3,0.79,12.892857142857142,12,-0.7857142857142865,12,1.0
2,39,1,9773,1,19,133.1,1,19,19,9,4,131.0,0,0,1,0,1,0,42,0,0,4,5,0,0.0,0,0,4,4,0,0.0,0,13.9,-0.3,0.79,0.0,0,0.0,8,0.0
1,17,1,9119,1,1,116.0,1,19,37,90,5,116.7,1,0,0,1,1,0,21,0,0,5,10,1,10.0,0,0,5,8,3,13.666666666666666,3,7.6,2.6,0.32,11.833333333333332,4,3.666666666666666,10,0.4
1,17,2,9556,1,1,125.0,1,38,19,7,7,121.5,1,0,0,1,0,0,20,0,0,7,13,4,13.5,0,0,7,11,4,11.225,0,11.1,0.6,2.02,12.3625,8,-2.2750000000000004,14,0.5714285714285714
1,1,3,9147,1,1,131.0,1,19,38,9,7,132.4,1,0,0,1,0,0,19,0,0,5,5,5,11.8,0,0,5,8,4,11.25,0,9.4,-0.8,-3.12,11.525,9,-0.5500000000000007,10,0.9
1,17,1,9254,1,1,140.0,1,3,1,2,3,129.9,0,0,0,1,0,1,19,0,0,6,15,6,11.333333333333334,0,0,6,9,3,12.666666666666666,0,9.4,-0.8,-3.12,12.0,9,1.3333333333333321,12,0.75
1,17,2,9853,1,1,131.0,1,1,38,4,8,121.9,1,0,0,1,0,0,19,0,0,6,10,5,12.6,0,0,6,7,5,11.2,0,10.8,1.4,1.74,11.899999999999999,10,-1.4000000000000004,12,0.8333333333333334
1,17,1,9254,1,1,122.0,1,19,19,5,5,118.2,0,0,0,1,0,1,20,0,0,6,10,4,11.25,0,0,6,6,6,10.5,0,12.4,0.5,1.79,10.875,10,-0.75,12,0.8333333333333334
1,1,5,9500,1,1,142.0,1,38,37,5,7,128.8,1,0,0,1,0,0,18,0,0,7,7,6,14.233333333333334,0,0,7,7,6,14.233333333333334,0,7.6,2.6,0.32,14.233333333333334,12,0.0,14,0.8571428571428571
1,1,1,171,1,1,136.0,1,37,19,5,8,129.0,1,0,0,1,1,1,19,0,0,0,0,0,0.0,0,0,0,0,0,0.0,0,13.9,-0.3,0.79,0.0,0,0.0,0,0.0
1,43,1,9500,1,1,141.0,1,4,19,4,10,100.0,0,0,0,1,1,0,18,0,0,7,7,7,11.828571428571427,0,0,8,10,7,12.9125,0,13.9,-0.3,0.79,12.370535714285714,14,1.0839285714285722,15,0.9333333333333333
1,44,1,9119,1,39,140.0,1,1,19,4,5,140.0,1,0,0,1,1,0,22,0,0,5,9,0,0.0,0,0,5,6,2,11.666666666666666,0,10.8,1.4,1.74,5.833333333333333,2,11.666666666666666,10,0.2
4,39,1,9670,1,1,110.0,1,19,19,90,99,107.2,0,0,0,1,1,0,42,0,0,6,0,0,0.0,0,0,6,0,0,0.0,0,12.7,3.7,-1.7,0.0,0,0.0,12,0.0
1,1,2,9238,1,1,134.0,1,1,19,4,5,126.0,0,0,0,1,0,0,18,0,0,6,10,4,11.0,0,0,6,8,5,11.2,0,10.8,1.4,1.74,11.1,9,0.1999999999999993,12,0.75
1,1,3,171,1,1,139.0,1,19,19,5,3,128.2,1,0,0,1,1,1,19,0,0,0,0,0,0.0,0,0,0,0,0,0.0,0,10.8,1.4,1.74,0.0,0,0.0,0,0.0
1,17,1,9085,1,1,125.0,1,1,37,4,9,117.0,1,0,0,1,0,1,19,0,0,5,6,4,12.0,0,0,5,8,5,13.333333333333334,1,10.8,1.4,1.74,12.666666666666668,9,1.333333333333334,10,0.9
1,42,1,9119,1,1,120.0,1,5,5,2,2,115.0,0,0,0,1,1,0,30,0,1,6,9,2,15.0,0,1,6,7,2,13.5,0,15.5,2.8,-4.06,14.25,4,-1.5,12,0.3333333333333333
1,17,3,9556,1,1,131.0,1,19,38,9,7,128.5,0,0,0,1,0,1,18,0,0,7,9,7,12.855555555555556,0,0,8,8,8,13.9125,0,12.7,3.7,-1.7,13.384027777777778,15,1.0569444444444436,15,1.0
1,1,1,9773,1,1,140.0,1,19,19,7,5,135.1,1,0,0,1,0,0,18,0,0,6,7,6,13.5,0,0,6,8,6,12.5,0,9.4,-0.8,-3.12,13.0,12,-1.0,12,1.0
1,17,1,9070,1,1,136.0,1,1,37,4,5,130.8,0,0,0,1,0,0,20,0,0,6,6,6,12.5,0,0,6,8,6,11.5,0,10.8,1.4,1.74,12.0,12,-1.0,12,1.0
1,15,1,9500,1,1,190.0,108,3,2,122,4,190.0,1,0,0,1,0,0,18,1,0,7,15,4,11.575,0,0,7,10,5,12.419999999999998,0,12.4,0.5,1.79,11.997499999999999,9,0.8449999999999989,14,0.6428571428571429
1,17,4,9238,1,1,124.0,1,19,19,5,8,117.7,1,0,0,1,0,0,18,0,0,6,10,5,12.0,0,0,6,11,4,12.0,0,16.2,0.3,-0.92,12.0,9,0.0,12,0.75
1,17,6,9238,1,1,135.0,1,1,19,7,7,126.6,1,0,0,1,0,1,19,0,0,6,8,6,13.625,0,0,6,7,6,12.166666666666666,0,12.7,3.7,-1.7,12.895833333333332,12,-1.458333333333334,12,1.0
1,1,3,171,1,1,139.0,1,37,19,9,8,142.2,1,0,0,1,1,1,20,0,6,12,12,12,14.583333333333334,0,4,11,14,11,14.333333333333334,0,8.9,1.4,3.51,14.458333333333334,23,-0.25,23,1.0
1,1,3,9500,1,1,139.0,1,19,1,9,5,135.0,1,0,0,1,0,1,18,0,0,8,8,7,12.214285714285714,0,0,8,8,7,12.214285714285714,0,12.7,3.7,-1.7,12.214285714285714,14,0.0,16,0.875
1,17,1,9773,1,1,136.0,1,3,1,2,3,132.5,1,0,0,1,0,0,19,0,0,6,7,6,12.5,0,0,6,7,6,12.5,0,10.8,1.4,1.74,12.5,12,0.0,12,1.0
1,39,1,8014,0,40,140.0,1,19,37,5,9,148.0,0,0,0,1,0,0,37,0,7,11,11,11,13.727272727272728,0,4,8,8,8,14.75,0,12.4,0.5,1.79,14.238636363636363,19,1.0227272727272716,19,1.0
1,1,3,9773,1,1,130.0,1,19,19,9,9,123.0,1,0,0,1,0,0,18,0,0,6,6,6,12.666666666666666,0,0,6,7,6,12.833333333333334,0,12.7,3.7,-1.7,12.75,12,0.16666666666666785,12,1.0
1,1,1,9147,1,1,112.0,1,9,22,4,3,106.1,0,0,0,1,0,0,20,0,0,5,13,2,10.0,1,0,5,10,0,0.0,0,9.4,-0.8,-3.12,5.0,2,-10.0,10,0.2
2,43,1,9500,1,1,140.0,1,37,37,9,10,105.7,1,0,0,1,0,0,27,0,0,8,8,8,13.81375,0,0,8,8,8,13.81375,0,9.4,-0.8,-3.12,13.81375,16,0.0,16,1.0
1,39,1,9556,1,19,133.1,1,19,1,7,10,105.0,0,0,0,1,1,0,25,0,0,7,14,4,12.95,1,0,7,11,4,13.125,1,15.5,2.8,-4.06,13.0375,8,0.1750000000000007,14,0.5714285714285714
1,17,3,9147,1,1,142.0,1,37,38,5,1,129.4,0,0,0,1,0,0,18,0,0,5,5,5,13.2,0,0,5,6,4,12.5,0,9.4,-0.8,-3.12,12.85,9,-0.6999999999999993,10,0.9
2,39,1,8014,0,19,133.1,1,3,19,90,90,123.5,0,0,0,1,0,0,50,0,0,1,1,0,0.0,1,0,6,0,0,0.0,0,10.8,1.4,1.74,0.0,0,0.0,7,0.0
1,7,3,9130,1,3,130.0,1,19,37,90,5,130.0,0,0,1,0,0,0,27,0,1,5,6,2,11.5,0,0,5,5,1,11.0,0,12.7,3.7,-1.7,11.25,3,-0.5,10,0.3
4,39,1,9238,1,19,133.1,1,37,37,9,10,103.5,0,0,0,0,0,0,44,0,0,6,0,0,0.0,0,0,6,0,0,0.0,0,13.9,-0.3,0.79,0.0,0,0.0,12,0.0
1,17,2,9853,1,1,123.0,1,3,1,2,3,124.1,1,0,0,1,0,0,18,0,0,6,7,2,14.5,0,0,6,6,1,10.0,0,15.5,2.8,-4.06,12.25,3,-4.5,12,0.25
1,39,1,9991,0,1,150.0,1,19,37,9,8,138.5,0,0,0,1,0,0,26,0,0,5,10,4,12.0,0,0,5,9,4,11.25,0,12.7,3.7,-1.7,11.625,8,-0.75,10,0.8
1,17,1,9670,1,1,113.0,1,1,1,5,4,106.7,1,0,1,1,0,0,20,0,0,6,10,2,11.666666666666666,0,0,6,10,4,10.5,0,15.5,2.8,-4.06,11.083333333333332,6,-1.166666666666666,12,0.5
4,7,1,9500,1,40,130.0,1,19,19,4,6,130.0,0,0,0,0,0,0,42,0,2,7,10,5,12.62,0,3,7,11,3,14.166666666666666,0,12.4,0.5,1.79,13.393333333333333,8,1.5466666666666669,14,0.5714285714285714
2,39,1,9991,0,1,100.0,1,19,19,4,4,113.0,0,0,0,1,1,1,41,0,0,5,9,4,11.0,0,0,5,6,5,11.4,0,8.9,1.4,3.51,11.2,9,0.40000000000000036,10,0.9
2,7,1,9147,1,3,110.0,1,19,1,9,9,110.0,0,0,0,1,0,0,33,0,5,8,10,6,12.833333333333334,0,2,5,8,4,12.0,0,11.1,0.6,2.02,12.416666666666668,10,-0.8333333333333339,13,0.7692307692307693
1,1,1,9147,1,1,148.0,1,19,1,7,5,138.3,1,0,0,1,1,0,19,0,0,5,6,4,13.75,0,0,5,5,0,0.0,0,12.4,0.5,1.79,6.875,4,-13.75,10,0.4
1,17,1,9254,1,1,160.0,1,19,37,5,3,152.0,0,0,0,1,0,0,18,0,0,6,7,6,14.714285714285714,0,0,6,7,6,14.166666666666666,0,12.7,3.7,-1.7,14.44047619047619,12,-0.5476190476190474,12,1.0
4,39,1,9991,0,1,120.0,1,19,19,9,3,113.9,1,0,0,1,0,0,39,0,0,5,8,5,11.0,0,0,5,5,5,11.6,0,7.6,2.6,0.32,11.3,10,0.5999999999999996,10,1.0
1,39,1,9670,1,1,140.0,1,37,37,9,9,148.0,1,0,0,0,1,0,31,0,0,6,14,0,0.0,0,0,6,6,0,0.0,0,12.7,3.7,-1.7,0.0,0,0.0,12,0.0
4,43,1,9670,1,1,150.0,1,37,37,9,6,110.0,0,0,0,1,0,0,40,0,4,8,8,8,11.625,0,3,7,12,5,11.2,0,9.4,-0.8,-3.12,11.4125,13,-0.4250000000000007,15,0.8666666666666667
1,1,4,9238,1,1,133.1,1,1,37,8,9,118.0,1,0,0,1,0,0,19,0,0,6,0,0,0.0,0,0,6,0,0,0.0,0,12.7,3.7,-1.7,0.0,0,0.0,12,0.0
1,17,5,9119,1,1,124.0,11,4,12,2,9,119.5,1,0,0,1,1,0,20,1,0,5,5,5,14.8,0,0,5,5,5,17.6,0,8.9,1.4,3.51,16.200000000000003,10,2.8000000000000007,10,1.0
1,43,1,9773,1,1,126.0,1,1,37,3,0,110.0,0,0,1,1,0,0,20,0,0,6,7,6,13.333333333333334,0,0,6,8,6,12.666666666666666,0,12.4,0.5,1.79,13.0,12,-0.6666666666666679,12,1.0
1,39,1,9254,1,3,133.1,1,19,19,4,6,130.5,0,0,0,1,0,0,38,0,0,6,0,0,0.0,0,0,6,0,0,0.0,0,15.5,2.8,-4.06,0.0,0,0.0,12,0.0
2,39,1,9003,1,1,133.1,1,19,19,4,4,107.5,0,0,0,0,0,0,35,0,0,6,0,0,0.0,0,0,6,0,0,0.0,0,15.5,2.8,-4.06,0.0,0,0.0,12,0.0
1,1,1,9500,1,1,124.0,1,19,37,3,8,117.5,1,0,0,1,1,0,19,0,0,8,10,5,12.858,3,0,8,10,5,12.858,3,9.4,-0.8,-3.12,12.858,10,0.0,16,0.625
1,1,1,9070,1,1,117.0,1,1,1,3,9,118.4,0,0,0,1,1,0,19,0,0,6,6,6,11.833333333333334,0,0,6,8,4,10.75,2,16.2,0.3,-0.92,11.291666666666668,10,-1.083333333333334,12,0.8333333333333334
1,1,1,9130,1,1,144.0,1,3,1,1,3,137.7,0,0,0,0,0,0,23,0,0,5,9,0,0.0,3,1,5,10,1,12.0,3,10.8,1.4,1.74,6.0,1,12.0,10,0.1
1,43,1,8014,0,1,117.0,1,37,37,9,9,100.0,0,0,0,1,0,0,27,0,0,6,6,4,12.5,0,0,6,6,6,14.333333333333334,0,13.9,-0.3,0.79,13.416666666666668,10,1.833333333333334,12,0.8333333333333334
1,39,1,9085,1,19,133.1,1,37,37,9,9,100.0,1,0,1,0,0,1,26,0,0,6,7,0,0.0,0,0,6,6,0,0.0,0,13.9,-0.3,0.79,0.0,0,0.0,12,0.0
1,1,3,171,1,1,147.0,1,12,19,9,3,151.6,1,0,0,1,0,0,19,0,0,0,0,0,0.0,0,0,0,0,0,0.0,0,13.9,-0.3,0.79,0.0,0,0.0,0,0.0
1,18,6,9500,1,1,141.0,1,1,19,1,1,126.7,1,0,0,1,0,1,18,0,0,8,8,7,14.314285714285717,0,0,8,8,7,14.314285714285717,0,12.7,3.7,-1.7,14.314285714285717,14,0.0,16,0.875
1,1,2,171,1,1,133.1,1,3,1,2,3,141.0,1,0,0,1,0,0,19,0,0,0,0,0,0.0,0,0,0,0,0,0.0,0,12.7,3.7,-1.7,0.0,0,0.0,0,0.0
1,1,1,9147,1,1,108.0,41,3,3,9,9,107.0,0,0,1,0,0,0,19,1,0,5,14,0,0.0,0,0,5,5,0,0.0,0,8.9,1.4,3.51,0.0,0,0.0,10,0.0
1,1,1,9254,1,1,140.0,1,19,19,9,3,130.0,0,0,0,1,1,0,21,0,0,6,8,6,12.571428571428571,0,0,6,10,4,13.0,0,12.7,3.7,-1.7,12.785714285714285,10,0.4285714285714288,12,0.8333333333333334
1,1,1,9147,1,1,123.0,1,1,19,4,5,117.8,0,0,0,1,1,0,20,0,0,5,9,5,12.0,0,0,5,9,4,13.0,0,8.9,1.4,3.51,12.5,9,1.0,10,0.9
1,39,1,8014,0,1,133.1,1,19,37,7,8,120.0,0,0,1,0,0,0,31,0,0,6,14,2,10.5,0,0,6,6,3,12.333333333333334,0,11.1,0.6,2.02,11.416666666666668,5,1.833333333333334,12,0.4166666666666667
2,39,1,9991,0,1,170.0,1,37,19,9,3,151.1,0,0,0,1,1,0,48,0,0,5,9,5,12.285714285714286,0,0,5,8,5,11.125,0,16.2,0.3,-0.92,11.705357142857142,10,-1.1607142857142865,10,1.0
1,17,3,9853,1,1,132.0,1,34,34,0,0,131.3,1,0,0,1,0,0,21,0,0,6,8,5,11.8,0,0,6,8,4,10.5,0,7.6,2.6,0.32,11.15,9,-1.3000000000000007,12,0.75
1,39,1,9085,1,19,133.1,1,3,1,2,5,103.0,0,0,0,1,1,0,25,0,0,6,0,0,0.0,0,0,6,0,0,0.0,0,10.8,1.4,1.74,0.0,0,0.0,12,0.0
1,1,1,9254,1,1,144.0,1,19,19,9,9,142.6,1,0,0,1,0,1,18,0,0,6,7,6,14.166666666666666,0,0,6,10,4,14.0,0,15.5,2.8,-4.06,14.083333333333332,10,-0.16666666666666607,12,0.8333333333333334
1,17,1,9238,1,1,133.0,1,38,38,7,7,125.3,1,0,0,1,0,1,18,0,0,6,6,6,11.333333333333334,0,0,6,7,6,12.285714285714286,0,15.5,2.8,-4.06,11.80952380952381,12,0.9523809523809526,12,1.0
1,39,1,8014,0,19,133.1,1,37,37,9,7,106.5,0,0,0,1,0,1,32,0,0,6,7,6,12.666666666666666,0,0,6,7,6,13.333333333333334,0,12.7,3.7,-1.7,13.0,12,0.6666666666666679,12,1.0
1,1,4,9238,1,1,127.0,1,1,38,9,7,120.4,1,0,0,1,0,1,19,0,0,6,6,6,13.5,0,0,6,7,6,13.428571428571429,0,11.1,0.6,2.02,13.464285714285715,12,-0.07142857142857117,12,1.0
1,17,1,9773,1,1,112.0,1,1,1,5,1,111.7,0,0,1,0,1,0,19,0,0,6,6,6,12.5,0,0,6,10,4,12.6,0,15.5,2.8,-4.06,12.55,10,0.09999999999999964,12,0.8333333333333334
1,17,1,9238,1,1,116.0,1,1,1,3,3,119.2,1,0,0,1,0,1,18,0,0,6,6,6,14.0,0,0,6,6,6,13.5,0,8.9,1.4,3.51,13.75,12,-0.5,12,1.0
1,17,6,9500,1,1,131.0,1,3,19,5,5,127.2,1,0,0,1,0,1,19,0,0,7,7,7,13.801428571428572,0,0,8,8,8,14.575,0,11.1,0.6,2.02,14.188214285714285,15,0.7735714285714277,15,1.0
1,1,1,9500,1,1,132.0,1,19,1,9,5,123.4,0,0,0,1,0,1,18,0,0,7,7,7,14.604285714285712,0,0,8,9,8,15.68333333333333,0,11.1,0.6,2.02,15.143809523809521,15,1.0790476190476177,15,1.0
2,39,1,33,1,1,120.0,1,38,1,9,5,153.8,0,0,1,1,1,0,35,0,0,7,9,0,0.0,0,0,7,8,0,0.0,0,11.1,0.6,2.02,0.0,0,0.0,14,0.0
1,1,5,9670,1,1,120.0,1,4,1,4,10,112.0,1,0,0,1,0,0,18,0,0,6,10,4,11.25,0,0,6,11,5,12.2,0,8.9,1.4,3.51,11.725,9,0.9499999999999993,12,0.75
1,1,1,9254,1,1,131.0,2,37,1,9,3,126.1,1,0,0,1,1,0,18,1,0,6,6,6,13.666666666666666,0,0,6,6,6,13.5,0,7.6,2.6,0.32,13.583333333333332,12,-0.16666666666666607,12,1.0
2,39,2,9556,1,1,133.1,105,1,3,9,2,152.8,1,0,0,1,0,0,28,1,0,7,9,7,12.428571428571429,0,0,8,8,8,12.3,0,12.4,0.5,1.79,12.364285714285714,15,-0.12857142857142811,15,1.0
1,7,1,9556,1,3,130.0,1,1,37,4,8,130.0,0,0,0,0,1,0,23,0,3,7,7,3,13.666666666666666,0,3,8,8,3,11.333333333333334,4,10.8,1.4,1.74,12.5,6,-2.333333333333332,15,0.4
1,1,1,9147,1,1,117.0,1,38,19,5,7,118.1,0,0,0,1,1,0,19,0,0,5,6,5,11.2,0,0,5,5,5,13.2,0,12.4,0.5,1.79,12.2,10,2.0,10,1.0
1,42,1,9500,1,1,122.0,1,3,3,2,2,122.0,1,0,0,1,0,0,20,0,0,8,11,6,12.491666666666667,0,0,8,11,6,12.491666666666667,0,12.7,3.7,-1.7,12.491666666666667,12,0.0,16,0.75
1,42,1,9119,1,1,130.0,1,19,37,9,3,135.0,0,0,1,1,1,0,25,0,0,5,5,0,0.0,0,2,6,7,2,14.0,0,13.9,-0.3,0.79,7.0,2,14.0,11,0.18181818181818182
1,1,1,9070,1,1,139.0,1,1,19,3,9,134.9,1,0,0,1,1,0,20,0,0,6,7,6,13.666666666666666,0,0,6,7,6,12.166666666666666,1,16.2,0.3,-0.92,12.916666666666666,12,-1.5,12,1.0
1,44,1,9003,1,39,150.0,1,38,37,9,9,150.0,1,0,0,1,1,0,20,0,0,6,8,6,13.125,0,0,6,10,6,13.2,0,16.2,0.3,-0.92,13.1625,12,0.07499999999999929,12,1.0
1,1,6,9119,1,1,126.0,1,19,19,7,3,116.6,1,0,0,1,1,1,20,0,0,5,6,5,14.0,0,0,5,7,5,13.8,0,8.9,1.4,3.51,13.9,10,-0.1999999999999993,10,1.0
1,1,1,9238,1,1,145.0,1,1,19,9,9,129.3,0,0,1,1,0,1,19,0,0,6,11,3,11.0,0,0,6,9,4,11.25,0,10.8,1.4,1.74,11.125,7,0.25,12,0.5833333333333334
1,1,3,9773,1,1,145.0,1,38,38,9,5,133.1,0,0,0,1,0,1,20,0,0,6,9,4,13.0,0,0,6,13,4,11.25,0,10.8,1.4,1.74,12.125,8,-1.75,12,0.6666666666666666
1,1,1,9670,1,1,127.0,1,1,37,4,9,128.1,0,0,0,1,1,0,19,0,0,5,8,4,12.5,0,0,5,6,4,11.0,0,7.6,2.6,0.32,11.75,8,-1.5,10,0.8
1,39,1,9147,1,12,133.1,1,37,37,9,7,139.4,0,0,1,1,0,0,41,0,0,5,6,5,11.6,0,0,5,8,5,12.2,0,7.6,2.6,0.32,11.899999999999999,10,0.5999999999999996,10,1.0
2,39,1,9085,1,1,150.0,1,37,37,90,10,112.0,0,0,0,1,1,0,34,0,0,6,0,0,0.0,0,0,6,0,0,0.0,0,10.8,1.4,1.74,0.0,0,0.0,12,0.0
1,1,3,9500,1,1,119.0,1,19,37,9,9,119.4,1,0,0,1,0,0,20,0,0,7,7,7,13.775714285714288,0,0,8,8,8,15.599999999999998,0,12.4,0.5,1.79,14.687857142857144,15,1.8242857142857094,15,1.0
1,17,2,9853,1,1,127.0,1,19,38,3,3,121.1,1,0,0,1,1,0,19,0,0,7,10,6,13.666666666666666,0,0,7,9,6,12.5,0,12.4,0.5,1.79,13.083333333333332,12,-1.166666666666666,14,0.8571428571428571
1,43,1,9991,0,1,120.0,1,38,38,9,7,141.0,0,0,0,1,1,1,32,0,5,10,12,10,13.8,0,5,10,10,10,12.8,0,10.8,1.4,1.74,13.3,20,-1.0,20,1.0
1,18,1,8014,0,1,138.0,1,19,1,9,5,134.5,1,0,0,1,0,0,19,0,0,6,6,6,12.666666666666666,0,0,6,8,6,14.375,0,12.4,0.5,1.79,13.520833333333332,12,1.708333333333334,12,1.0
2,51,1,8014,0,19,133.1,1,37,37,9,9,104.0,0,0,1,1,0,0,42,0,5,11,14,10,11.9,0,5,11,14,10,12.8,0,11.1,0.6,2.02,12.350000000000001,20,0.9000000000000004,22,0.9090909090909091
1,39,1,9003,1,12,133.1,1,37,19,9,10,120.0,0,0,0,1,1,0,58,0,0,6,9,0,0.0,0,0,6,6,0,0.0,0,13.9,-0.3,0.79,0.0,0,0.0,12,0.0
1,17,2,9670,1,1,110.0,1,1,1,4,10,115.3,1,0,0,1,1,0,19,0,0,6,8,6,13.857142857142858,0,0,6,8,5,13.0,0,15.5,2.8,-4.06,13.428571428571429,11,-0.8571428571428577,12,0.9166666666666666
